leaked_bits,sigma,m,seed,epochs,cnn_test_bit_accuracy,cnn_test_prefix_accuracy,cnn_test_exact_prefixes,oracle_hnp_key_recovered,cnn_hnp_key_recovered,hnp_backend,oracle_hnp_runtime_seconds,cnn_hnp_runtime_seconds,oracle_hnp_error,cnn_hnp_error
8,0.0,40,1000,,1.0,1.0,40,,False,fpylll,,0.0921709180001926,,
10,0.0,40,1000,,1.0,1.0,40,,True,fpylll,,0.0909334569996644,,
12,0.0,40,1000,,1.0,1.0,40,,True,fpylll,,0.0923368290004873,,
14,0.0,40,1000,,1.0,1.0,40,,True,fpylll,,0.1254990560000806,,
8,0.05,40,1000,,1.0,1.0,40,,False,fpylll,,0.1587364529996193,,
10,0.05,40,1000,,1.0,1.0,40,,True,fpylll,,0.0972201940003287,,
12,0.05,40,1000,,1.0,1.0,40,,True,fpylll,,0.0932035179994272,,
14,0.05,40,1000,,1.0,1.0,40,,True,fpylll,,0.1005779659999461,,
8,0.1,40,1000,,1.0,1.0,40,,False,fpylll,,0.0922321030002422,,
10,0.1,40,1000,,1.0,1.0,40,,True,fpylll,,0.4101605340001697,,
12,0.1,40,1000,,1.0,1.0,40,,True,fpylll,,0.0965020540006662,,
14,0.1,40,1000,,1.0,1.0,40,,True,fpylll,,0.0941264469993257,,
8,0.15,40,1000,,1.0,1.0,40,,False,fpylll,,0.0944862179994743,,
10,0.15,40,1000,,1.0,1.0,40,,True,fpylll,,0.1962818249994598,,
12,0.15,40,1000,,1.0,1.0,40,,True,fpylll,,0.0958187930000349,,
14,0.15,40,1000,,1.0,1.0,40,,True,fpylll,,0.0937720650008486,,
8,0.2,40,1000,,0.9875,0.95,38,,False,fpylll,,0.4045211869997729,,
10,0.2,40,1000,,0.985,0.9,36,,True,fpylll,,0.1100097720000121,,
12,0.2,40,1000,,0.9833333333333332,0.875,35,,True,fpylll,,0.1137500189997808,,
14,0.2,40,1000,,0.9839285714285714,0.875,35,,True,fpylll,,0.1193662650002806,,
8,0.0,40,1001,,1.0,1.0,40,,False,fpylll,,0.1060590819997742,,
10,0.0,40,1001,,1.0,1.0,40,,True,fpylll,,0.1072043359999952,,
12,0.0,40,1001,,1.0,1.0,40,,True,fpylll,,0.0951512609999554,,
14,0.0,40,1001,,1.0,1.0,40,,True,fpylll,,0.091682899999796,,
8,0.05,40,1001,,1.0,1.0,40,,False,fpylll,,0.1004151500001171,,
10,0.05,40,1001,,1.0,1.0,40,,True,fpylll,,0.09705966599995,,
12,0.05,40,1001,,1.0,1.0,40,,True,fpylll,,0.0993111509997106,,
14,0.05,40,1001,,1.0,1.0,40,,True,fpylll,,0.1136346439998305,,
8,0.1,40,1001,,1.0,1.0,40,,False,fpylll,,0.0936155640001743,,
10,0.1,40,1001,,1.0,1.0,40,,True,fpylll,,0.0952268069995625,,
12,0.1,40,1001,,1.0,1.0,40,,True,fpylll,,0.0947433540004567,,
14,0.1,40,1001,,1.0,1.0,40,,True,fpylll,,0.1109210519998669,,
8,0.15,40,1001,,1.0,1.0,40,,False,fpylll,,0.0933729800008222,,
10,0.15,40,1001,,1.0,1.0,40,,True,fpylll,,0.1134446320002098,,
12,0.15,40,1001,,1.0,1.0,40,,True,fpylll,,0.0954910339996786,,
14,0.15,40,1001,,1.0,1.0,40,,True,fpylll,,0.1047034909997819,,
8,0.2,40,1001,,0.99375,0.975,39,,False,fpylll,,0.1218930140003067,,
10,0.2,40,1001,,0.995,0.975,39,,True,fpylll,,0.1153425679995052,,
12,0.2,40,1001,,0.9958333333333332,0.975,39,,True,fpylll,,0.1000077459993917,,
14,0.2,40,1001,,0.9928571428571428,0.95,38,,True,fpylll,,0.0969194230001448,,
8,0.0,40,1002,,1.0,1.0,40,,False,fpylll,,0.1085095220005314,,
10,0.0,40,1002,,1.0,1.0,40,,True,fpylll,,0.0967463020006107,,
12,0.0,40,1002,,1.0,1.0,40,,True,fpylll,,0.0915196309997554,,
14,0.0,40,1002,,1.0,1.0,40,,True,fpylll,,0.0882919779996882,,
8,0.05,40,1002,,1.0,1.0,40,,False,fpylll,,0.0929099199993288,,
10,0.05,40,1002,,1.0,1.0,40,,True,fpylll,,0.0960072770003535,,
12,0.05,40,1002,,1.0,1.0,40,,True,fpylll,,0.0918680080003468,,
14,0.05,40,1002,,1.0,1.0,40,,True,fpylll,,0.0910697740000614,,
8,0.1,40,1002,,1.0,1.0,40,,False,fpylll,,0.101326961000268,,
10,0.1,40,1002,,1.0,1.0,40,,True,fpylll,,0.0940461789996334,,
12,0.1,40,1002,,1.0,1.0,40,,True,fpylll,,0.0941340939998554,,
14,0.1,40,1002,,1.0,1.0,40,,True,fpylll,,0.090685705999931,,
8,0.15,40,1002,,1.0,1.0,40,,False,fpylll,,0.098184516999936,,
10,0.15,40,1002,,1.0,1.0,40,,True,fpylll,,0.0978026970005885,,
12,0.15,40,1002,,1.0,1.0,40,,True,fpylll,,0.0930476589992395,,
14,0.15,40,1002,,1.0,1.0,40,,True,fpylll,,0.0899530500000764,,
8,0.2,40,1002,,0.99375,0.975,39,,False,fpylll,,0.0930934340003659,,
10,0.2,40,1002,,0.9875,0.925,37,,True,fpylll,,0.09050266200029,,
12,0.2,40,1002,,0.9875,0.925,37,,True,fpylll,,0.0915046340005574,,
14,0.2,40,1002,,0.9892857142857144,0.925,37,,True,fpylll,,0.08986067800015,,
8,0.0,40,1003,,1.0,1.0,40,,False,fpylll,,0.0961709829998653,,
10,0.0,40,1003,,1.0,1.0,40,,True,fpylll,,0.0914282860003368,,
12,0.0,40,1003,,1.0,1.0,40,,True,fpylll,,0.0973183050000443,,
14,0.0,40,1003,,1.0,1.0,40,,True,fpylll,,0.1614849560000948,,
8,0.05,40,1003,,1.0,1.0,40,,False,fpylll,,0.0947155300000304,,
10,0.05,40,1003,,1.0,1.0,40,,True,fpylll,,0.0908985430005486,,
12,0.05,40,1003,,1.0,1.0,40,,True,fpylll,,0.0948406959996646,,
14,0.05,40,1003,,1.0,1.0,40,,True,fpylll,,0.0913060760003645,,
8,0.1,40,1003,,1.0,1.0,40,,False,fpylll,,0.0918129789997692,,
10,0.1,40,1003,,1.0,1.0,40,,True,fpylll,,0.1035360700007004,,
12,0.1,40,1003,,1.0,1.0,40,,True,fpylll,,0.0944711590000224,,
14,0.1,40,1003,,1.0,1.0,40,,True,fpylll,,0.0966488699996261,,
8,0.15,40,1003,,1.0,1.0,40,,False,fpylll,,0.0966878429999269,,
10,0.15,40,1003,,1.0,1.0,40,,True,fpylll,,0.1134277889996155,,
12,0.15,40,1003,,0.9979166666666668,0.975,39,,True,fpylll,,0.0926989660001709,,
14,0.15,40,1003,,0.9964285714285714,0.975,39,,True,fpylll,,0.0933216550001816,,
8,0.2,40,1003,,1.0,1.0,40,,False,fpylll,,0.1076536360005775,,
10,0.2,40,1003,,0.995,0.95,38,,True,fpylll,,0.1128743150002264,,
12,0.2,40,1003,,0.98125,0.85,34,,True,fpylll,,0.1001959300001544,,
14,0.2,40,1003,,0.9821428571428572,0.85,34,,True,fpylll,,0.6302635860001828,,
8,0.0,40,1004,,1.0,1.0,40,,False,fpylll,,0.1296080720003374,,
10,0.0,40,1004,,1.0,1.0,40,,True,fpylll,,0.2390512929996475,,
12,0.0,40,1004,,1.0,1.0,40,,True,fpylll,,0.1063022869993801,,
14,0.0,40,1004,,1.0,1.0,40,,True,fpylll,,0.1011898719998498,,
8,0.05,40,1004,,1.0,1.0,40,,False,fpylll,,0.1219154680002247,,
10,0.05,40,1004,,1.0,1.0,40,,True,fpylll,,0.1175421550005921,,
12,0.05,40,1004,,1.0,1.0,40,,True,fpylll,,0.1038276899998891,,
14,0.05,40,1004,,1.0,1.0,40,,True,fpylll,,0.1140391520002594,,
8,0.1,40,1004,,1.0,1.0,40,,False,fpylll,,0.0959079020003628,,
10,0.1,40,1004,,1.0,1.0,40,,True,fpylll,,0.123122512000009,,
12,0.1,40,1004,,1.0,1.0,40,,True,fpylll,,0.0971809669999856,,
14,0.1,40,1004,,1.0,1.0,40,,True,fpylll,,0.1250425859998358,,
8,0.15,40,1004,,1.0,1.0,40,,False,fpylll,,0.1131460999995397,,
10,0.15,40,1004,,1.0,1.0,40,,True,fpylll,,0.0943134629997075,,
12,0.15,40,1004,,1.0,1.0,40,,True,fpylll,,0.0936350249994575,,
14,0.15,40,1004,,1.0,1.0,40,,True,fpylll,,0.0921012830003746,,
8,0.2,40,1004,,0.99375,0.975,39,,False,fpylll,,0.1415482989996235,,
10,0.2,40,1004,,0.995,0.975,39,,True,fpylll,,0.1712660379998851,,
12,0.2,40,1004,,0.99375,0.95,38,,True,fpylll,,0.0977050090004922,,
14,0.2,40,1004,,0.9928571428571428,0.95,38,,True,fpylll,,0.2565497919995323,,
8,0.0,40,1005,,1.0,1.0,40,,False,fpylll,,0.1353595609998592,,
10,0.0,40,1005,,1.0,1.0,40,,True,fpylll,,0.0937545199994929,,
12,0.0,40,1005,,1.0,1.0,40,,True,fpylll,,0.0932162639992384,,
14,0.0,40,1005,,1.0,1.0,40,,True,fpylll,,0.0943846089994622,,
8,0.05,40,1005,,1.0,1.0,40,,False,fpylll,,0.0932742019995203,,
10,0.05,40,1005,,1.0,1.0,40,,True,fpylll,,0.133933512999647,,
12,0.05,40,1005,,1.0,1.0,40,,True,fpylll,,0.1031146779996561,,
14,0.05,40,1005,,1.0,1.0,40,,True,fpylll,,0.0992034820001208,,
8,0.1,40,1005,,1.0,1.0,40,,False,fpylll,,0.1074987969996073,,
10,0.1,40,1005,,1.0,1.0,40,,True,fpylll,,0.0946612539992202,,
12,0.1,40,1005,,1.0,1.0,40,,True,fpylll,,0.0970280130004539,,
14,0.1,40,1005,,1.0,1.0,40,,True,fpylll,,0.1273028479999993,,
8,0.15,40,1005,,1.0,1.0,40,,False,fpylll,,0.0941386539998347,,
10,0.15,40,1005,,1.0,1.0,40,,True,fpylll,,0.0919475720002083,,
12,0.15,40,1005,,1.0,1.0,40,,True,fpylll,,0.1051802440006213,,
14,0.15,40,1005,,1.0,1.0,40,,True,fpylll,,0.0912654669991752,,
8,0.2,40,1005,,0.984375,0.925,37,,False,fpylll,,0.0941216870005519,,
10,0.2,40,1005,,0.985,0.925,37,,True,fpylll,,0.0967693439997674,,
12,0.2,40,1005,,0.9875,0.925,37,,True,fpylll,,0.1227252540002155,,
14,0.2,40,1005,,0.9892857142857144,0.925,37,,True,fpylll,,0.0953971190001539,,
8,0.0,40,1006,,1.0,1.0,40,,False,fpylll,,0.0907870900000489,,
10,0.0,40,1006,,1.0,1.0,40,,True,fpylll,,0.1092655069996908,,
12,0.0,40,1006,,1.0,1.0,40,,True,fpylll,,0.6682637630001409,,
14,0.0,40,1006,,1.0,1.0,40,,True,fpylll,,0.0963048679996063,,
8,0.05,40,1006,,1.0,1.0,40,,False,fpylll,,0.0975239789995612,,
10,0.05,40,1006,,1.0,1.0,40,,True,fpylll,,0.1128038729993932,,
12,0.05,40,1006,,1.0,1.0,40,,True,fpylll,,0.1394482850000713,,
14,0.05,40,1006,,1.0,1.0,40,,True,fpylll,,0.107792122000319,,
8,0.1,40,1006,,1.0,1.0,40,,False,fpylll,,0.091143835999901,,
10,0.1,40,1006,,1.0,1.0,40,,True,fpylll,,0.1045082860000548,,
12,0.1,40,1006,,1.0,1.0,40,,True,fpylll,,0.1048459949997777,,
14,0.1,40,1006,,1.0,1.0,40,,True,fpylll,,0.1131554389994562,,
8,0.15,40,1006,,1.0,1.0,40,,False,fpylll,,0.0999837089993889,,
10,0.15,40,1006,,1.0,1.0,40,,True,fpylll,,0.1199233800007277,,
12,0.15,40,1006,,1.0,1.0,40,,True,fpylll,,0.0999917999997705,,
14,0.15,40,1006,,1.0,1.0,40,,True,fpylll,,0.1064560309996522,,
8,0.2,40,1006,,0.984375,0.925,37,,False,fpylll,,0.0922338749996924,,
10,0.2,40,1006,,0.985,0.925,37,,True,fpylll,,0.0943491610005367,,
12,0.2,40,1006,,0.9875,0.925,37,,True,fpylll,,0.0894633440002508,,
14,0.2,40,1006,,0.9892857142857144,0.925,37,,True,fpylll,,0.1045559150006738,,
8,0.0,40,1007,,1.0,1.0,40,,False,fpylll,,0.0898640159994101,,
10,0.0,40,1007,,1.0,1.0,40,,True,fpylll,,0.0950746070002424,,
12,0.0,40,1007,,1.0,1.0,40,,True,fpylll,,0.0925605950005774,,
14,0.0,40,1007,,1.0,1.0,40,,True,fpylll,,0.0903586240001459,,
8,0.05,40,1007,,1.0,1.0,40,,False,fpylll,,0.0913314749996061,,
10,0.05,40,1007,,1.0,1.0,40,,True,fpylll,,0.1081353039999157,,
12,0.05,40,1007,,1.0,1.0,40,,True,fpylll,,0.1042734289994768,,
14,0.05,40,1007,,1.0,1.0,40,,True,fpylll,,0.0946059990001231,,
8,0.1,40,1007,,1.0,1.0,40,,False,fpylll,,0.1190649469999698,,
10,0.1,40,1007,,1.0,1.0,40,,True,fpylll,,0.3317027869998128,,
12,0.1,40,1007,,1.0,1.0,40,,True,fpylll,,0.094319544999962,,
14,0.1,40,1007,,1.0,1.0,40,,True,fpylll,,0.1006531399998493,,
8,0.15,40,1007,,1.0,1.0,40,,False,fpylll,,0.1265428149999934,,
10,0.15,40,1007,,0.995,0.975,39,,True,fpylll,,0.0926956049997898,,
12,0.15,40,1007,,0.9958333333333332,0.975,39,,True,fpylll,,0.1063086909998674,,
14,0.15,40,1007,,0.9964285714285714,0.975,39,,True,fpylll,,0.094487692000257,,
8,0.2,40,1007,,0.990625,0.95,38,,False,fpylll,,0.0915749340001639,,
10,0.2,40,1007,,0.985,0.925,37,,True,fpylll,,0.104260854000131,,
12,0.2,40,1007,,0.9875,0.925,37,,True,fpylll,,0.0927513229999021,,
14,0.2,40,1007,,0.9875,0.9,36,,True,fpylll,,0.0899528179998014,,
8,0.0,40,1008,,1.0,1.0,40,,False,fpylll,,0.1075037270002212,,
10,0.0,40,1008,,1.0,1.0,40,,True,fpylll,,0.1028056820005076,,
12,0.0,40,1008,,1.0,1.0,40,,True,fpylll,,0.091924354999719,,
14,0.0,40,1008,,1.0,1.0,40,,True,fpylll,,0.0900485580004897,,
8,0.05,40,1008,,1.0,1.0,40,,False,fpylll,,0.0891109760004837,,
10,0.05,40,1008,,1.0,1.0,40,,True,fpylll,,0.0982266930004698,,
12,0.05,40,1008,,1.0,1.0,40,,True,fpylll,,0.1255148569998709,,
14,0.05,40,1008,,1.0,1.0,40,,True,fpylll,,0.1393096029996741,,
8,0.1,40,1008,,1.0,1.0,40,,False,fpylll,,0.2054208409999773,,
10,0.1,40,1008,,1.0,1.0,40,,True,fpylll,,0.1074144620006336,,
12,0.1,40,1008,,1.0,1.0,40,,True,fpylll,,0.0969630569998116,,
14,0.1,40,1008,,1.0,1.0,40,,True,fpylll,,0.1033856149997518,,
8,0.15,40,1008,,1.0,1.0,40,,False,fpylll,,0.0938635029997385,,
10,0.15,40,1008,,1.0,1.0,40,,True,fpylll,,0.092285379999339,,
12,0.15,40,1008,,1.0,1.0,40,,True,fpylll,,0.0980308910002349,,
14,0.15,40,1008,,1.0,1.0,40,,True,fpylll,,0.0966227879998768,,
8,0.2,40,1008,,0.990625,0.95,38,,False,fpylll,,0.0902746589999878,,
10,0.2,40,1008,,0.985,0.925,37,,True,fpylll,,0.0919489820007584,,
12,0.2,40,1008,,0.9875,0.925,37,,True,fpylll,,0.0886603359995206,,
14,0.2,40,1008,,0.9892857142857144,0.925,37,,True,fpylll,,0.0920803279996107,,
8,0.0,40,1009,,1.0,1.0,40,,False,fpylll,,0.092778752000413,,
10,0.0,40,1009,,1.0,1.0,40,,True,fpylll,,0.0888127719999829,,
12,0.0,40,1009,,1.0,1.0,40,,True,fpylll,,0.0918115519998536,,
14,0.0,40,1009,,1.0,1.0,40,,True,fpylll,,0.094554199000413,,
8,0.05,40,1009,,1.0,1.0,40,,False,fpylll,,0.0934700060006434,,
10,0.05,40,1009,,1.0,1.0,40,,True,fpylll,,0.0973852650004118,,
12,0.05,40,1009,,1.0,1.0,40,,True,fpylll,,0.0906422540001585,,
14,0.05,40,1009,,1.0,1.0,40,,True,fpylll,,0.0925875370003268,,
8,0.1,40,1009,,1.0,1.0,40,,False,fpylll,,0.0978919789995416,,
10,0.1,40,1009,,1.0,1.0,40,,True,fpylll,,0.0939329760003602,,
12,0.1,40,1009,,1.0,1.0,40,,True,fpylll,,0.1080985889993826,,
14,0.1,40,1009,,1.0,1.0,40,,True,fpylll,,0.1130444509999506,,
8,0.15,40,1009,,1.0,1.0,40,,False,fpylll,,0.1040089250000164,,
10,0.15,40,1009,,1.0,1.0,40,,True,fpylll,,0.0929229359999226,,
12,0.15,40,1009,,1.0,1.0,40,,True,fpylll,,0.0997413719996984,,
14,0.15,40,1009,,1.0,1.0,40,,True,fpylll,,0.091277737999917,,
8,0.2,40,1009,,0.984375,0.95,38,,False,fpylll,,0.0901397150000775,,
10,0.2,40,1009,,0.9875,0.95,38,,True,fpylll,,0.0918064679999588,,
12,0.2,40,1009,,0.9854166666666668,0.925,37,,True,fpylll,,0.0918072750000646,,
14,0.2,40,1009,,0.9857142857142858,0.925,37,,True,fpylll,,0.1781271109994122,,
8,0.0,40,1010,,1.0,1.0,40,,False,fpylll,,0.0952934920005645,,
10,0.0,40,1010,,1.0,1.0,40,,True,fpylll,,0.0942921050000222,,
12,0.0,40,1010,,1.0,1.0,40,,True,fpylll,,0.0977744889996756,,
14,0.0,40,1010,,1.0,1.0,40,,True,fpylll,,0.1012896139991426,,
8,0.05,40,1010,,1.0,1.0,40,,False,fpylll,,0.0934298659994965,,
10,0.05,40,1010,,1.0,1.0,40,,True,fpylll,,0.0920655529998839,,
12,0.05,40,1010,,1.0,1.0,40,,True,fpylll,,0.1205188190006083,,
14,0.05,40,1010,,1.0,1.0,40,,True,fpylll,,0.1237481959997239,,
8,0.1,40,1010,,1.0,1.0,40,,False,fpylll,,0.0905089700008829,,
10,0.1,40,1010,,1.0,1.0,40,,True,fpylll,,0.0930973699996684,,
12,0.1,40,1010,,1.0,1.0,40,,True,fpylll,,0.0940696389998265,,
14,0.1,40,1010,,1.0,1.0,40,,True,fpylll,,0.0929420820002633,,
8,0.15,40,1010,,1.0,1.0,40,,False,fpylll,,0.0899086740000711,,
10,0.15,40,1010,,1.0,1.0,40,,True,fpylll,,0.0960359040000184,,
12,0.15,40,1010,,1.0,1.0,40,,True,fpylll,,0.0959307459997944,,
14,0.15,40,1010,,1.0,1.0,40,,True,fpylll,,0.0943718079997779,,
8,0.2,40,1010,,0.98125,0.925,37,,False,fpylll,,0.1035041140003159,,
10,0.2,40,1010,,0.9825,0.925,37,,True,fpylll,,0.1047606410002117,,
12,0.2,40,1010,,0.9854166666666668,0.925,37,,True,fpylll,,0.1571615160000874,,
14,0.2,40,1010,,0.9875,0.925,37,,True,fpylll,,0.1064741099999082,,
8,0.0,40,1011,,1.0,1.0,40,,False,fpylll,,0.0982310469998992,,
10,0.0,40,1011,,1.0,1.0,40,,True,fpylll,,0.0950553619995844,,
12,0.0,40,1011,,1.0,1.0,40,,True,fpylll,,0.0995643910000581,,
14,0.0,40,1011,,1.0,1.0,40,,True,fpylll,,0.147196253000402,,
8,0.05,40,1011,,1.0,1.0,40,,False,fpylll,,0.1141296269997838,,
10,0.05,40,1011,,1.0,1.0,40,,True,fpylll,,0.1406669669995608,,
12,0.05,40,1011,,1.0,1.0,40,,True,fpylll,,0.1464189409998653,,
14,0.05,40,1011,,1.0,1.0,40,,True,fpylll,,0.126233824999872,,
8,0.1,40,1011,,1.0,1.0,40,,False,fpylll,,0.2626810230003684,,
10,0.1,40,1011,,1.0,1.0,40,,True,fpylll,,0.0964415850003206,,
12,0.1,40,1011,,1.0,1.0,40,,True,fpylll,,0.1127760039998975,,
14,0.1,40,1011,,1.0,1.0,40,,True,fpylll,,0.0958915350001916,,
8,0.15,40,1011,,1.0,1.0,40,,False,fpylll,,0.0974658149998504,,
10,0.15,40,1011,,1.0,1.0,40,,True,fpylll,,0.1228325000001859,,
12,0.15,40,1011,,1.0,1.0,40,,True,fpylll,,0.1037994099997376,,
14,0.15,40,1011,,1.0,1.0,40,,True,fpylll,,0.0929683629992723,,
8,0.2,40,1011,,0.99375,0.95,38,,False,fpylll,,0.0914792079993276,,
10,0.2,40,1011,,0.99,0.925,37,,True,fpylll,,0.0933831980000832,,
12,0.2,40,1011,,0.9875,0.925,37,,True,fpylll,,0.09574524799973,,
14,0.2,40,1011,,0.9892857142857144,0.925,37,,True,fpylll,,0.1135887390000789,,
8,0.0,40,1012,,1.0,1.0,40,,False,fpylll,,0.1086932440002783,,
10,0.0,40,1012,,1.0,1.0,40,,True,fpylll,,0.0957982890004132,,
12,0.0,40,1012,,1.0,1.0,40,,True,fpylll,,0.0959628629998405,,
14,0.0,40,1012,,1.0,1.0,40,,True,fpylll,,0.6575112519994946,,
8,0.05,40,1012,,1.0,1.0,40,,False,fpylll,,0.148031584999444,,
10,0.05,40,1012,,1.0,1.0,40,,True,fpylll,,0.6227053560005515,,
12,0.05,40,1012,,1.0,1.0,40,,True,fpylll,,0.3566695570007141,,
14,0.05,40,1012,,1.0,1.0,40,,True,fpylll,,2.245633907999945,,
8,0.1,40,1012,,1.0,1.0,40,,False,fpylll,,0.4661043719997906,,
10,0.1,40,1012,,1.0,1.0,40,,True,fpylll,,1.5142632440001762,,
12,0.1,40,1012,,1.0,1.0,40,,True,fpylll,,0.5564057650008181,,
14,0.1,40,1012,,1.0,1.0,40,,True,fpylll,,0.1198576910001065,,
8,0.15,40,1012,,1.0,1.0,40,,False,fpylll,,0.1011286419998214,,
10,0.15,40,1012,,1.0,1.0,40,,True,fpylll,,0.128947696999603,,
12,0.15,40,1012,,1.0,1.0,40,,True,fpylll,,0.2021368599998823,,
14,0.15,40,1012,,1.0,1.0,40,,True,fpylll,,0.1208073560001139,,
8,0.2,40,1012,,0.9875,0.95,38,,False,fpylll,,0.1658218549991943,,
10,0.2,40,1012,,0.99,0.95,38,,True,fpylll,,0.0998835219998,,
12,0.2,40,1012,,0.9854166666666668,0.9,36,,True,fpylll,,0.0936511970003266,,
14,0.2,40,1012,,0.9857142857142858,0.9,36,,True,fpylll,,0.0965892780004651,,
8,0.0,40,1013,,1.0,1.0,40,,False,fpylll,,0.0982804300001589,,
10,0.0,40,1013,,1.0,1.0,40,,True,fpylll,,0.0936011889998553,,
12,0.0,40,1013,,1.0,1.0,40,,True,fpylll,,0.1079898019997926,,
14,0.0,40,1013,,1.0,1.0,40,,True,fpylll,,0.1108049990007202,,
8,0.05,40,1013,,1.0,1.0,40,,False,fpylll,,0.1057880609996573,,
10,0.05,40,1013,,1.0,1.0,40,,True,fpylll,,0.097359002000303,,
12,0.05,40,1013,,1.0,1.0,40,,True,fpylll,,0.0948404450000452,,
14,0.05,40,1013,,1.0,1.0,40,,True,fpylll,,0.1120537799997691,,
8,0.1,40,1013,,1.0,1.0,40,,False,fpylll,,0.092902301000322,,
10,0.1,40,1013,,1.0,1.0,40,,True,fpylll,,0.0937638830000651,,
12,0.1,40,1013,,1.0,1.0,40,,True,fpylll,,0.0944428530001459,,
14,0.1,40,1013,,1.0,1.0,40,,True,fpylll,,0.0903370169999107,,
8,0.15,40,1013,,1.0,1.0,40,,False,fpylll,,0.1370269749995714,,
10,0.15,40,1013,,1.0,1.0,40,,True,fpylll,,0.1053669569992052,,
12,0.15,40,1013,,1.0,1.0,40,,True,fpylll,,0.0936034110000036,,
14,0.15,40,1013,,1.0,1.0,40,,True,fpylll,,0.0926364239994654,,
8,0.2,40,1013,,0.96875,0.85,34,,False,fpylll,,0.0918048100002124,,
10,0.2,40,1013,,0.97,0.85,34,,True,fpylll,,0.1225192140000217,,
12,0.2,40,1013,,0.9729166666666668,0.85,34,,True,fpylll,,0.1005776450001576,,
14,0.2,40,1013,,0.975,0.85,34,,True,fpylll,,0.0968136740002592,,
8,0.0,40,1014,,1.0,1.0,40,,False,fpylll,,0.0905484810000416,,
10,0.0,40,1014,,1.0,1.0,40,,True,fpylll,,0.1066258559994821,,
12,0.0,40,1014,,1.0,1.0,40,,True,fpylll,,0.0940047590001995,,
14,0.0,40,1014,,1.0,1.0,40,,True,fpylll,,0.1151535070002864,,
8,0.05,40,1014,,1.0,1.0,40,,False,fpylll,,0.0931009639998592,,
10,0.05,40,1014,,1.0,1.0,40,,True,fpylll,,0.0954527989997586,,
12,0.05,40,1014,,1.0,1.0,40,,True,fpylll,,0.0938714959993376,,
14,0.05,40,1014,,1.0,1.0,40,,True,fpylll,,0.0898530069998742,,
8,0.1,40,1014,,1.0,1.0,40,,False,fpylll,,0.0932182619999366,,
10,0.1,40,1014,,1.0,1.0,40,,True,fpylll,,0.095899380999981,,
12,0.1,40,1014,,1.0,1.0,40,,True,fpylll,,0.0927468769996266,,
14,0.1,40,1014,,1.0,1.0,40,,True,fpylll,,1.88307529299982,,
8,0.15,40,1014,,1.0,1.0,40,,False,fpylll,,0.1237055660003534,,
10,0.15,40,1014,,1.0,1.0,40,,True,fpylll,,0.2406588260000717,,
12,0.15,40,1014,,1.0,1.0,40,,True,fpylll,,0.2872475060003125,,
14,0.15,40,1014,,1.0,1.0,40,,True,fpylll,,0.4605150220004361,,
8,0.2,40,1014,,0.9875,0.95,38,,False,fpylll,,0.1916205299994544,,
10,0.2,40,1014,,0.99,0.95,38,,True,fpylll,,1.5873527760004436,,
12,0.2,40,1014,,0.9916666666666668,0.95,38,,True,fpylll,,0.3115889599994261,,
14,0.2,40,1014,,0.9928571428571428,0.95,38,,True,fpylll,,0.100276529000439,,
8,0.0,40,1015,,1.0,1.0,40,,False,fpylll,,0.0949986420000641,,
10,0.0,40,1015,,1.0,1.0,40,,True,fpylll,,0.1055491919996711,,
12,0.0,40,1015,,1.0,1.0,40,,True,fpylll,,0.1103426789995865,,
14,0.0,40,1015,,1.0,1.0,40,,True,fpylll,,0.0895000789996629,,
8,0.05,40,1015,,1.0,1.0,40,,False,fpylll,,0.1096658450005634,,
10,0.05,40,1015,,1.0,1.0,40,,True,fpylll,,0.0935858650000227,,
12,0.05,40,1015,,1.0,1.0,40,,True,fpylll,,0.1105257790004543,,
14,0.05,40,1015,,1.0,1.0,40,,True,fpylll,,0.0995316520002234,,
8,0.1,40,1015,,1.0,1.0,40,,False,fpylll,,0.0995297010003923,,
10,0.1,40,1015,,1.0,1.0,40,,True,fpylll,,0.1059226679999483,,
12,0.1,40,1015,,1.0,1.0,40,,True,fpylll,,0.1176267470000311,,
14,0.1,40,1015,,1.0,1.0,40,,True,fpylll,,0.0919046540002455,,
8,0.15,40,1015,,1.0,1.0,40,,False,fpylll,,0.095409921999817,,
10,0.15,40,1015,,1.0,1.0,40,,True,fpylll,,0.5028370019999784,,
12,0.15,40,1015,,1.0,1.0,40,,True,fpylll,,0.3621530050004367,,
14,0.15,40,1015,,1.0,1.0,40,,True,fpylll,,0.1080179529999441,,
8,0.2,40,1015,,1.0,1.0,40,,False,fpylll,,0.1073842509995302,,
10,0.2,40,1015,,0.995,0.95,38,,True,fpylll,,0.1185813479996795,,
12,0.2,40,1015,,0.9916666666666668,0.95,38,,True,fpylll,,0.9615738920001604,,
14,0.2,40,1015,,0.9928571428571428,0.95,38,,True,fpylll,,0.3267184719998113,,
8,0.0,40,1016,,1.0,1.0,40,,False,fpylll,,0.1167119820001971,,
10,0.0,40,1016,,1.0,1.0,40,,True,fpylll,,0.9096496430001936,,
12,0.0,40,1016,,1.0,1.0,40,,True,fpylll,,0.1112048220002179,,
14,0.0,40,1016,,1.0,1.0,40,,True,fpylll,,0.1232640620000893,,
8,0.05,40,1016,,1.0,1.0,40,,False,fpylll,,0.1356233220003559,,
10,0.05,40,1016,,1.0,1.0,40,,True,fpylll,,0.1226562070005456,,
12,0.05,40,1016,,1.0,1.0,40,,True,fpylll,,0.1271921349998592,,
14,0.05,40,1016,,1.0,1.0,40,,True,fpylll,,0.1261867419998452,,
8,0.1,40,1016,,1.0,1.0,40,,False,fpylll,,0.6973098990001745,,
10,0.1,40,1016,,1.0,1.0,40,,True,fpylll,,0.1179216810005527,,
12,0.1,40,1016,,1.0,1.0,40,,True,fpylll,,0.1133304750001116,,
14,0.1,40,1016,,1.0,1.0,40,,True,fpylll,,0.1728239200001553,,
8,0.15,40,1016,,1.0,1.0,40,,False,fpylll,,0.240486552999755,,
10,0.15,40,1016,,1.0,1.0,40,,True,fpylll,,0.1166730639997695,,
12,0.15,40,1016,,1.0,1.0,40,,True,fpylll,,0.1160368330001802,,
14,0.15,40,1016,,1.0,1.0,40,,True,fpylll,,0.1236641000004965,,
8,0.2,40,1016,,1.0,1.0,40,,False,fpylll,,0.148335634000432,,
10,0.2,40,1016,,1.0,1.0,40,,True,fpylll,,0.1423846919997231,,
12,0.2,40,1016,,1.0,1.0,40,,True,fpylll,,0.1334764140001425,,
14,0.2,40,1016,,0.9982142857142856,0.975,39,,True,fpylll,,0.1141854000006787,,
8,0.0,40,1017,,1.0,1.0,40,,False,fpylll,,0.1276813920003405,,
10,0.0,40,1017,,1.0,1.0,40,,True,fpylll,,0.1902075790003436,,
12,0.0,40,1017,,1.0,1.0,40,,True,fpylll,,0.127610363999338,,
14,0.0,40,1017,,1.0,1.0,40,,True,fpylll,,0.1618121250003241,,
8,0.05,40,1017,,1.0,1.0,40,,False,fpylll,,0.1404655010001079,,
10,0.05,40,1017,,1.0,1.0,40,,True,fpylll,,0.1359612819996982,,
12,0.05,40,1017,,1.0,1.0,40,,True,fpylll,,0.215926980000404,,
14,0.05,40,1017,,1.0,1.0,40,,True,fpylll,,0.2448752290001721,,
8,0.1,40,1017,,1.0,1.0,40,,False,fpylll,,0.120456589999776,,
10,0.1,40,1017,,1.0,1.0,40,,True,fpylll,,0.1252620480008772,,
12,0.1,40,1017,,1.0,1.0,40,,True,fpylll,,0.1187058409996097,,
14,0.1,40,1017,,1.0,1.0,40,,True,fpylll,,0.1377723619998505,,
8,0.15,40,1017,,1.0,1.0,40,,False,fpylll,,0.1055424510004741,,
10,0.15,40,1017,,1.0,1.0,40,,True,fpylll,,0.1376935850003064,,
12,0.15,40,1017,,1.0,1.0,40,,True,fpylll,,0.1040300799995748,,
14,0.15,40,1017,,1.0,1.0,40,,True,fpylll,,0.0933662670004196,,
8,0.2,40,1017,,0.99375,0.975,39,,False,fpylll,,0.0913226689999646,,
10,0.2,40,1017,,0.9925,0.95,38,,True,fpylll,,0.0954581799996958,,
12,0.2,40,1017,,0.99375,0.95,38,,True,fpylll,,0.1278229529998498,,
14,0.2,40,1017,,0.9928571428571428,0.95,38,,True,fpylll,,0.0965769510003156,,
8,0.0,40,1018,,1.0,1.0,40,,False,fpylll,,2.5406527759996607,,
10,0.0,40,1018,,1.0,1.0,40,,True,fpylll,,0.099765837000632,,
12,0.0,40,1018,,1.0,1.0,40,,True,fpylll,,0.2348664729997835,,
14,0.0,40,1018,,1.0,1.0,40,,True,fpylll,,0.2509006800000861,,
8,0.05,40,1018,,1.0,1.0,40,,False,fpylll,,0.1082140889993752,,
10,0.05,40,1018,,1.0,1.0,40,,True,fpylll,,0.142195334000462,,
12,0.05,40,1018,,1.0,1.0,40,,True,fpylll,,0.1446663930000795,,
14,0.05,40,1018,,1.0,1.0,40,,True,fpylll,,0.0907180309995965,,
8,0.1,40,1018,,1.0,1.0,40,,False,fpylll,,0.1286905119995935,,
10,0.1,40,1018,,1.0,1.0,40,,True,fpylll,,0.1006741150004018,,
12,0.1,40,1018,,1.0,1.0,40,,True,fpylll,,0.0905396629996175,,
14,0.1,40,1018,,1.0,1.0,40,,True,fpylll,,0.0916864480004733,,
8,0.15,40,1018,,1.0,1.0,40,,False,fpylll,,0.0899618670000563,,
10,0.15,40,1018,,1.0,1.0,40,,True,fpylll,,0.0907642210004269,,
12,0.15,40,1018,,1.0,1.0,40,,True,fpylll,,0.0925259559999176,,
14,0.15,40,1018,,1.0,1.0,40,,True,fpylll,,0.4302633750003224,,
8,0.2,40,1018,,0.978125,0.9,36,,False,fpylll,,0.2041222859998015,,
10,0.2,40,1018,,0.9775,0.875,35,,True,fpylll,,0.1297526359994663,,
12,0.2,40,1018,,0.9791666666666666,0.875,35,,True,fpylll,,0.1398188540006231,,
14,0.2,40,1018,,0.9821428571428572,0.875,35,,True,fpylll,,0.0952282409998588,,
8,0.0,40,1019,,1.0,1.0,40,,False,fpylll,,0.0927319720003652,,
10,0.0,40,1019,,1.0,1.0,40,,True,fpylll,,0.1031183510003757,,
12,0.0,40,1019,,1.0,1.0,40,,True,fpylll,,0.106631135000498,,
14,0.0,40,1019,,1.0,1.0,40,,True,fpylll,,0.0996867280000515,,
8,0.05,40,1019,,1.0,1.0,40,,False,fpylll,,0.0984460390000094,,
10,0.05,40,1019,,1.0,1.0,40,,True,fpylll,,0.0968059900005755,,
12,0.05,40,1019,,1.0,1.0,40,,True,fpylll,,0.0971121519996813,,
14,0.05,40,1019,,1.0,1.0,40,,True,fpylll,,0.098948885000027,,
8,0.1,40,1019,,1.0,1.0,40,,False,fpylll,,0.0986407829996096,,
10,0.1,40,1019,,1.0,1.0,40,,True,fpylll,,0.1004332649999923,,
12,0.1,40,1019,,1.0,1.0,40,,True,fpylll,,0.1240965690003577,,
14,0.1,40,1019,,1.0,1.0,40,,True,fpylll,,0.0954527060002874,,
8,0.15,40,1019,,0.9875,0.95,38,,False,fpylll,,0.0992659859994091,,
10,0.15,40,1019,,0.99,0.95,38,,True,fpylll,,0.0995957349996388,,
12,0.15,40,1019,,0.9916666666666668,0.95,38,,True,fpylll,,0.0962631889997283,,
14,0.15,40,1019,,0.9928571428571428,0.95,38,,True,fpylll,,0.1041400739995879,,
8,0.2,40,1019,,0.971875,0.875,35,,False,fpylll,,0.157839435999449,,
10,0.2,40,1019,,0.9775,0.875,35,,True,fpylll,,0.0973584710000068,,
12,0.2,40,1019,,0.9791666666666666,0.875,35,,True,fpylll,,0.1124352700007875,,
14,0.2,40,1019,,0.9821428571428572,0.875,35,,True,fpylll,,0.0926362169993808,,
8,0.0,40,1020,,1.0,1.0,40,,False,fpylll,,0.0917324310003095,,
10,0.0,40,1020,,1.0,1.0,40,,True,fpylll,,0.0959213859996452,,
12,0.0,40,1020,,1.0,1.0,40,,True,fpylll,,0.0986124129995005,,
14,0.0,40,1020,,1.0,1.0,40,,True,fpylll,,0.0987045159999979,,
8,0.05,40,1020,,1.0,1.0,40,,False,fpylll,,0.1256772110000383,,
10,0.05,40,1020,,1.0,1.0,40,,True,fpylll,,0.0976567750003596,,
12,0.05,40,1020,,1.0,1.0,40,,True,fpylll,,0.1219517039999118,,
14,0.05,40,1020,,1.0,1.0,40,,True,fpylll,,0.1212939809993258,,
8,0.1,40,1020,,1.0,1.0,40,,False,fpylll,,0.098593271000027,,
10,0.1,40,1020,,1.0,1.0,40,,True,fpylll,,0.1057473840000966,,
12,0.1,40,1020,,1.0,1.0,40,,True,fpylll,,0.1315376939992347,,
14,0.1,40,1020,,1.0,1.0,40,,True,fpylll,,0.107832053000493,,
8,0.15,40,1020,,1.0,1.0,40,,False,fpylll,,0.0930929539999851,,
10,0.15,40,1020,,1.0,1.0,40,,True,fpylll,,0.0969149160000597,,
12,0.15,40,1020,,0.9979166666666668,0.975,39,,True,fpylll,,0.1321979619997364,,
14,0.15,40,1020,,0.9982142857142856,0.975,39,,True,fpylll,,0.1178150859996094,,
8,0.2,40,1020,,0.99375,0.975,39,,False,fpylll,,0.1393431040014547,,
10,0.2,40,1020,,0.995,0.975,39,,True,fpylll,,0.0963450640010705,,
12,0.2,40,1020,,0.99375,0.95,38,,True,fpylll,,0.2230009590002737,,
14,0.2,40,1020,,0.9928571428571428,0.925,37,,True,fpylll,,0.0915300749984453,,
8,0.0,40,1021,,1.0,1.0,40,,False,fpylll,,0.105344061001233,,
10,0.0,40,1021,,1.0,1.0,40,,True,fpylll,,0.104130272000475,,
12,0.0,40,1021,,1.0,1.0,40,,True,fpylll,,0.1235958890010806,,
14,0.0,40,1021,,1.0,1.0,40,,True,fpylll,,0.1218465000001742,,
8,0.05,40,1021,,1.0,1.0,40,,False,fpylll,,0.1291929910003091,,
10,0.05,40,1021,,1.0,1.0,40,,True,fpylll,,0.1245072379988414,,
12,0.05,40,1021,,1.0,1.0,40,,True,fpylll,,0.1021846109997568,,
14,0.05,40,1021,,1.0,1.0,40,,True,fpylll,,0.0980602470008307,,
8,0.1,40,1021,,1.0,1.0,40,,False,fpylll,,0.1031239029998687,,
10,0.1,40,1021,,1.0,1.0,40,,True,fpylll,,0.0979477330001827,,
12,0.1,40,1021,,1.0,1.0,40,,True,fpylll,,0.1154587649998575,,
14,0.1,40,1021,,1.0,1.0,40,,True,fpylll,,0.1111882799996237,,
8,0.15,40,1021,,1.0,1.0,40,,False,fpylll,,0.094973912999194,,
10,0.15,40,1021,,1.0,1.0,40,,True,fpylll,,0.1162751689989818,,
12,0.15,40,1021,,1.0,1.0,40,,True,fpylll,,0.1109802769988164,,
14,0.15,40,1021,,1.0,1.0,40,,True,fpylll,,0.1033762589995603,,
8,0.2,40,1021,,0.984375,0.925,37,,False,fpylll,,0.1010543359989242,,
10,0.2,40,1021,,0.985,0.925,37,,True,fpylll,,0.1303728389993921,,
12,0.2,40,1021,,0.9875,0.925,37,,True,fpylll,,0.1080022559999633,,
14,0.2,40,1021,,0.9892857142857144,0.925,37,,True,fpylll,,0.1360803449988452,,
8,0.0,40,1022,,1.0,1.0,40,,False,fpylll,,0.6332709429989336,,
10,0.0,40,1022,,1.0,1.0,40,,True,fpylll,,0.1327254579991859,,
12,0.0,40,1022,,1.0,1.0,40,,True,fpylll,,0.1258257019999291,,
14,0.0,40,1022,,1.0,1.0,40,,True,fpylll,,0.1222565640000539,,
8,0.05,40,1022,,1.0,1.0,40,,False,fpylll,,0.1242630460001237,,
10,0.05,40,1022,,1.0,1.0,40,,True,fpylll,,0.1116857290016923,,
12,0.05,40,1022,,1.0,1.0,40,,True,fpylll,,0.1226651879987912,,
14,0.05,40,1022,,1.0,1.0,40,,True,fpylll,,0.1327238550002221,,
8,0.1,40,1022,,1.0,1.0,40,,False,fpylll,,0.1352489839991904,,
10,0.1,40,1022,,1.0,1.0,40,,True,fpylll,,0.1594900370000687,,
12,0.1,40,1022,,1.0,1.0,40,,True,fpylll,,0.1403169479999633,,
14,0.1,40,1022,,1.0,1.0,40,,True,fpylll,,0.1488366760004282,,
8,0.15,40,1022,,1.0,1.0,40,,False,fpylll,,0.5398156079991168,,
10,0.15,40,1022,,0.995,0.95,38,,True,fpylll,,0.0952375340002618,,
12,0.15,40,1022,,0.9916666666666668,0.95,38,,True,fpylll,,0.0945822430003318,,
14,0.15,40,1022,,0.9928571428571428,0.95,38,,True,fpylll,,0.1024474210007611,,
8,0.2,40,1022,,0.9875,0.95,38,,False,fpylll,,0.0926233779991889,,
10,0.2,40,1022,,0.985,0.9,36,,True,fpylll,,0.0993770180011779,,
12,0.2,40,1022,,0.9791666666666666,0.875,35,,True,fpylll,,0.0937185200000385,,
14,0.2,40,1022,,0.9821428571428572,0.875,35,,True,fpylll,,0.101914515998942,,
8,0.0,40,1023,,1.0,1.0,40,,False,fpylll,,0.1628052750002098,,
10,0.0,40,1023,,1.0,1.0,40,,True,fpylll,,0.1451429709995864,,
12,0.0,40,1023,,1.0,1.0,40,,True,fpylll,,0.0945046600008936,,
14,0.0,40,1023,,1.0,1.0,40,,True,fpylll,,0.0983433719993627,,
8,0.05,40,1023,,1.0,1.0,40,,False,fpylll,,0.1138884150004742,,
10,0.05,40,1023,,1.0,1.0,40,,True,fpylll,,0.0973122199993667,,
12,0.05,40,1023,,1.0,1.0,40,,True,fpylll,,0.0949864750000415,,
14,0.05,40,1023,,1.0,1.0,40,,True,fpylll,,0.3052216189989849,,
8,0.1,40,1023,,1.0,1.0,40,,False,fpylll,,0.1173436610006319,,
10,0.1,40,1023,,1.0,1.0,40,,True,fpylll,,0.10116268999991,,
12,0.1,40,1023,,1.0,1.0,40,,True,fpylll,,0.098339580999891,,
14,0.1,40,1023,,1.0,1.0,40,,True,fpylll,,0.0936858119985117,,
8,0.15,40,1023,,1.0,1.0,40,,False,fpylll,,0.0980234790004033,,
10,0.15,40,1023,,1.0,1.0,40,,True,fpylll,,0.1086814360005519,,
12,0.15,40,1023,,1.0,1.0,40,,True,fpylll,,0.0972819459984748,,
14,0.15,40,1023,,1.0,1.0,40,,True,fpylll,,0.1055437100003473,,
8,0.2,40,1023,,1.0,1.0,40,,False,fpylll,,0.0971781560001545,,
10,0.2,40,1023,,1.0,1.0,40,,True,fpylll,,0.0981210259997169,,
12,0.2,40,1023,,1.0,1.0,40,,True,fpylll,,0.1034037520003039,,
14,0.2,40,1023,,0.9982142857142856,0.975,39,,True,fpylll,,0.0961436180004966,,
8,0.0,40,1024,,1.0,1.0,40,,False,fpylll,,0.1131728909986122,,
10,0.0,40,1024,,1.0,1.0,40,,True,fpylll,,0.259432888999072,,
12,0.0,40,1024,,1.0,1.0,40,,True,fpylll,,0.1480664770006114,,
14,0.0,40,1024,,1.0,1.0,40,,True,fpylll,,0.2369876369994017,,
8,0.05,40,1024,,1.0,1.0,40,,False,fpylll,,0.0985428530002536,,
10,0.05,40,1024,,1.0,1.0,40,,True,fpylll,,0.106509597000695,,
12,0.05,40,1024,,1.0,1.0,40,,True,fpylll,,0.0926749110003584,,
14,0.05,40,1024,,1.0,1.0,40,,True,fpylll,,0.1227252859989675,,
8,0.1,40,1024,,1.0,1.0,40,,False,fpylll,,0.1924220389992115,,
10,0.1,40,1024,,1.0,1.0,40,,True,fpylll,,0.0964036290006333,,
12,0.1,40,1024,,1.0,1.0,40,,True,fpylll,,0.0978842709992022,,
14,0.1,40,1024,,1.0,1.0,40,,True,fpylll,,0.102149577000091,,
8,0.15,40,1024,,1.0,1.0,40,,False,fpylll,,0.0915992070003994,,
10,0.15,40,1024,,1.0,1.0,40,,True,fpylll,,0.0940784329995949,,
12,0.15,40,1024,,1.0,1.0,40,,True,fpylll,,0.1292396389999339,,
14,0.15,40,1024,,1.0,1.0,40,,True,fpylll,,0.0977332400016166,,
8,0.2,40,1024,,0.99375,0.975,39,,False,fpylll,,0.0965502019989799,,
10,0.2,40,1024,,0.995,0.975,39,,True,fpylll,,0.0958794559992384,,
12,0.2,40,1024,,0.9958333333333332,0.975,39,,True,fpylll,,0.0911754210010258,,
14,0.2,40,1024,,0.9964285714285714,0.975,39,,True,fpylll,,0.1125019600003724,,
8,0.0,40,1025,,1.0,1.0,40,,False,fpylll,,0.1428331540009821,,
10,0.0,40,1025,,1.0,1.0,40,,True,fpylll,,0.1545078799990733,,
12,0.0,40,1025,,1.0,1.0,40,,True,fpylll,,0.1869614419993013,,
14,0.0,40,1025,,1.0,1.0,40,,True,fpylll,,0.1575140659988392,,
8,0.05,40,1025,,1.0,1.0,40,,False,fpylll,,0.1341330060004111,,
10,0.05,40,1025,,1.0,1.0,40,,True,fpylll,,0.1116658519986231,,
12,0.05,40,1025,,1.0,1.0,40,,True,fpylll,,0.0925262279997696,,
14,0.05,40,1025,,1.0,1.0,40,,True,fpylll,,0.0975758749991655,,
8,0.1,40,1025,,1.0,1.0,40,,False,fpylll,,0.0944527850006125,,
10,0.1,40,1025,,1.0,1.0,40,,True,fpylll,,0.0912878189992625,,
12,0.1,40,1025,,1.0,1.0,40,,True,fpylll,,0.0965473480009677,,
14,0.1,40,1025,,1.0,1.0,40,,True,fpylll,,0.1201428590011346,,
8,0.15,40,1025,,1.0,1.0,40,,False,fpylll,,0.1253712530015036,,
10,0.15,40,1025,,1.0,1.0,40,,True,fpylll,,0.1635108989994478,,
12,0.15,40,1025,,1.0,1.0,40,,True,fpylll,,0.100869693000277,,
14,0.15,40,1025,,1.0,1.0,40,,True,fpylll,,0.0918233950014837,,
8,0.2,40,1025,,1.0,1.0,40,,False,fpylll,,0.0917587660005665,,
10,0.2,40,1025,,0.9975,0.975,39,,True,fpylll,,0.0951458979998278,,
12,0.2,40,1025,,0.9958333333333332,0.975,39,,True,fpylll,,0.1187409229987679,,
14,0.2,40,1025,,0.9964285714285714,0.975,39,,True,fpylll,,0.0965328380007122,,
8,0.0,40,1026,,1.0,1.0,40,,False,fpylll,,0.1172088369985431,,
10,0.0,40,1026,,1.0,1.0,40,,True,fpylll,,0.1021909400005824,,
12,0.0,40,1026,,1.0,1.0,40,,True,fpylll,,0.2085472269991442,,
14,0.0,40,1026,,1.0,1.0,40,,True,fpylll,,0.2444376519997604,,
8,0.05,40,1026,,1.0,1.0,40,,False,fpylll,,0.1044276360007643,,
10,0.05,40,1026,,1.0,1.0,40,,True,fpylll,,0.097281821001161,,
12,0.05,40,1026,,1.0,1.0,40,,True,fpylll,,0.0993120459988858,,
14,0.05,40,1026,,1.0,1.0,40,,True,fpylll,,0.0951671929997246,,
8,0.1,40,1026,,1.0,1.0,40,,False,fpylll,,0.1001012879987683,,
10,0.1,40,1026,,1.0,1.0,40,,True,fpylll,,0.0958898829994723,,
12,0.1,40,1026,,1.0,1.0,40,,True,fpylll,,0.0982729209990793,,
14,0.1,40,1026,,1.0,1.0,40,,True,fpylll,,0.0961236699986329,,
8,0.15,40,1026,,1.0,1.0,40,,False,fpylll,,0.0956684880002285,,
10,0.15,40,1026,,1.0,1.0,40,,True,fpylll,,0.0933671270013292,,
12,0.15,40,1026,,1.0,1.0,40,,True,fpylll,,0.1055123679998359,,
14,0.15,40,1026,,1.0,1.0,40,,True,fpylll,,0.0990220879994012,,
8,0.2,40,1026,,0.99375,0.975,39,,False,fpylll,,0.1054347999997844,,
10,0.2,40,1026,,0.995,0.975,39,,True,fpylll,,0.096498614999291,,
12,0.2,40,1026,,0.9958333333333332,0.975,39,,True,fpylll,,0.0942202690002886,,
14,0.2,40,1026,,0.9964285714285714,0.975,39,,True,fpylll,,0.095027064999158,,
8,0.0,40,1027,,1.0,1.0,40,,False,fpylll,,0.0949917529997037,,
10,0.0,40,1027,,1.0,1.0,40,,True,fpylll,,0.0936918759998661,,
12,0.0,40,1027,,1.0,1.0,40,,True,fpylll,,0.0967795870001282,,
14,0.0,40,1027,,1.0,1.0,40,,True,fpylll,,0.1112801510007557,,
8,0.05,40,1027,,1.0,1.0,40,,False,fpylll,,0.0908340960013447,,
10,0.05,40,1027,,1.0,1.0,40,,True,fpylll,,0.0897439100008341,,
12,0.05,40,1027,,1.0,1.0,40,,True,fpylll,,0.101919380000254,,
14,0.05,40,1027,,1.0,1.0,40,,True,fpylll,,0.0958541840009274,,
8,0.1,40,1027,,1.0,1.0,40,,False,fpylll,,0.1105978560008225,,
10,0.1,40,1027,,1.0,1.0,40,,True,fpylll,,0.1231144260000292,,
12,0.1,40,1027,,1.0,1.0,40,,True,fpylll,,0.0942533889992773,,
14,0.1,40,1027,,1.0,1.0,40,,True,fpylll,,0.0921640619999379,,
8,0.15,40,1027,,1.0,1.0,40,,False,fpylll,,0.109192162999534,,
10,0.15,40,1027,,1.0,1.0,40,,True,fpylll,,0.1421761019992118,,
12,0.15,40,1027,,1.0,1.0,40,,True,fpylll,,0.1317319710014999,,
14,0.15,40,1027,,1.0,1.0,40,,True,fpylll,,0.3051876420013286,,
8,0.2,40,1027,,0.98125,0.925,37,,False,fpylll,,0.1632202910004707,,
10,0.2,40,1027,,0.975,0.875,35,,True,fpylll,,0.2558596819999366,,
12,0.2,40,1027,,0.9770833333333332,0.85,34,,True,fpylll,,0.0960985430010623,,
14,0.2,40,1027,,0.9785714285714284,0.85,34,,True,fpylll,,0.1215939289995731,,
8,0.0,40,1028,,1.0,1.0,40,,False,fpylll,,0.0952932590007549,,
10,0.0,40,1028,,1.0,1.0,40,,True,fpylll,,0.1026573859999189,,
12,0.0,40,1028,,1.0,1.0,40,,True,fpylll,,0.1170735410014458,,
14,0.0,40,1028,,1.0,1.0,40,,True,fpylll,,0.0975643029996717,,
8,0.05,40,1028,,1.0,1.0,40,,False,fpylll,,0.0961210179993941,,
10,0.05,40,1028,,1.0,1.0,40,,True,fpylll,,0.1291370899998583,,
12,0.05,40,1028,,1.0,1.0,40,,True,fpylll,,0.1020266029991034,,
14,0.05,40,1028,,1.0,1.0,40,,True,fpylll,,0.095966283000962,,
8,0.1,40,1028,,1.0,1.0,40,,False,fpylll,,0.0923545990008278,,
10,0.1,40,1028,,1.0,1.0,40,,True,fpylll,,0.0975083009998343,,
12,0.1,40,1028,,1.0,1.0,40,,True,fpylll,,0.0990430649999325,,
14,0.1,40,1028,,1.0,1.0,40,,True,fpylll,,0.097385351999037,,
8,0.15,40,1028,,1.0,1.0,40,,False,fpylll,,0.0915752459986833,,
10,0.15,40,1028,,1.0,1.0,40,,True,fpylll,,0.1140282229989679,,
12,0.15,40,1028,,1.0,1.0,40,,True,fpylll,,0.1159211020003567,,
14,0.15,40,1028,,1.0,1.0,40,,True,fpylll,,0.0928595629993651,,
8,0.2,40,1028,,0.975,0.9,36,,False,fpylll,,0.0980815380007698,,
10,0.2,40,1028,,0.98,0.9,36,,True,fpylll,,0.0971321809993241,,
12,0.2,40,1028,,0.9833333333333332,0.9,36,,True,fpylll,,0.0950572120000288,,
14,0.2,40,1028,,0.9857142857142858,0.9,36,,True,fpylll,,0.1027161830006662,,
8,0.0,40,1029,,1.0,1.0,40,,False,fpylll,,0.0974758850006765,,
10,0.0,40,1029,,1.0,1.0,40,,True,fpylll,,0.1037880060011957,,
12,0.0,40,1029,,1.0,1.0,40,,True,fpylll,,0.0966836950010474,,
14,0.0,40,1029,,1.0,1.0,40,,True,fpylll,,0.0985607380007422,,
8,0.05,40,1029,,1.0,1.0,40,,False,fpylll,,0.0983761250008683,,
10,0.05,40,1029,,1.0,1.0,40,,True,fpylll,,0.1044463990001531,,
12,0.05,40,1029,,1.0,1.0,40,,True,fpylll,,0.1217163059991435,,
14,0.05,40,1029,,1.0,1.0,40,,True,fpylll,,0.0951226699999097,,
8,0.1,40,1029,,1.0,1.0,40,,False,fpylll,,0.1000093350012321,,
10,0.1,40,1029,,1.0,1.0,40,,True,fpylll,,0.1215608759994211,,
12,0.1,40,1029,,1.0,1.0,40,,True,fpylll,,0.0948485040007653,,
14,0.1,40,1029,,1.0,1.0,40,,True,fpylll,,0.0952805870001611,,
8,0.15,40,1029,,1.0,1.0,40,,False,fpylll,,0.1004793569991306,,
10,0.15,40,1029,,1.0,1.0,40,,True,fpylll,,0.0991721640002651,,
12,0.15,40,1029,,1.0,1.0,40,,True,fpylll,,0.0995139730002847,,
14,0.15,40,1029,,1.0,1.0,40,,True,fpylll,,0.0962331610007822,,
8,0.2,40,1029,,0.996875,0.975,39,,False,fpylll,,0.0986418150005192,,
10,0.2,40,1029,,0.995,0.95,38,,True,fpylll,,0.0985258799992152,,
12,0.2,40,1029,,0.9916666666666668,0.95,38,,True,fpylll,,0.0972574219995294,,
14,0.2,40,1029,,0.9892857142857144,0.925,37,,True,fpylll,,0.0896283540005242,,
8,0.0,40,1030,,1.0,1.0,40,,False,fpylll,,0.0989707830012776,,
10,0.0,40,1030,,1.0,1.0,40,,True,fpylll,,0.1004428939995705,,
12,0.0,40,1030,,1.0,1.0,40,,True,fpylll,,0.1049278860009508,,
14,0.0,40,1030,,1.0,1.0,40,,True,fpylll,,0.0993870999991486,,
8,0.05,40,1030,,1.0,1.0,40,,False,fpylll,,0.0930905290006194,,
10,0.05,40,1030,,1.0,1.0,40,,True,fpylll,,0.0954266640001151,,
12,0.05,40,1030,,1.0,1.0,40,,True,fpylll,,0.0897497680016385,,
14,0.05,40,1030,,1.0,1.0,40,,True,fpylll,,0.1000567789997148,,
8,0.1,40,1030,,1.0,1.0,40,,False,fpylll,,0.0996648750005988,,
10,0.1,40,1030,,1.0,1.0,40,,True,fpylll,,0.0986376799992285,,
12,0.1,40,1030,,1.0,1.0,40,,True,fpylll,,0.0941794080008548,,
14,0.1,40,1030,,1.0,1.0,40,,True,fpylll,,0.0936108149999199,,
8,0.15,40,1030,,1.0,1.0,40,,False,fpylll,,0.1007700630016188,,
10,0.15,40,1030,,1.0,1.0,40,,True,fpylll,,0.0950773869990371,,
12,0.15,40,1030,,1.0,1.0,40,,True,fpylll,,0.0965301409996755,,
14,0.15,40,1030,,1.0,1.0,40,,True,fpylll,,0.0957272539999394,,
8,0.2,40,1030,,0.990625,0.95,38,,False,fpylll,,0.0975240490006399,,
10,0.2,40,1030,,0.99,0.95,38,,True,fpylll,,0.1015188080000371,,
12,0.2,40,1030,,0.9875,0.925,37,,True,fpylll,,0.0991784819998429,,
14,0.2,40,1030,,0.9892857142857144,0.925,37,,True,fpylll,,0.0968952450002689,,
8,0.0,40,1031,,1.0,1.0,40,,False,fpylll,,0.0931019879990344,,
10,0.0,40,1031,,1.0,1.0,40,,True,fpylll,,0.0996953030007716,,
12,0.0,40,1031,,1.0,1.0,40,,True,fpylll,,0.0945362889997341,,
14,0.0,40,1031,,1.0,1.0,40,,True,fpylll,,0.1085383589997945,,
8,0.05,40,1031,,1.0,1.0,40,,False,fpylll,,0.0929011129992432,,
10,0.05,40,1031,,1.0,1.0,40,,True,fpylll,,0.0962859629999002,,
12,0.05,40,1031,,1.0,1.0,40,,True,fpylll,,0.0979106570011936,,
14,0.05,40,1031,,1.0,1.0,40,,True,fpylll,,0.1022895500009326,,
8,0.1,40,1031,,1.0,1.0,40,,False,fpylll,,0.0976187050000589,,
10,0.1,40,1031,,1.0,1.0,40,,True,fpylll,,0.1148266300006071,,
12,0.1,40,1031,,1.0,1.0,40,,True,fpylll,,0.0934600410000712,,
14,0.1,40,1031,,1.0,1.0,40,,True,fpylll,,0.2378369329999259,,
8,0.15,40,1031,,0.99375,0.975,39,,False,fpylll,,0.0919615720013098,,
10,0.15,40,1031,,0.995,0.975,39,,True,fpylll,,0.1058157170009508,,
12,0.15,40,1031,,0.9958333333333332,0.975,39,,True,fpylll,,0.0958774270002322,,
14,0.15,40,1031,,0.9964285714285714,0.975,39,,True,fpylll,,0.0954017490003025,,
8,0.2,40,1031,,0.9875,0.95,38,,False,fpylll,,0.094539125000665,,
10,0.2,40,1031,,0.9875,0.925,37,,True,fpylll,,0.0954953929995099,,
12,0.2,40,1031,,0.9895833333333334,0.925,37,,True,fpylll,,0.0954996569998911,,
14,0.2,40,1031,,0.9892857142857144,0.925,37,,True,fpylll,,0.1140674169982958,,
8,0.0,40,1032,,1.0,1.0,40,,False,fpylll,,0.1789660039994487,,
10,0.0,40,1032,,1.0,1.0,40,,True,fpylll,,0.1084932520006987,,
12,0.0,40,1032,,1.0,1.0,40,,True,fpylll,,0.1046695429995452,,
14,0.0,40,1032,,1.0,1.0,40,,True,fpylll,,0.0935999110006378,,
8,0.05,40,1032,,1.0,1.0,40,,False,fpylll,,0.0908445799996116,,
10,0.05,40,1032,,1.0,1.0,40,,True,fpylll,,0.0988669289999961,,
12,0.05,40,1032,,1.0,1.0,40,,True,fpylll,,0.0942474510011379,,
14,0.05,40,1032,,1.0,1.0,40,,True,fpylll,,0.0969443519988999,,
8,0.1,40,1032,,1.0,1.0,40,,False,fpylll,,0.0930657959997915,,
10,0.1,40,1032,,1.0,1.0,40,,True,fpylll,,0.1207709020000038,,
12,0.1,40,1032,,1.0,1.0,40,,True,fpylll,,0.1177875800003676,,
14,0.1,40,1032,,1.0,1.0,40,,True,fpylll,,0.1341446810001798,,
8,0.15,40,1032,,1.0,1.0,40,,False,fpylll,,0.220206899999539,,
10,0.15,40,1032,,1.0,1.0,40,,True,fpylll,,0.1634482099998422,,
12,0.15,40,1032,,1.0,1.0,40,,True,fpylll,,0.117315587000121,,
14,0.15,40,1032,,1.0,1.0,40,,True,fpylll,,0.093914949999089,,
8,0.2,40,1032,,1.0,1.0,40,,False,fpylll,,0.132477557999664,,
10,0.2,40,1032,,0.9975,0.975,39,,True,fpylll,,0.098067004000768,,
12,0.2,40,1032,,0.9979166666666668,0.975,39,,True,fpylll,,0.0959316440003021,,
14,0.2,40,1032,,0.9964285714285714,0.975,39,,True,fpylll,,0.098098023001512,,
8,0.0,40,1033,,1.0,1.0,40,,False,fpylll,,0.0976793999998335,,
10,0.0,40,1033,,1.0,1.0,40,,True,fpylll,,0.0948479449998558,,
12,0.0,40,1033,,1.0,1.0,40,,True,fpylll,,0.0914041840005666,,
14,0.0,40,1033,,1.0,1.0,40,,True,fpylll,,0.0978825419988425,,
8,0.05,40,1033,,1.0,1.0,40,,False,fpylll,,0.1676241099994513,,
10,0.05,40,1033,,1.0,1.0,40,,True,fpylll,,0.1002122360005159,,
12,0.05,40,1033,,1.0,1.0,40,,True,fpylll,,0.097546973000135,,
14,0.05,40,1033,,1.0,1.0,40,,True,fpylll,,0.0975393919998168,,
8,0.1,40,1033,,1.0,1.0,40,,False,fpylll,,0.0919290660003753,,
10,0.1,40,1033,,1.0,1.0,40,,True,fpylll,,0.097038464000434,,
12,0.1,40,1033,,1.0,1.0,40,,True,fpylll,,0.0920818790000339,,
14,0.1,40,1033,,1.0,1.0,40,,True,fpylll,,0.0991911439996329,,
8,0.15,40,1033,,1.0,1.0,40,,False,fpylll,,0.0978117659997224,,
10,0.15,40,1033,,1.0,1.0,40,,True,fpylll,,0.1106992610002635,,
12,0.15,40,1033,,1.0,1.0,40,,True,fpylll,,0.0921080379994236,,
14,0.15,40,1033,,1.0,1.0,40,,True,fpylll,,0.1057485450000967,,
8,0.2,40,1033,,0.9875,0.95,38,,False,fpylll,,0.0914107030002924,,
10,0.2,40,1033,,0.99,0.95,38,,True,fpylll,,0.094716800000242,,
12,0.2,40,1033,,0.9916666666666668,0.95,38,,True,fpylll,,0.0920108509999408,,
14,0.2,40,1033,,0.9910714285714286,0.95,38,,True,fpylll,,0.097591141000521,,
8,0.0,40,1034,,1.0,1.0,40,,False,fpylll,,0.0966348410001955,,
10,0.0,40,1034,,1.0,1.0,40,,True,fpylll,,0.1321497029985039,,
12,0.0,40,1034,,1.0,1.0,40,,True,fpylll,,0.1011491619992739,,
14,0.0,40,1034,,1.0,1.0,40,,True,fpylll,,0.0908337260007101,,
8,0.05,40,1034,,1.0,1.0,40,,False,fpylll,,0.0924401680003939,,
10,0.05,40,1034,,1.0,1.0,40,,True,fpylll,,0.0979719820006721,,
12,0.05,40,1034,,1.0,1.0,40,,True,fpylll,,0.1055009280007652,,
14,0.05,40,1034,,1.0,1.0,40,,True,fpylll,,0.0915605919999507,,
8,0.1,40,1034,,1.0,1.0,40,,False,fpylll,,0.0914615500005311,,
10,0.1,40,1034,,1.0,1.0,40,,True,fpylll,,0.1044366269998136,,
12,0.1,40,1034,,1.0,1.0,40,,True,fpylll,,0.1137052650010446,,
14,0.1,40,1034,,1.0,1.0,40,,True,fpylll,,0.112259288000132,,
8,0.15,40,1034,,1.0,1.0,40,,False,fpylll,,0.1119225530001131,,
10,0.15,40,1034,,1.0,1.0,40,,True,fpylll,,0.096525594999548,,
12,0.15,40,1034,,1.0,1.0,40,,True,fpylll,,0.1163391440004488,,
14,0.15,40,1034,,1.0,1.0,40,,True,fpylll,,0.1407412119988293,,
8,0.2,40,1034,,0.984375,0.95,38,,False,fpylll,,0.0949018869996507,,
10,0.2,40,1034,,0.985,0.95,38,,True,fpylll,,0.1402748260006774,,
12,0.2,40,1034,,0.9875,0.95,38,,True,fpylll,,0.1639857269983622,,
14,0.2,40,1034,,0.9892857142857144,0.95,38,,True,fpylll,,0.1115854790004959,,
8,0.0,40,1035,,1.0,1.0,40,,False,fpylll,,0.1120646239996858,,
10,0.0,40,1035,,1.0,1.0,40,,True,fpylll,,0.179931230000875,,
12,0.0,40,1035,,1.0,1.0,40,,True,fpylll,,0.1337435909990745,,
14,0.0,40,1035,,1.0,1.0,40,,True,fpylll,,0.0992461480000201,,
8,0.05,40,1035,,1.0,1.0,40,,False,fpylll,,0.1026473870006157,,
10,0.05,40,1035,,1.0,1.0,40,,True,fpylll,,0.1160934679992351,,
12,0.05,40,1035,,1.0,1.0,40,,True,fpylll,,0.1905854310007271,,
14,0.05,40,1035,,1.0,1.0,40,,True,fpylll,,0.1167771559994435,,
8,0.1,40,1035,,1.0,1.0,40,,False,fpylll,,0.1146527670007344,,
10,0.1,40,1035,,1.0,1.0,40,,True,fpylll,,0.0940072489993326,,
12,0.1,40,1035,,1.0,1.0,40,,True,fpylll,,0.1003270719993452,,
14,0.1,40,1035,,1.0,1.0,40,,True,fpylll,,0.1190938419986196,,
8,0.15,40,1035,,1.0,1.0,40,,False,fpylll,,0.0935147630007122,,
10,0.15,40,1035,,1.0,1.0,40,,True,fpylll,,0.1179450110012112,,
12,0.15,40,1035,,1.0,1.0,40,,True,fpylll,,0.1145730179996462,,
14,0.15,40,1035,,1.0,1.0,40,,True,fpylll,,0.0975366639995627,,
8,0.2,40,1035,,0.996875,0.975,39,,False,fpylll,,0.1168121340015204,,
10,0.2,40,1035,,0.995,0.975,39,,True,fpylll,,0.0914799970014428,,
12,0.2,40,1035,,0.99375,0.95,38,,True,fpylll,,0.10615350199987,,
14,0.2,40,1035,,0.9928571428571428,0.95,38,,True,fpylll,,0.099574099000165,,
8,0.0,40,1036,,1.0,1.0,40,,False,fpylll,,0.3202645500005019,,
10,0.0,40,1036,,1.0,1.0,40,,True,fpylll,,0.0983074910000141,,
12,0.0,40,1036,,1.0,1.0,40,,True,fpylll,,0.1433881100001599,,
14,0.0,40,1036,,1.0,1.0,40,,True,fpylll,,0.0990424730007362,,
8,0.05,40,1036,,1.0,1.0,40,,False,fpylll,,0.1001297719994909,,
10,0.05,40,1036,,1.0,1.0,40,,True,fpylll,,0.1004542820010101,,
12,0.05,40,1036,,1.0,1.0,40,,True,fpylll,,0.1072766149991366,,
14,0.05,40,1036,,1.0,1.0,40,,True,fpylll,,0.0945319839993317,,
8,0.1,40,1036,,1.0,1.0,40,,False,fpylll,,0.0995710449988109,,
10,0.1,40,1036,,1.0,1.0,40,,True,fpylll,,0.0954372310006874,,
12,0.1,40,1036,,1.0,1.0,40,,True,fpylll,,0.1030729430003702,,
14,0.1,40,1036,,1.0,1.0,40,,True,fpylll,,0.0969544400013546,,
8,0.15,40,1036,,1.0,1.0,40,,False,fpylll,,0.098709666999639,,
10,0.15,40,1036,,1.0,1.0,40,,True,fpylll,,0.0991461239991622,,
12,0.15,40,1036,,1.0,1.0,40,,True,fpylll,,0.0930249810007808,,
14,0.15,40,1036,,0.9982142857142856,0.975,39,,True,fpylll,,0.0964245719987957,,
8,0.2,40,1036,,0.99375,0.975,39,,False,fpylll,,0.1052255260001402,,
10,0.2,40,1036,,0.995,0.975,39,,True,fpylll,,0.0976602959999581,,
12,0.2,40,1036,,0.99375,0.95,38,,True,fpylll,,0.0938836419991275,,
14,0.2,40,1036,,0.9928571428571428,0.925,37,,True,fpylll,,0.0970919230003346,,
8,0.0,40,1037,,1.0,1.0,40,,False,fpylll,,0.0992590120004024,,
10,0.0,40,1037,,1.0,1.0,40,,True,fpylll,,0.0975356889994145,,
12,0.0,40,1037,,1.0,1.0,40,,True,fpylll,,0.1006127199998445,,
14,0.0,40,1037,,1.0,1.0,40,,True,fpylll,,0.0986074279990134,,
8,0.05,40,1037,,1.0,1.0,40,,False,fpylll,,0.0941248950002773,,
10,0.05,40,1037,,1.0,1.0,40,,True,fpylll,,0.0994049599994468,,
12,0.05,40,1037,,1.0,1.0,40,,True,fpylll,,0.179551518000153,,
14,0.05,40,1037,,1.0,1.0,40,,True,fpylll,,0.0925852700001996,,
8,0.1,40,1037,,1.0,1.0,40,,False,fpylll,,0.1014572389995009,,
10,0.1,40,1037,,1.0,1.0,40,,True,fpylll,,0.0994579990001511,,
12,0.1,40,1037,,1.0,1.0,40,,True,fpylll,,0.0969991820002178,,
14,0.1,40,1037,,1.0,1.0,40,,True,fpylll,,0.0881001799989462,,
8,0.15,40,1037,,1.0,1.0,40,,False,fpylll,,0.0948131869990902,,
10,0.15,40,1037,,1.0,1.0,40,,True,fpylll,,0.0960496730003797,,
12,0.15,40,1037,,1.0,1.0,40,,True,fpylll,,0.0970608870011346,,
14,0.15,40,1037,,1.0,1.0,40,,True,fpylll,,0.0969288069991307,,
8,0.2,40,1037,,0.978125,0.9,36,,False,fpylll,,0.0995804459998908,,
10,0.2,40,1037,,0.98,0.9,36,,True,fpylll,,0.0908763560000807,,
12,0.2,40,1037,,0.9833333333333332,0.9,36,,True,fpylll,,0.0939802840002812,,
14,0.2,40,1037,,0.9857142857142858,0.9,36,,True,fpylll,,0.1024573590002546,,
8,0.0,40,1038,,1.0,1.0,40,,False,fpylll,,0.0882313580004847,,
10,0.0,40,1038,,1.0,1.0,40,,True,fpylll,,0.0904979780007124,,
12,0.0,40,1038,,1.0,1.0,40,,True,fpylll,,0.1004861709989199,,
14,0.0,40,1038,,1.0,1.0,40,,True,fpylll,,0.0937380909999774,,
8,0.05,40,1038,,1.0,1.0,40,,False,fpylll,,0.0967312960001436,,
10,0.05,40,1038,,1.0,1.0,40,,True,fpylll,,0.1063445769996178,,
12,0.05,40,1038,,1.0,1.0,40,,True,fpylll,,0.1002000870012125,,
14,0.05,40,1038,,1.0,1.0,40,,True,fpylll,,0.0918183180001506,,
8,0.1,40,1038,,1.0,1.0,40,,False,fpylll,,0.0894778149995545,,
10,0.1,40,1038,,1.0,1.0,40,,True,fpylll,,0.0910859779996826,,
12,0.1,40,1038,,1.0,1.0,40,,True,fpylll,,0.0918941559993982,,
14,0.1,40,1038,,1.0,1.0,40,,True,fpylll,,0.0916101540005911,,
8,0.15,40,1038,,1.0,1.0,40,,False,fpylll,,0.0889688930001284,,
10,0.15,40,1038,,1.0,1.0,40,,True,fpylll,,0.0962916669996047,,
12,0.15,40,1038,,1.0,1.0,40,,True,fpylll,,0.1128248509994591,,
14,0.15,40,1038,,1.0,1.0,40,,True,fpylll,,0.0924792059995525,,
8,0.2,40,1038,,0.99375,0.975,39,,False,fpylll,,0.090572097000404,,
10,0.2,40,1038,,0.9925,0.95,38,,True,fpylll,,0.0982721210002637,,
12,0.2,40,1038,,0.9916666666666668,0.95,38,,True,fpylll,,0.095415268000579,,
14,0.2,40,1038,,0.9928571428571428,0.95,38,,True,fpylll,,0.0997706970010767,,
8,0.0,40,1039,,1.0,1.0,40,,False,fpylll,,0.0910172700005205,,
10,0.0,40,1039,,1.0,1.0,40,,True,fpylll,,0.0987525660002575,,
12,0.0,40,1039,,1.0,1.0,40,,True,fpylll,,0.0924526350008818,,
14,0.0,40,1039,,1.0,1.0,40,,True,fpylll,,0.0925027419998514,,
8,0.05,40,1039,,1.0,1.0,40,,False,fpylll,,0.1024078230002487,,
10,0.05,40,1039,,1.0,1.0,40,,True,fpylll,,0.0922575659988069,,
12,0.05,40,1039,,1.0,1.0,40,,True,fpylll,,0.0978655880007863,,
14,0.05,40,1039,,1.0,1.0,40,,True,fpylll,,0.0983026859994424,,
8,0.1,40,1039,,1.0,1.0,40,,False,fpylll,,0.089302366000993,,
10,0.1,40,1039,,1.0,1.0,40,,True,fpylll,,0.1031885630000033,,
12,0.1,40,1039,,1.0,1.0,40,,True,fpylll,,0.0950282119993062,,
14,0.1,40,1039,,1.0,1.0,40,,True,fpylll,,0.0992480170007183,,
8,0.15,40,1039,,1.0,1.0,40,,False,fpylll,,0.1005563260005146,,
10,0.15,40,1039,,1.0,1.0,40,,True,fpylll,,0.0924187019991222,,
12,0.15,40,1039,,1.0,1.0,40,,True,fpylll,,0.0938286870004958,,
14,0.15,40,1039,,1.0,1.0,40,,True,fpylll,,0.0995184330004121,,
8,0.2,40,1039,,0.996875,0.975,39,,False,fpylll,,0.1059485229998244,,
10,0.2,40,1039,,0.995,0.95,38,,True,fpylll,,0.0986346050012798,,
12,0.2,40,1039,,0.9916666666666668,0.95,38,,True,fpylll,,0.0941020059999573,,
14,0.2,40,1039,,0.9928571428571428,0.95,38,,True,fpylll,,0.0971201520005706,,
8,0.0,40,1040,,1.0,1.0,40,,False,fpylll,,0.0897905829988303,,
10,0.0,40,1040,,1.0,1.0,40,,True,fpylll,,0.0984353429994371,,
12,0.0,40,1040,,1.0,1.0,40,,True,fpylll,,0.0983806909989652,,
14,0.0,40,1040,,1.0,1.0,40,,True,fpylll,,0.0966873460001807,,
8,0.05,40,1040,,1.0,1.0,40,,False,fpylll,,0.0960490880006545,,
10,0.05,40,1040,,1.0,1.0,40,,True,fpylll,,0.1004527779987256,,
12,0.05,40,1040,,1.0,1.0,40,,True,fpylll,,0.0953187220002291,,
14,0.05,40,1040,,1.0,1.0,40,,True,fpylll,,0.0946854409994557,,
8,0.1,40,1040,,1.0,1.0,40,,False,fpylll,,0.0980603909993078,,
10,0.1,40,1040,,1.0,1.0,40,,True,fpylll,,0.0928611799990903,,
12,0.1,40,1040,,1.0,1.0,40,,True,fpylll,,0.100587037999503,,
14,0.1,40,1040,,1.0,1.0,40,,True,fpylll,,0.1030258259997936,,
8,0.15,40,1040,,1.0,1.0,40,,False,fpylll,,0.0987962130002415,,
10,0.15,40,1040,,1.0,1.0,40,,True,fpylll,,0.1153601749992958,,
12,0.15,40,1040,,1.0,1.0,40,,True,fpylll,,0.1002604759996756,,
14,0.15,40,1040,,1.0,1.0,40,,True,fpylll,,0.0996382269986497,,
8,0.2,40,1040,,0.996875,0.975,39,,False,fpylll,,0.1073317820009833,,
10,0.2,40,1040,,0.995,0.975,39,,True,fpylll,,0.0987779990009585,,
12,0.2,40,1040,,0.9958333333333332,0.975,39,,True,fpylll,,0.0976100399984716,,
14,0.2,40,1040,,0.9964285714285714,0.975,39,,True,fpylll,,0.0914632310013985,,
8,0.0,40,1041,,1.0,1.0,40,,False,fpylll,,0.0895528599994577,,
10,0.0,40,1041,,1.0,1.0,40,,True,fpylll,,0.0922535640002024,,
12,0.0,40,1041,,1.0,1.0,40,,True,fpylll,,0.097859662000701,,
14,0.0,40,1041,,1.0,1.0,40,,True,fpylll,,0.0891504970004462,,
8,0.05,40,1041,,1.0,1.0,40,,False,fpylll,,0.0900414389998331,,
10,0.05,40,1041,,1.0,1.0,40,,True,fpylll,,0.0972399660004157,,
12,0.05,40,1041,,1.0,1.0,40,,True,fpylll,,0.1004200120005407,,
14,0.05,40,1041,,1.0,1.0,40,,True,fpylll,,0.099212738999995,,
8,0.1,40,1041,,1.0,1.0,40,,False,fpylll,,0.1116823020001902,,
10,0.1,40,1041,,1.0,1.0,40,,True,fpylll,,0.1000508140004967,,
12,0.1,40,1041,,1.0,1.0,40,,True,fpylll,,0.0952320880005572,,
14,0.1,40,1041,,1.0,1.0,40,,True,fpylll,,0.0989786030004324,,
8,0.15,40,1041,,1.0,1.0,40,,False,fpylll,,0.0928077119988302,,
10,0.15,40,1041,,1.0,1.0,40,,True,fpylll,,0.099221482001667,,
12,0.15,40,1041,,1.0,1.0,40,,True,fpylll,,0.0989116500004456,,
14,0.15,40,1041,,1.0,1.0,40,,True,fpylll,,0.102059138000186,,
8,0.2,40,1041,,0.9875,0.95,38,,False,fpylll,,0.0942979880001075,,
10,0.2,40,1041,,0.99,0.95,38,,True,fpylll,,0.0934536719996685,,
12,0.2,40,1041,,0.9916666666666668,0.95,38,,True,fpylll,,0.0991016410007432,,
14,0.2,40,1041,,0.9928571428571428,0.95,38,,True,fpylll,,0.0947707930008618,,
8,0.0,40,1042,,1.0,1.0,40,,False,fpylll,,0.0984091150003223,,
10,0.0,40,1042,,1.0,1.0,40,,True,fpylll,,0.1977053499995236,,
12,0.0,40,1042,,1.0,1.0,40,,True,fpylll,,0.0858044529995822,,
14,0.0,40,1042,,1.0,1.0,40,,True,fpylll,,0.0926274220000777,,
8,0.05,40,1042,,1.0,1.0,40,,False,fpylll,,0.082922277999387,,
10,0.05,40,1042,,1.0,1.0,40,,True,fpylll,,0.0827429510009096,,
12,0.05,40,1042,,1.0,1.0,40,,True,fpylll,,0.0862251899998227,,
14,0.05,40,1042,,1.0,1.0,40,,True,fpylll,,0.0936064599991368,,
8,0.1,40,1042,,1.0,1.0,40,,False,fpylll,,0.0941277950005314,,
10,0.1,40,1042,,1.0,1.0,40,,True,fpylll,,0.0933958550012903,,
12,0.1,40,1042,,1.0,1.0,40,,True,fpylll,,0.1003183920001902,,
14,0.1,40,1042,,1.0,1.0,40,,True,fpylll,,0.0907324199997674,,
8,0.15,40,1042,,1.0,1.0,40,,False,fpylll,,0.0950134439990506,,
10,0.15,40,1042,,1.0,1.0,40,,True,fpylll,,0.0959266900008515,,
12,0.15,40,1042,,1.0,1.0,40,,True,fpylll,,0.0973180509990925,,
14,0.15,40,1042,,1.0,1.0,40,,True,fpylll,,0.0919100329992943,,
8,0.2,40,1042,,0.990625,0.95,38,,False,fpylll,,0.0895534939991193,,
10,0.2,40,1042,,0.99,0.95,38,,True,fpylll,,0.096176959999866,,
12,0.2,40,1042,,0.9854166666666668,0.875,35,,True,fpylll,,0.0927580070001568,,
14,0.2,40,1042,,0.9803571428571428,0.85,34,,True,fpylll,,0.0939892569986113,,
8,0.0,40,1043,,1.0,1.0,40,,False,fpylll,,0.1017156060006527,,
10,0.0,40,1043,,1.0,1.0,40,,True,fpylll,,0.0942985900001076,,
12,0.0,40,1043,,1.0,1.0,40,,True,fpylll,,0.0984257250001974,,
14,0.0,40,1043,,1.0,1.0,40,,True,fpylll,,0.1155382080014533,,
8,0.05,40,1043,,1.0,1.0,40,,False,fpylll,,0.0926549409996368,,
10,0.05,40,1043,,1.0,1.0,40,,True,fpylll,,0.0948299489991768,,
12,0.05,40,1043,,1.0,1.0,40,,True,fpylll,,0.0983855690010386,,
14,0.05,40,1043,,1.0,1.0,40,,True,fpylll,,0.094598383999255,,
8,0.1,40,1043,,1.0,1.0,40,,False,fpylll,,0.092133558999194,,
10,0.1,40,1043,,1.0,1.0,40,,True,fpylll,,0.0970351020005182,,
12,0.1,40,1043,,1.0,1.0,40,,True,fpylll,,0.0953003289996559,,
14,0.1,40,1043,,1.0,1.0,40,,True,fpylll,,0.1030226620005123,,
8,0.15,40,1043,,1.0,1.0,40,,False,fpylll,,0.0909187750003184,,
10,0.15,40,1043,,1.0,1.0,40,,True,fpylll,,0.095960364998973,,
12,0.15,40,1043,,1.0,1.0,40,,True,fpylll,,0.1020943240000633,,
14,0.15,40,1043,,1.0,1.0,40,,True,fpylll,,0.0963370659992506,,
8,0.2,40,1043,,0.984375,0.925,37,,False,fpylll,,0.0907445820012071,,
10,0.2,40,1043,,0.985,0.925,37,,True,fpylll,,0.0991069540013995,,
12,0.2,40,1043,,0.9875,0.925,37,,True,fpylll,,0.1026115020013094,,
14,0.2,40,1043,,0.9875,0.9,36,,True,fpylll,,0.0960760959987965,,
8,0.0,40,1044,,1.0,1.0,40,,False,fpylll,,0.0903192080004373,,
10,0.0,40,1044,,1.0,1.0,40,,True,fpylll,,0.1256547280008817,,
12,0.0,40,1044,,1.0,1.0,40,,True,fpylll,,0.1001852779991168,,
14,0.0,40,1044,,1.0,1.0,40,,True,fpylll,,0.0995034399984433,,
8,0.05,40,1044,,1.0,1.0,40,,False,fpylll,,0.0895984419985325,,
10,0.05,40,1044,,1.0,1.0,40,,True,fpylll,,0.0987635080000473,,
12,0.05,40,1044,,1.0,1.0,40,,True,fpylll,,0.0944932660004269,,
14,0.05,40,1044,,1.0,1.0,40,,True,fpylll,,0.0941266029985854,,
8,0.1,40,1044,,1.0,1.0,40,,False,fpylll,,0.0954456489998847,,
10,0.1,40,1044,,1.0,1.0,40,,True,fpylll,,0.0976647749994299,,
12,0.1,40,1044,,1.0,1.0,40,,True,fpylll,,0.122915000998546,,
14,0.1,40,1044,,1.0,1.0,40,,True,fpylll,,0.0914979059998586,,
8,0.15,40,1044,,1.0,1.0,40,,False,fpylll,,0.0906858639991696,,
10,0.15,40,1044,,1.0,1.0,40,,True,fpylll,,0.0935568040004,,
12,0.15,40,1044,,1.0,1.0,40,,True,fpylll,,0.096257675999368,,
14,0.15,40,1044,,1.0,1.0,40,,True,fpylll,,0.0983986410010402,,
8,0.2,40,1044,,0.99375,0.975,39,,False,fpylll,,0.091535121000561,,
10,0.2,40,1044,,0.99,0.95,38,,True,fpylll,,0.0969819050005753,,
12,0.2,40,1044,,0.9895833333333334,0.925,37,,True,fpylll,,0.2427327169989439,,
14,0.2,40,1044,,0.9892857142857144,0.925,37,,True,fpylll,,0.1020854059988778,,
8,0.0,40,1045,,1.0,1.0,40,,False,fpylll,,0.097293365999576,,
10,0.0,40,1045,,1.0,1.0,40,,True,fpylll,,0.0938207079998392,,
12,0.0,40,1045,,1.0,1.0,40,,True,fpylll,,0.09918432700033,,
14,0.0,40,1045,,1.0,1.0,40,,True,fpylll,,0.0965607500002079,,
8,0.05,40,1045,,1.0,1.0,40,,False,fpylll,,0.0888788599986583,,
10,0.05,40,1045,,1.0,1.0,40,,True,fpylll,,0.0936628069994185,,
12,0.05,40,1045,,1.0,1.0,40,,True,fpylll,,0.0944400309999764,,
14,0.05,40,1045,,1.0,1.0,40,,True,fpylll,,0.0953928290000476,,
8,0.1,40,1045,,1.0,1.0,40,,False,fpylll,,0.0897118220000265,,
10,0.1,40,1045,,1.0,1.0,40,,True,fpylll,,0.111414610999418,,
12,0.1,40,1045,,1.0,1.0,40,,True,fpylll,,0.095227967000028,,
14,0.1,40,1045,,1.0,1.0,40,,True,fpylll,,0.0968171420008729,,
8,0.15,40,1045,,1.0,1.0,40,,False,fpylll,,0.0886490320008306,,
10,0.15,40,1045,,1.0,1.0,40,,True,fpylll,,0.0902204270005313,,
12,0.15,40,1045,,1.0,1.0,40,,True,fpylll,,0.0981827220002742,,
14,0.15,40,1045,,1.0,1.0,40,,True,fpylll,,0.107716962998893,,
8,0.2,40,1045,,1.0,1.0,40,,False,fpylll,,0.0870136339999589,,
10,0.2,40,1045,,0.9975,0.975,39,,True,fpylll,,0.1041884459991706,,
12,0.2,40,1045,,0.9916666666666668,0.95,38,,True,fpylll,,0.0962411550008255,,
14,0.2,40,1045,,0.9892857142857144,0.925,37,,True,fpylll,,0.095379797001442,,
8,0.0,40,1046,,1.0,1.0,40,,False,fpylll,,0.0891529450000234,,
10,0.0,40,1046,,1.0,1.0,40,,True,fpylll,,0.0933137399988481,,
12,0.0,40,1046,,1.0,1.0,40,,True,fpylll,,0.0923104739995324,,
14,0.0,40,1046,,1.0,1.0,40,,True,fpylll,,0.0949119530014286,,
8,0.05,40,1046,,1.0,1.0,40,,False,fpylll,,0.0993134780001128,,
10,0.05,40,1046,,1.0,1.0,40,,True,fpylll,,0.1036992520002968,,
12,0.05,40,1046,,1.0,1.0,40,,True,fpylll,,0.0907716649999201,,
14,0.05,40,1046,,1.0,1.0,40,,True,fpylll,,0.0909194239993667,,
8,0.1,40,1046,,1.0,1.0,40,,False,fpylll,,0.092559553000683,,
10,0.1,40,1046,,1.0,1.0,40,,True,fpylll,,0.0938975480003136,,
12,0.1,40,1046,,1.0,1.0,40,,True,fpylll,,0.096208757999193,,
14,0.1,40,1046,,1.0,1.0,40,,True,fpylll,,0.0999817890005942,,
8,0.15,40,1046,,1.0,1.0,40,,False,fpylll,,0.0912950209985865,,
10,0.15,40,1046,,1.0,1.0,40,,True,fpylll,,0.1003240970003389,,
12,0.15,40,1046,,1.0,1.0,40,,True,fpylll,,0.0964561460004915,,
14,0.15,40,1046,,1.0,1.0,40,,True,fpylll,,0.0943397600003663,,
8,0.2,40,1046,,0.978125,0.9,36,,False,fpylll,,0.0977305910000723,,
10,0.2,40,1046,,0.975,0.875,35,,True,fpylll,,0.0952867579999292,,
12,0.2,40,1046,,0.9791666666666666,0.875,35,,True,fpylll,,0.0989117730005091,,
14,0.2,40,1046,,0.9821428571428572,0.875,35,,True,fpylll,,0.0935945279998122,,
8,0.0,40,1047,,1.0,1.0,40,,False,fpylll,,0.0938775670001632,,
10,0.0,40,1047,,1.0,1.0,40,,True,fpylll,,0.0966100019995792,,
12,0.0,40,1047,,1.0,1.0,40,,True,fpylll,,0.0952633870001591,,
14,0.0,40,1047,,1.0,1.0,40,,True,fpylll,,0.0908431309999286,,
8,0.05,40,1047,,1.0,1.0,40,,False,fpylll,,0.0956725939995521,,
10,0.05,40,1047,,1.0,1.0,40,,True,fpylll,,0.0972893460002524,,
12,0.05,40,1047,,1.0,1.0,40,,True,fpylll,,0.1038227989993174,,
14,0.05,40,1047,,1.0,1.0,40,,True,fpylll,,0.0970995690004201,,
8,0.1,40,1047,,1.0,1.0,40,,False,fpylll,,0.1045289550002053,,
10,0.1,40,1047,,1.0,1.0,40,,True,fpylll,,0.0960421250001672,,
12,0.1,40,1047,,1.0,1.0,40,,True,fpylll,,0.0961264830002619,,
14,0.1,40,1047,,1.0,1.0,40,,True,fpylll,,0.0910644289997435,,
8,0.15,40,1047,,1.0,1.0,40,,False,fpylll,,0.1274218900016421,,
10,0.15,40,1047,,1.0,1.0,40,,True,fpylll,,0.090680548999444,,
12,0.15,40,1047,,1.0,1.0,40,,True,fpylll,,0.0979891049992147,,
14,0.15,40,1047,,1.0,1.0,40,,True,fpylll,,0.0903473520011175,,
8,0.2,40,1047,,0.975,0.9,36,,False,fpylll,,0.0963633819992537,,
10,0.2,40,1047,,0.9775,0.875,35,,True,fpylll,,0.0919890530003613,,
12,0.2,40,1047,,0.9791666666666666,0.85,34,,True,fpylll,,0.0923166689990466,,
14,0.2,40,1047,,0.9785714285714284,0.85,34,,True,fpylll,,0.0915672610008186,,
8,0.0,40,1048,,1.0,1.0,40,,False,fpylll,,0.1010764879993075,,
10,0.0,40,1048,,1.0,1.0,40,,True,fpylll,,0.0926202190003095,,
12,0.0,40,1048,,1.0,1.0,40,,True,fpylll,,0.0970659679987875,,
14,0.0,40,1048,,1.0,1.0,40,,True,fpylll,,0.1127399069991952,,
8,0.05,40,1048,,1.0,1.0,40,,False,fpylll,,0.0973022359994502,,
10,0.05,40,1048,,1.0,1.0,40,,True,fpylll,,0.0981849830004648,,
12,0.05,40,1048,,1.0,1.0,40,,True,fpylll,,0.0913416380008129,,
14,0.05,40,1048,,1.0,1.0,40,,True,fpylll,,0.0927675860002636,,
8,0.1,40,1048,,1.0,1.0,40,,False,fpylll,,0.0952504350007075,,
10,0.1,40,1048,,1.0,1.0,40,,True,fpylll,,0.0934695699997973,,
12,0.1,40,1048,,1.0,1.0,40,,True,fpylll,,0.0947827419986424,,
14,0.1,40,1048,,1.0,1.0,40,,True,fpylll,,0.097290335001162,,
8,0.15,40,1048,,1.0,1.0,40,,False,fpylll,,0.0914372329989419,,
10,0.15,40,1048,,1.0,1.0,40,,True,fpylll,,0.0945980280012008,,
12,0.15,40,1048,,1.0,1.0,40,,True,fpylll,,0.0888633930007927,,
14,0.15,40,1048,,1.0,1.0,40,,True,fpylll,,0.0958047799995256,,
8,0.2,40,1048,,0.98125,0.9,36,,False,fpylll,,0.0968819930003519,,
10,0.2,40,1048,,0.98,0.875,35,,True,fpylll,,0.1231218489992898,,
12,0.2,40,1048,,0.98125,0.875,35,,True,fpylll,,0.0906899980000162,,
14,0.2,40,1048,,0.9821428571428572,0.875,35,,True,fpylll,,0.0999277979990438,,
8,0.0,40,1049,,1.0,1.0,40,,False,fpylll,,0.1053714319987193,,
10,0.0,40,1049,,1.0,1.0,40,,True,fpylll,,0.0945228020009381,,
12,0.0,40,1049,,1.0,1.0,40,,True,fpylll,,0.0947912779993203,,
14,0.0,40,1049,,1.0,1.0,40,,True,fpylll,,0.096877427000436,,
8,0.05,40,1049,,1.0,1.0,40,,False,fpylll,,0.0916867799987812,,
10,0.05,40,1049,,1.0,1.0,40,,True,fpylll,,0.0928832569989026,,
12,0.05,40,1049,,1.0,1.0,40,,True,fpylll,,0.0950353610005549,,
14,0.05,40,1049,,1.0,1.0,40,,True,fpylll,,0.09059661900028,,
8,0.1,40,1049,,1.0,1.0,40,,False,fpylll,,0.1007228180005768,,
10,0.1,40,1049,,1.0,1.0,40,,True,fpylll,,0.0916551070004061,,
12,0.1,40,1049,,1.0,1.0,40,,True,fpylll,,0.0976277160007157,,
14,0.1,40,1049,,1.0,1.0,40,,True,fpylll,,0.0932593389989051,,
8,0.15,40,1049,,1.0,1.0,40,,False,fpylll,,0.0934967640005197,,
10,0.15,40,1049,,1.0,1.0,40,,True,fpylll,,0.0911582619992259,,
12,0.15,40,1049,,1.0,1.0,40,,True,fpylll,,0.0983064539996121,,
14,0.15,40,1049,,1.0,1.0,40,,True,fpylll,,0.1242160809997585,,
8,0.2,40,1049,,0.990625,0.95,38,,False,fpylll,,0.091695390001405,,
10,0.2,40,1049,,0.99,0.95,38,,True,fpylll,,0.0921129149992339,,
12,0.2,40,1049,,0.9916666666666668,0.95,38,,True,fpylll,,0.1229017250007018,,
14,0.2,40,1049,,0.9892857142857144,0.925,37,,True,fpylll,,0.0900828889989497,,
8,0.0,40,1050,,1.0,1.0,40,,False,fpylll,,0.0985348560006968,,
10,0.0,40,1050,,1.0,1.0,40,,True,fpylll,,0.0995563010001205,,
12,0.0,40,1050,,1.0,1.0,40,,True,fpylll,,0.0926424980007141,,
14,0.0,40,1050,,1.0,1.0,40,,True,fpylll,,0.0996281589996215,,
8,0.05,40,1050,,1.0,1.0,40,,False,fpylll,,0.091117984999073,,
10,0.05,40,1050,,1.0,1.0,40,,True,fpylll,,0.0892176140005176,,
12,0.05,40,1050,,1.0,1.0,40,,True,fpylll,,0.0931510359987441,,
14,0.05,40,1050,,1.0,1.0,40,,True,fpylll,,0.0964012679996813,,
8,0.1,40,1050,,1.0,1.0,40,,False,fpylll,,0.0999262940003973,,
10,0.1,40,1050,,1.0,1.0,40,,True,fpylll,,0.1011259159986366,,
12,0.1,40,1050,,1.0,1.0,40,,True,fpylll,,0.0886528660012118,,
14,0.1,40,1050,,1.0,1.0,40,,True,fpylll,,0.1015960439999617,,
8,0.15,40,1050,,1.0,1.0,40,,False,fpylll,,0.1174710189989127,,
10,0.15,40,1050,,1.0,1.0,40,,True,fpylll,,0.0923813810004503,,
12,0.15,40,1050,,1.0,1.0,40,,True,fpylll,,0.094161281000197,,
14,0.15,40,1050,,1.0,1.0,40,,True,fpylll,,0.1034796230014762,,
8,0.2,40,1050,,0.9875,0.95,38,,False,fpylll,,0.0911525270003039,,
10,0.2,40,1050,,0.9875,0.925,37,,True,fpylll,,0.0975715780004975,,
12,0.2,40,1050,,0.9895833333333334,0.925,37,,True,fpylll,,0.0954883319991495,,
14,0.2,40,1050,,0.9910714285714286,0.925,37,,True,fpylll,,0.1007579649995022,,
8,0.0,40,1051,,1.0,1.0,40,,False,fpylll,,0.1018587180005852,,
10,0.0,40,1051,,1.0,1.0,40,,True,fpylll,,0.0923667930001101,,
12,0.0,40,1051,,1.0,1.0,40,,True,fpylll,,0.0913286140003037,,
14,0.0,40,1051,,1.0,1.0,40,,True,fpylll,,0.0989287209995382,,
8,0.05,40,1051,,1.0,1.0,40,,False,fpylll,,0.0966297510003642,,
10,0.05,40,1051,,1.0,1.0,40,,True,fpylll,,0.0971254230007616,,
12,0.05,40,1051,,1.0,1.0,40,,True,fpylll,,0.0962589749997278,,
14,0.05,40,1051,,1.0,1.0,40,,True,fpylll,,0.0928357989996584,,
8,0.1,40,1051,,1.0,1.0,40,,False,fpylll,,0.1108708060000935,,
10,0.1,40,1051,,1.0,1.0,40,,True,fpylll,,0.0974606029994902,,
12,0.1,40,1051,,1.0,1.0,40,,True,fpylll,,0.0958288020010513,,
14,0.1,40,1051,,1.0,1.0,40,,True,fpylll,,0.0889241120003134,,
8,0.15,40,1051,,0.996875,0.975,39,,False,fpylll,,0.0942316110013052,,
10,0.15,40,1051,,0.9975,0.975,39,,True,fpylll,,0.0885173480000958,,
12,0.15,40,1051,,0.9958333333333332,0.975,39,,True,fpylll,,0.1000875110003107,,
14,0.15,40,1051,,0.9964285714285714,0.975,39,,True,fpylll,,0.1072591110005305,,
8,0.2,40,1051,,0.975,0.85,34,,False,fpylll,,0.102601032000166,,
10,0.2,40,1051,,0.9775,0.85,34,,True,fpylll,,0.1102365039987489,,
12,0.2,40,1051,,0.975,0.825,33,,True,fpylll,,0.0984596039997995,,
14,0.2,40,1051,,0.975,0.825,33,,True,fpylll,,0.1021804299998621,,
8,0.0,40,1052,,1.0,1.0,40,,False,fpylll,,0.094196195999757,,
10,0.0,40,1052,,1.0,1.0,40,,True,fpylll,,0.0946617119989241,,
12,0.0,40,1052,,1.0,1.0,40,,True,fpylll,,0.095313329999044,,
14,0.0,40,1052,,1.0,1.0,40,,True,fpylll,,0.0983135780006705,,
8,0.05,40,1052,,1.0,1.0,40,,False,fpylll,,0.0938470009987213,,
10,0.05,40,1052,,1.0,1.0,40,,True,fpylll,,0.0930837700016127,,
12,0.05,40,1052,,1.0,1.0,40,,True,fpylll,,0.1002510439993784,,
14,0.05,40,1052,,1.0,1.0,40,,True,fpylll,,0.0915239620007923,,
8,0.1,40,1052,,1.0,1.0,40,,False,fpylll,,0.0951254660012637,,
10,0.1,40,1052,,1.0,1.0,40,,True,fpylll,,0.0954846770000585,,
12,0.1,40,1052,,1.0,1.0,40,,True,fpylll,,0.0958939489992189,,
14,0.1,40,1052,,1.0,1.0,40,,True,fpylll,,0.0924183040006028,,
8,0.15,40,1052,,1.0,1.0,40,,False,fpylll,,0.0961138890015718,,
10,0.15,40,1052,,1.0,1.0,40,,True,fpylll,,0.0973761139994167,,
12,0.15,40,1052,,1.0,1.0,40,,True,fpylll,,0.0896271359997626,,
14,0.15,40,1052,,1.0,1.0,40,,True,fpylll,,0.0888392180004302,,
8,0.2,40,1052,,0.98125,0.925,37,,False,fpylll,,0.0986473379998642,,
10,0.2,40,1052,,0.985,0.925,37,,True,fpylll,,0.0900389819998963,,
12,0.2,40,1052,,0.9854166666666668,0.9,36,,True,fpylll,,0.0981486800010316,,
14,0.2,40,1052,,0.9839285714285714,0.875,35,,True,fpylll,,0.0918401349990745,,
8,0.0,40,1053,,1.0,1.0,40,,False,fpylll,,0.0999230199995508,,
10,0.0,40,1053,,1.0,1.0,40,,True,fpylll,,0.0941066470004443,,
12,0.0,40,1053,,1.0,1.0,40,,True,fpylll,,0.1001727349994325,,
14,0.0,40,1053,,1.0,1.0,40,,True,fpylll,,0.0998488660006842,,
8,0.05,40,1053,,1.0,1.0,40,,False,fpylll,,0.0907980740012135,,
10,0.05,40,1053,,1.0,1.0,40,,True,fpylll,,0.0906728700010717,,
12,0.05,40,1053,,1.0,1.0,40,,True,fpylll,,0.0920423619991197,,
14,0.05,40,1053,,1.0,1.0,40,,True,fpylll,,0.0935922899989236,,
8,0.1,40,1053,,1.0,1.0,40,,False,fpylll,,0.0986970759986434,,
10,0.1,40,1053,,1.0,1.0,40,,True,fpylll,,0.097618292998959,,
12,0.1,40,1053,,1.0,1.0,40,,True,fpylll,,0.0934993869996105,,
14,0.1,40,1053,,1.0,1.0,40,,True,fpylll,,0.1024006900006497,,
8,0.15,40,1053,,0.996875,0.975,39,,False,fpylll,,0.0991567330001998,,
10,0.15,40,1053,,0.995,0.975,39,,True,fpylll,,0.0907906390002608,,
12,0.15,40,1053,,0.9958333333333332,0.975,39,,True,fpylll,,0.0997639310007798,,
14,0.15,40,1053,,0.9964285714285714,0.975,39,,True,fpylll,,0.0971541070011881,,
8,0.2,40,1053,,0.990625,0.95,38,,False,fpylll,,0.1025256989996705,,
10,0.2,40,1053,,0.99,0.95,38,,True,fpylll,,0.0930834589998994,,
12,0.2,40,1053,,0.9916666666666668,0.95,38,,True,fpylll,,0.0968319990006421,,
14,0.2,40,1053,,0.9892857142857144,0.925,37,,True,fpylll,,0.3454421699989325,,
8,0.0,40,1054,,1.0,1.0,40,,False,fpylll,,0.0963861920008639,,
10,0.0,40,1054,,1.0,1.0,40,,True,fpylll,,0.1003028550003364,,
12,0.0,40,1054,,1.0,1.0,40,,True,fpylll,,0.0907425259993033,,
14,0.0,40,1054,,1.0,1.0,40,,True,fpylll,,0.0984651119997579,,
8,0.05,40,1054,,1.0,1.0,40,,False,fpylll,,0.096050029998878,,
10,0.05,40,1054,,1.0,1.0,40,,True,fpylll,,0.0921208170002501,,
12,0.05,40,1054,,1.0,1.0,40,,True,fpylll,,0.1002644960008183,,
14,0.05,40,1054,,1.0,1.0,40,,True,fpylll,,0.0916587550000258,,
8,0.1,40,1054,,1.0,1.0,40,,False,fpylll,,0.0976973179986089,,
10,0.1,40,1054,,1.0,1.0,40,,True,fpylll,,0.09376219799924,,
12,0.1,40,1054,,1.0,1.0,40,,True,fpylll,,0.0929161280000698,,
14,0.1,40,1054,,1.0,1.0,40,,True,fpylll,,0.1013251959993795,,
8,0.15,40,1054,,1.0,1.0,40,,False,fpylll,,0.0990487710005254,,
10,0.15,40,1054,,1.0,1.0,40,,True,fpylll,,0.0973570280002604,,
12,0.15,40,1054,,1.0,1.0,40,,True,fpylll,,0.1051569709998148,,
14,0.15,40,1054,,1.0,1.0,40,,True,fpylll,,0.0981593440010328,,
8,0.2,40,1054,,0.990625,0.95,38,,False,fpylll,,0.1008721030011656,,
10,0.2,40,1054,,0.9875,0.9,36,,True,fpylll,,0.0940074480004113,,
12,0.2,40,1054,,0.9833333333333332,0.9,36,,True,fpylll,,0.0981218389988498,,
14,0.2,40,1054,,0.9803571428571428,0.85,34,,True,fpylll,,0.2381535670010635,,
8,0.0,40,1055,,1.0,1.0,40,,False,fpylll,,0.0951402820010116,,
10,0.0,40,1055,,1.0,1.0,40,,True,fpylll,,0.0974810130010155,,
12,0.0,40,1055,,1.0,1.0,40,,True,fpylll,,0.0943975090012827,,
14,0.0,40,1055,,1.0,1.0,40,,True,fpylll,,0.0946754130000044,,
8,0.05,40,1055,,1.0,1.0,40,,False,fpylll,,0.0938301799997134,,
10,0.05,40,1055,,1.0,1.0,40,,True,fpylll,,0.1021518269990338,,
12,0.05,40,1055,,1.0,1.0,40,,True,fpylll,,0.0922475269999267,,
14,0.05,40,1055,,1.0,1.0,40,,True,fpylll,,0.0990783340002963,,
8,0.1,40,1055,,1.0,1.0,40,,False,fpylll,,0.0937695060001715,,
10,0.1,40,1055,,1.0,1.0,40,,True,fpylll,,0.3911155349996988,,
12,0.1,40,1055,,1.0,1.0,40,,True,fpylll,,0.093789979999201,,
14,0.1,40,1055,,1.0,1.0,40,,True,fpylll,,0.1080024050006613,,
8,0.15,40,1055,,1.0,1.0,40,,False,fpylll,,0.3298196579999057,,
10,0.15,40,1055,,1.0,1.0,40,,True,fpylll,,0.0966409319989907,,
12,0.15,40,1055,,1.0,1.0,40,,True,fpylll,,0.1047299740002927,,
14,0.15,40,1055,,1.0,1.0,40,,True,fpylll,,0.0907485440002346,,
8,0.2,40,1055,,0.99375,0.975,39,,False,fpylll,,0.1006858550008473,,
10,0.2,40,1055,,0.995,0.975,39,,True,fpylll,,0.100224996000179,,
12,0.2,40,1055,,0.9958333333333332,0.975,39,,True,fpylll,,0.1017861379987152,,
14,0.2,40,1055,,0.9964285714285714,0.975,39,,True,fpylll,,0.0918756700011727,,
8,0.0,40,1056,,1.0,1.0,40,,False,fpylll,,0.0937590720004664,,
10,0.0,40,1056,,1.0,1.0,40,,True,fpylll,,0.1003234489999158,,
12,0.0,40,1056,,1.0,1.0,40,,True,fpylll,,0.0953930620016763,,
14,0.0,40,1056,,1.0,1.0,40,,True,fpylll,,0.0960151060007774,,
8,0.05,40,1056,,1.0,1.0,40,,False,fpylll,,0.0905613049999374,,
10,0.05,40,1056,,1.0,1.0,40,,True,fpylll,,0.1015000950010289,,
12,0.05,40,1056,,1.0,1.0,40,,True,fpylll,,0.0966537160002189,,
14,0.05,40,1056,,1.0,1.0,40,,True,fpylll,,0.0941308769997704,,
8,0.1,40,1056,,1.0,1.0,40,,False,fpylll,,0.0964520819998142,,
10,0.1,40,1056,,1.0,1.0,40,,True,fpylll,,0.0978638750002574,,
12,0.1,40,1056,,1.0,1.0,40,,True,fpylll,,0.0911799679997784,,
14,0.1,40,1056,,1.0,1.0,40,,True,fpylll,,0.0940677519993187,,
8,0.15,40,1056,,1.0,1.0,40,,False,fpylll,,0.0909209980000014,,
10,0.15,40,1056,,1.0,1.0,40,,True,fpylll,,0.0948599170005763,,
12,0.15,40,1056,,1.0,1.0,40,,True,fpylll,,0.097204530999079,,
14,0.15,40,1056,,1.0,1.0,40,,True,fpylll,,0.1025075130000914,,
8,0.2,40,1056,,1.0,1.0,40,,False,fpylll,,0.0881789289996959,,
10,0.2,40,1056,,1.0,1.0,40,,True,fpylll,,0.0920869889996538,,
12,0.2,40,1056,,1.0,1.0,40,,True,fpylll,,0.0950212540010397,,
14,0.2,40,1056,,0.9982142857142856,0.975,39,,True,fpylll,,0.0936458460000722,,
8,0.0,40,1057,,1.0,1.0,40,,False,fpylll,,0.0900402649986062,,
10,0.0,40,1057,,1.0,1.0,40,,True,fpylll,,0.1013239660005638,,
12,0.0,40,1057,,1.0,1.0,40,,True,fpylll,,0.0912037500002043,,
14,0.0,40,1057,,1.0,1.0,40,,True,fpylll,,0.0954883589984092,,
8,0.05,40,1057,,1.0,1.0,40,,False,fpylll,,0.0871753270002955,,
10,0.05,40,1057,,1.0,1.0,40,,True,fpylll,,0.0939988660011295,,
12,0.05,40,1057,,1.0,1.0,40,,True,fpylll,,0.0929630919999908,,
14,0.05,40,1057,,1.0,1.0,40,,True,fpylll,,0.113567709999188,,
8,0.1,40,1057,,1.0,1.0,40,,False,fpylll,,0.0954560340014722,,
10,0.1,40,1057,,1.0,1.0,40,,True,fpylll,,0.0974105299992516,,
12,0.1,40,1057,,1.0,1.0,40,,True,fpylll,,0.1037886580015765,,
14,0.1,40,1057,,1.0,1.0,40,,True,fpylll,,0.0897981289999734,,
8,0.15,40,1057,,1.0,1.0,40,,False,fpylll,,0.0922784859994862,,
10,0.15,40,1057,,1.0,1.0,40,,True,fpylll,,0.097947116000796,,
12,0.15,40,1057,,1.0,1.0,40,,True,fpylll,,0.0978879150006832,,
14,0.15,40,1057,,1.0,1.0,40,,True,fpylll,,0.0919851279995782,,
8,0.2,40,1057,,0.9875,0.95,38,,False,fpylll,,0.0929014510002161,,
10,0.2,40,1057,,0.9875,0.925,37,,True,fpylll,,0.1003652990002592,,
12,0.2,40,1057,,0.9833333333333332,0.9,36,,True,fpylll,,0.094747016999463,,
14,0.2,40,1057,,0.9857142857142858,0.9,36,,True,fpylll,,0.0985283529989828,,
8,0.0,40,1058,,1.0,1.0,40,,False,fpylll,,0.09245149599883,,
10,0.0,40,1058,,1.0,1.0,40,,True,fpylll,,0.0934216959994955,,
12,0.0,40,1058,,1.0,1.0,40,,True,fpylll,,0.1015669190001062,,
14,0.0,40,1058,,1.0,1.0,40,,True,fpylll,,0.1102059539989568,,
8,0.05,40,1058,,1.0,1.0,40,,False,fpylll,,0.1105448500002239,,
10,0.05,40,1058,,1.0,1.0,40,,True,fpylll,,0.090060407999772,,
12,0.05,40,1058,,1.0,1.0,40,,True,fpylll,,0.093839848999778,,
14,0.05,40,1058,,1.0,1.0,40,,True,fpylll,,0.1103900839989364,,
8,0.1,40,1058,,1.0,1.0,40,,False,fpylll,,0.1192497319989343,,
10,0.1,40,1058,,1.0,1.0,40,,True,fpylll,,0.1218004080001264,,
12,0.1,40,1058,,1.0,1.0,40,,True,fpylll,,0.1238171299992245,,
14,0.1,40,1058,,1.0,1.0,40,,True,fpylll,,0.2233811660007632,,
8,0.15,40,1058,,1.0,1.0,40,,False,fpylll,,0.0911201239996444,,
10,0.15,40,1058,,1.0,1.0,40,,True,fpylll,,0.0983200169994233,,
12,0.15,40,1058,,1.0,1.0,40,,True,fpylll,,0.094269613000506,,
14,0.15,40,1058,,1.0,1.0,40,,True,fpylll,,0.0956806909998704,,
8,0.2,40,1058,,0.984375,0.925,37,,False,fpylll,,0.1051278949998959,,
10,0.2,40,1058,,0.9825,0.9,36,,True,fpylll,,0.095043388000704,,
12,0.2,40,1058,,0.9854166666666668,0.9,36,,True,fpylll,,0.0989795709992904,,
14,0.2,40,1058,,0.9875,0.9,36,,True,fpylll,,0.0932517880009982,,
8,0.0,40,1059,,1.0,1.0,40,,False,fpylll,,0.102393844999824,,
10,0.0,40,1059,,1.0,1.0,40,,True,fpylll,,0.0933815970001887,,
12,0.0,40,1059,,1.0,1.0,40,,True,fpylll,,0.0934464649999426,,
14,0.0,40,1059,,1.0,1.0,40,,True,fpylll,,0.0906964179994247,,
8,0.05,40,1059,,1.0,1.0,40,,False,fpylll,,0.0978189779998501,,
10,0.05,40,1059,,1.0,1.0,40,,True,fpylll,,0.0910426180016656,,
12,0.05,40,1059,,1.0,1.0,40,,True,fpylll,,0.0968666259996098,,
14,0.05,40,1059,,1.0,1.0,40,,True,fpylll,,0.0911721770007716,,
8,0.1,40,1059,,1.0,1.0,40,,False,fpylll,,0.0973630720000073,,
10,0.1,40,1059,,1.0,1.0,40,,True,fpylll,,0.1018607000005431,,
12,0.1,40,1059,,1.0,1.0,40,,True,fpylll,,0.0983749160004663,,
14,0.1,40,1059,,1.0,1.0,40,,True,fpylll,,0.0930673260008916,,
8,0.15,40,1059,,1.0,1.0,40,,False,fpylll,,0.0969891849999839,,
10,0.15,40,1059,,1.0,1.0,40,,True,fpylll,,0.1038679510002111,,
12,0.15,40,1059,,1.0,1.0,40,,True,fpylll,,0.1152102590003778,,
14,0.15,40,1059,,1.0,1.0,40,,True,fpylll,,0.0969690179990721,,
8,0.2,40,1059,,0.990625,0.95,38,,False,fpylll,,0.1119870470010937,,
10,0.2,40,1059,,0.985,0.9,36,,True,fpylll,,0.0888614949999464,,
12,0.2,40,1059,,0.9833333333333332,0.875,35,,True,fpylll,,0.09599752000031,,
14,0.2,40,1059,,0.9839285714285714,0.875,35,,True,fpylll,,0.111496741999872,,
8,0.0,40,1060,,1.0,1.0,40,,False,fpylll,,0.1020413749993167,,
10,0.0,40,1060,,1.0,1.0,40,,True,fpylll,,0.0934691829988878,,
12,0.0,40,1060,,1.0,1.0,40,,True,fpylll,,0.1183215740002197,,
14,0.0,40,1060,,1.0,1.0,40,,True,fpylll,,0.0973199339987331,,
8,0.05,40,1060,,1.0,1.0,40,,False,fpylll,,0.0923980309999024,,
10,0.05,40,1060,,1.0,1.0,40,,True,fpylll,,0.1084467199998471,,
12,0.05,40,1060,,1.0,1.0,40,,True,fpylll,,0.0909068879991537,,
14,0.05,40,1060,,1.0,1.0,40,,True,fpylll,,0.0969098949990439,,
8,0.1,40,1060,,1.0,1.0,40,,False,fpylll,,0.0989354329994967,,
10,0.1,40,1060,,1.0,1.0,40,,True,fpylll,,0.0977958209987264,,
12,0.1,40,1060,,1.0,1.0,40,,True,fpylll,,0.1129531299993686,,
14,0.1,40,1060,,1.0,1.0,40,,True,fpylll,,0.1013483650003763,,
8,0.15,40,1060,,0.99375,0.975,39,,False,fpylll,,0.094110546999218,,
10,0.15,40,1060,,0.995,0.975,39,,True,fpylll,,0.0940317349995893,,
12,0.15,40,1060,,0.9958333333333332,0.975,39,,True,fpylll,,0.090521340000123,,
14,0.15,40,1060,,0.9964285714285714,0.975,39,,True,fpylll,,0.1165373399999225,,
8,0.2,40,1060,,0.984375,0.925,37,,False,fpylll,,0.0961069149998365,,
10,0.2,40,1060,,0.985,0.925,37,,True,fpylll,,0.1014794019993132,,
12,0.2,40,1060,,0.9875,0.925,37,,True,fpylll,,0.0948852720011927,,
14,0.2,40,1060,,0.9857142857142858,0.875,35,,True,fpylll,,0.1233479900001839,,
8,0.0,40,1061,,1.0,1.0,40,,False,fpylll,,0.0904880569996748,,
10,0.0,40,1061,,1.0,1.0,40,,True,fpylll,,0.0987505779994535,,
12,0.0,40,1061,,1.0,1.0,40,,True,fpylll,,0.0936437669988663,,
14,0.0,40,1061,,1.0,1.0,40,,True,fpylll,,0.0978508150001289,,
8,0.05,40,1061,,1.0,1.0,40,,False,fpylll,,0.1142263799993088,,
10,0.05,40,1061,,1.0,1.0,40,,True,fpylll,,0.0917518239984929,,
12,0.05,40,1061,,1.0,1.0,40,,True,fpylll,,0.0963877100002719,,
14,0.05,40,1061,,1.0,1.0,40,,True,fpylll,,0.1041845399995509,,
8,0.1,40,1061,,1.0,1.0,40,,False,fpylll,,0.0914092860002711,,
10,0.1,40,1061,,1.0,1.0,40,,True,fpylll,,0.0951312189990858,,
12,0.1,40,1061,,1.0,1.0,40,,True,fpylll,,0.0892948700002307,,
14,0.1,40,1061,,1.0,1.0,40,,True,fpylll,,0.093806945000324,,
8,0.15,40,1061,,1.0,1.0,40,,False,fpylll,,0.0911471429990342,,
10,0.15,40,1061,,1.0,1.0,40,,True,fpylll,,0.0890780540012201,,
12,0.15,40,1061,,1.0,1.0,40,,True,fpylll,,0.1149029860007431,,
14,0.15,40,1061,,1.0,1.0,40,,True,fpylll,,0.0949266850002459,,
8,0.2,40,1061,,0.99375,0.95,38,,False,fpylll,,0.0916254120002122,,
10,0.2,40,1061,,0.985,0.925,37,,True,fpylll,,0.1023267090004083,,
12,0.2,40,1061,,0.9833333333333332,0.925,37,,True,fpylll,,0.0997600040009274,,
14,0.2,40,1061,,0.9857142857142858,0.925,37,,True,fpylll,,0.1011467340013041,,
8,0.0,40,1062,,1.0,1.0,40,,False,fpylll,,0.0972992449987941,,
10,0.0,40,1062,,1.0,1.0,40,,True,fpylll,,0.0970877519994246,,
12,0.0,40,1062,,1.0,1.0,40,,True,fpylll,,0.0912559879998298,,
14,0.0,40,1062,,1.0,1.0,40,,True,fpylll,,0.1085254520003218,,
8,0.05,40,1062,,1.0,1.0,40,,False,fpylll,,0.0981573130011383,,
10,0.05,40,1062,,1.0,1.0,40,,True,fpylll,,0.0924235530001169,,
12,0.05,40,1062,,1.0,1.0,40,,True,fpylll,,0.0951286130002699,,
14,0.05,40,1062,,1.0,1.0,40,,True,fpylll,,0.0993674530000134,,
8,0.1,40,1062,,1.0,1.0,40,,False,fpylll,,0.0896497379999345,,
10,0.1,40,1062,,1.0,1.0,40,,True,fpylll,,0.0918228980008279,,
12,0.1,40,1062,,1.0,1.0,40,,True,fpylll,,0.1152179760010767,,
14,0.1,40,1062,,1.0,1.0,40,,True,fpylll,,0.0917294709997804,,
8,0.15,40,1062,,1.0,1.0,40,,False,fpylll,,0.0972485550009878,,
10,0.15,40,1062,,1.0,1.0,40,,True,fpylll,,0.1034900689992355,,
12,0.15,40,1062,,1.0,1.0,40,,True,fpylll,,0.0944955429986293,,
14,0.15,40,1062,,1.0,1.0,40,,True,fpylll,,0.0904161829985241,,
8,0.2,40,1062,,0.98125,0.925,37,,False,fpylll,,0.094991829000719,,
10,0.2,40,1062,,0.985,0.925,37,,True,fpylll,,0.0955779190007888,,
12,0.2,40,1062,,0.9875,0.925,37,,True,fpylll,,0.0928401850014779,,
14,0.2,40,1062,,0.9892857142857144,0.925,37,,True,fpylll,,0.0980800249999447,,
8,0.0,40,1063,,1.0,1.0,40,,False,fpylll,,0.0966041429983306,,
10,0.0,40,1063,,1.0,1.0,40,,True,fpylll,,0.0937600349989224,,
12,0.0,40,1063,,1.0,1.0,40,,True,fpylll,,0.0980675999999221,,
14,0.0,40,1063,,1.0,1.0,40,,True,fpylll,,0.0911322949996247,,
8,0.05,40,1063,,1.0,1.0,40,,False,fpylll,,0.0967158109997399,,
10,0.05,40,1063,,1.0,1.0,40,,True,fpylll,,0.1022355019995302,,
12,0.05,40,1063,,1.0,1.0,40,,True,fpylll,,0.0966192979994957,,
14,0.05,40,1063,,1.0,1.0,40,,True,fpylll,,0.0903142189999925,,
8,0.1,40,1063,,1.0,1.0,40,,False,fpylll,,0.0924506529991049,,
10,0.1,40,1063,,1.0,1.0,40,,True,fpylll,,0.1064559719998214,,
12,0.1,40,1063,,1.0,1.0,40,,True,fpylll,,0.0954766909999307,,
14,0.1,40,1063,,1.0,1.0,40,,True,fpylll,,0.1017421529995772,,
8,0.15,40,1063,,1.0,1.0,40,,False,fpylll,,0.0877876399990782,,
10,0.15,40,1063,,1.0,1.0,40,,True,fpylll,,0.0937059739990218,,
12,0.15,40,1063,,1.0,1.0,40,,True,fpylll,,0.0950297689996659,,
14,0.15,40,1063,,1.0,1.0,40,,True,fpylll,,0.0889854240012937,,
8,0.2,40,1063,,0.9875,0.95,38,,False,fpylll,,0.092693484000847,,
10,0.2,40,1063,,0.99,0.95,38,,True,fpylll,,0.0940709829992556,,
12,0.2,40,1063,,0.9875,0.925,37,,True,fpylll,,0.0880420930006948,,
14,0.2,40,1063,,0.9857142857142858,0.925,37,,True,fpylll,,0.09672480700101,,
8,0.0,40,1064,,1.0,1.0,40,,False,fpylll,,0.0955624029993487,,
10,0.0,40,1064,,1.0,1.0,40,,True,fpylll,,0.0923669719995814,,
12,0.0,40,1064,,1.0,1.0,40,,True,fpylll,,0.094007240000792,,
14,0.0,40,1064,,1.0,1.0,40,,True,fpylll,,0.093771245001335,,
8,0.05,40,1064,,1.0,1.0,40,,False,fpylll,,0.0872215310009778,,
10,0.05,40,1064,,1.0,1.0,40,,True,fpylll,,0.1054142949997185,,
12,0.05,40,1064,,1.0,1.0,40,,True,fpylll,,0.0942999589988176,,
14,0.05,40,1064,,1.0,1.0,40,,True,fpylll,,0.0908738099988113,,
8,0.1,40,1064,,1.0,1.0,40,,False,fpylll,,0.0895566140006849,,
10,0.1,40,1064,,1.0,1.0,40,,True,fpylll,,0.0934368270009144,,
12,0.1,40,1064,,1.0,1.0,40,,True,fpylll,,0.0933479850009462,,
14,0.1,40,1064,,1.0,1.0,40,,True,fpylll,,0.0893783929986966,,
8,0.15,40,1064,,1.0,1.0,40,,False,fpylll,,0.1298257339985866,,
10,0.15,40,1064,,1.0,1.0,40,,True,fpylll,,0.0953221939998911,,
12,0.15,40,1064,,1.0,1.0,40,,True,fpylll,,0.0950755049998406,,
14,0.15,40,1064,,1.0,1.0,40,,True,fpylll,,0.088689868000074,,
8,0.2,40,1064,,0.99375,0.975,39,,False,fpylll,,0.0885662279997632,,
10,0.2,40,1064,,0.995,0.975,39,,True,fpylll,,0.0897861729990836,,
12,0.2,40,1064,,0.9958333333333332,0.975,39,,True,fpylll,,0.0993038380001962,,
14,0.2,40,1064,,0.9964285714285714,0.975,39,,True,fpylll,,0.09316534699974,,
8,0.0,40,1065,,1.0,1.0,40,,False,fpylll,,0.1002027089998591,,
10,0.0,40,1065,,1.0,1.0,40,,True,fpylll,,0.1071965739993174,,
12,0.0,40,1065,,1.0,1.0,40,,True,fpylll,,0.1078186710001318,,
14,0.0,40,1065,,1.0,1.0,40,,True,fpylll,,0.1021192879998125,,
8,0.05,40,1065,,1.0,1.0,40,,False,fpylll,,0.0995803859987063,,
10,0.05,40,1065,,1.0,1.0,40,,True,fpylll,,0.1054334930013283,,
12,0.05,40,1065,,1.0,1.0,40,,True,fpylll,,0.1137625620012841,,
14,0.05,40,1065,,1.0,1.0,40,,True,fpylll,,0.1117372699991392,,
8,0.1,40,1065,,1.0,1.0,40,,False,fpylll,,0.1536576369999238,,
10,0.1,40,1065,,1.0,1.0,40,,True,fpylll,,0.1188454230014031,,
12,0.1,40,1065,,1.0,1.0,40,,True,fpylll,,0.2134773850011697,,
14,0.1,40,1065,,1.0,1.0,40,,True,fpylll,,0.0926065820003714,,
8,0.15,40,1065,,1.0,1.0,40,,False,fpylll,,0.0904741670001385,,
10,0.15,40,1065,,1.0,1.0,40,,True,fpylll,,0.0902238149992626,,
12,0.15,40,1065,,1.0,1.0,40,,True,fpylll,,0.0902855290005391,,
14,0.15,40,1065,,1.0,1.0,40,,True,fpylll,,0.0912299960000382,,
8,0.2,40,1065,,0.990625,0.95,38,,False,fpylll,,0.08886904999963,,
10,0.2,40,1065,,0.9875,0.9,36,,True,fpylll,,0.0979485000007116,,
12,0.2,40,1065,,0.9854166666666668,0.9,36,,True,fpylll,,0.0918189170006371,,
14,0.2,40,1065,,0.9875,0.9,36,,True,fpylll,,0.0914336589994491,,
8,0.0,40,1066,,1.0,1.0,40,,False,fpylll,,0.0885501630000362,,
10,0.0,40,1066,,1.0,1.0,40,,True,fpylll,,0.091670341000281,,
12,0.0,40,1066,,1.0,1.0,40,,True,fpylll,,0.0908546350001415,,
14,0.0,40,1066,,1.0,1.0,40,,True,fpylll,,0.0970171600001776,,
8,0.05,40,1066,,1.0,1.0,40,,False,fpylll,,0.0916047020000405,,
10,0.05,40,1066,,1.0,1.0,40,,True,fpylll,,0.0932853819995216,,
12,0.05,40,1066,,1.0,1.0,40,,True,fpylll,,0.0910833830002957,,
14,0.05,40,1066,,1.0,1.0,40,,True,fpylll,,0.0910431310003332,,
8,0.1,40,1066,,1.0,1.0,40,,False,fpylll,,0.094005669998296,,
10,0.1,40,1066,,1.0,1.0,40,,True,fpylll,,0.0899335890007932,,
12,0.1,40,1066,,1.0,1.0,40,,True,fpylll,,0.0903487850009696,,
14,0.1,40,1066,,1.0,1.0,40,,True,fpylll,,0.0940850720016897,,
8,0.15,40,1066,,1.0,1.0,40,,False,fpylll,,0.0915777290010737,,
10,0.15,40,1066,,1.0,1.0,40,,True,fpylll,,0.092172055001356,,
12,0.15,40,1066,,1.0,1.0,40,,True,fpylll,,0.0902263059997494,,
14,0.15,40,1066,,1.0,1.0,40,,True,fpylll,,0.0899950360017101,,
8,0.2,40,1066,,0.965625,0.85,34,,False,fpylll,,0.0915039949995843,,
10,0.2,40,1066,,0.97,0.85,34,,True,fpylll,,0.0895017929997266,,
12,0.2,40,1066,,0.975,0.85,34,,True,fpylll,,0.0885519660005229,,
14,0.2,40,1066,,0.9696428571428573,0.8,32,,True,fpylll,,0.0946963299993512,,
8,0.0,40,1067,,1.0,1.0,40,,False,fpylll,,0.0915806230004818,,
10,0.0,40,1067,,1.0,1.0,40,,True,fpylll,,0.0888657049999892,,
12,0.0,40,1067,,1.0,1.0,40,,True,fpylll,,0.0949043229993549,,
14,0.0,40,1067,,1.0,1.0,40,,True,fpylll,,0.0932301490011013,,
8,0.05,40,1067,,1.0,1.0,40,,False,fpylll,,0.0907407239992608,,
10,0.05,40,1067,,1.0,1.0,40,,True,fpylll,,0.0884716500004287,,
12,0.05,40,1067,,1.0,1.0,40,,True,fpylll,,0.0915257659999042,,
14,0.05,40,1067,,1.0,1.0,40,,True,fpylll,,0.1002456949991028,,
8,0.1,40,1067,,1.0,1.0,40,,False,fpylll,,0.0989385420016333,,
10,0.1,40,1067,,1.0,1.0,40,,True,fpylll,,0.0935059390012611,,
12,0.1,40,1067,,1.0,1.0,40,,True,fpylll,,0.1075353129999712,,
14,0.1,40,1067,,1.0,1.0,40,,True,fpylll,,0.09178890000112,,
8,0.15,40,1067,,0.99375,0.975,39,,False,fpylll,,0.0884647399998357,,
10,0.15,40,1067,,0.995,0.975,39,,True,fpylll,,0.1005891000004339,,
12,0.15,40,1067,,0.9958333333333332,0.975,39,,True,fpylll,,0.0955255680000846,,
14,0.15,40,1067,,0.9964285714285714,0.975,39,,True,fpylll,,0.0898361870004009,,
8,0.2,40,1067,,0.971875,0.875,35,,False,fpylll,,0.1000484329997561,,
10,0.2,40,1067,,0.975,0.875,35,,True,fpylll,,0.0879289470012736,,
12,0.2,40,1067,,0.9791666666666666,0.875,35,,True,fpylll,,0.1012801549986761,,
14,0.2,40,1067,,0.9803571428571428,0.85,34,,True,fpylll,,0.088442803998987,,
8,0.0,40,1068,,1.0,1.0,40,,False,fpylll,,0.0868689910003013,,
10,0.0,40,1068,,1.0,1.0,40,,True,fpylll,,0.0908828990013717,,
12,0.0,40,1068,,1.0,1.0,40,,True,fpylll,,0.1033737879988621,,
14,0.0,40,1068,,1.0,1.0,40,,True,fpylll,,0.088933225000801,,
8,0.05,40,1068,,1.0,1.0,40,,False,fpylll,,0.0933427550007763,,
10,0.05,40,1068,,1.0,1.0,40,,True,fpylll,,0.0920783810015564,,
12,0.05,40,1068,,1.0,1.0,40,,True,fpylll,,0.0877119469987519,,
14,0.05,40,1068,,1.0,1.0,40,,True,fpylll,,0.0933343319993582,,
8,0.1,40,1068,,1.0,1.0,40,,False,fpylll,,0.0849350569988018,,
10,0.1,40,1068,,1.0,1.0,40,,True,fpylll,,0.0907141059997229,,
12,0.1,40,1068,,1.0,1.0,40,,True,fpylll,,0.0925966659997357,,
14,0.1,40,1068,,1.0,1.0,40,,True,fpylll,,0.0871130659998016,,
8,0.15,40,1068,,1.0,1.0,40,,False,fpylll,,0.0860674629984714,,
10,0.15,40,1068,,1.0,1.0,40,,True,fpylll,,0.092205578001085,,
12,0.15,40,1068,,1.0,1.0,40,,True,fpylll,,0.0880061379994003,,
14,0.15,40,1068,,1.0,1.0,40,,True,fpylll,,0.0916735740011063,,
8,0.2,40,1068,,0.99375,0.975,39,,False,fpylll,,0.0888856300007319,,
10,0.2,40,1068,,0.995,0.975,39,,True,fpylll,,0.0898514370001066,,
12,0.2,40,1068,,0.99375,0.95,38,,True,fpylll,,0.090771401000893,,
14,0.2,40,1068,,0.9928571428571428,0.95,38,,True,fpylll,,0.1037799100013217,,
8,0.0,40,1069,,1.0,1.0,40,,False,fpylll,,0.0891540729990083,,
10,0.0,40,1069,,1.0,1.0,40,,True,fpylll,,0.0947786480010108,,
12,0.0,40,1069,,1.0,1.0,40,,True,fpylll,,0.0922684079996543,,
14,0.0,40,1069,,1.0,1.0,40,,True,fpylll,,0.090570046000721,,
8,0.05,40,1069,,1.0,1.0,40,,False,fpylll,,0.0889064949988096,,
10,0.05,40,1069,,1.0,1.0,40,,True,fpylll,,0.0956116750003275,,
12,0.05,40,1069,,1.0,1.0,40,,True,fpylll,,0.1020043660009832,,
14,0.05,40,1069,,1.0,1.0,40,,True,fpylll,,0.0924015359996701,,
8,0.1,40,1069,,1.0,1.0,40,,False,fpylll,,0.0924996569992799,,
10,0.1,40,1069,,1.0,1.0,40,,True,fpylll,,0.0924503810001624,,
12,0.1,40,1069,,1.0,1.0,40,,True,fpylll,,0.1255523199997696,,
14,0.1,40,1069,,1.0,1.0,40,,True,fpylll,,0.09121354600029,,
8,0.15,40,1069,,1.0,1.0,40,,False,fpylll,,0.0903519200001028,,
10,0.15,40,1069,,1.0,1.0,40,,True,fpylll,,0.0917777109989401,,
12,0.15,40,1069,,1.0,1.0,40,,True,fpylll,,0.0908302769985311,,
14,0.15,40,1069,,1.0,1.0,40,,True,fpylll,,0.0959149740010616,,
8,0.2,40,1069,,0.99375,0.975,39,,False,fpylll,,0.0892382279998855,,
10,0.2,40,1069,,0.995,0.975,39,,True,fpylll,,0.0946224969993636,,
12,0.2,40,1069,,0.9958333333333332,0.975,39,,True,fpylll,,0.0930261689991311,,
14,0.2,40,1069,,0.9964285714285714,0.975,39,,True,fpylll,,0.0901870190009503,,
8,0.0,40,1070,,1.0,1.0,40,,False,fpylll,,0.0926658099997439,,
10,0.0,40,1070,,1.0,1.0,40,,True,fpylll,,0.0893117949999577,,
12,0.0,40,1070,,1.0,1.0,40,,True,fpylll,,0.0917664230000809,,
14,0.0,40,1070,,1.0,1.0,40,,True,fpylll,,0.0899482959994202,,
8,0.05,40,1070,,1.0,1.0,40,,False,fpylll,,0.0894396490002691,,
10,0.05,40,1070,,1.0,1.0,40,,True,fpylll,,0.0896430070006317,,
12,0.05,40,1070,,1.0,1.0,40,,True,fpylll,,0.0916312760000437,,
14,0.05,40,1070,,1.0,1.0,40,,True,fpylll,,0.0921750519992201,,
8,0.1,40,1070,,1.0,1.0,40,,False,fpylll,,0.0916349029994307,,
10,0.1,40,1070,,1.0,1.0,40,,True,fpylll,,0.0899141869995219,,
12,0.1,40,1070,,1.0,1.0,40,,True,fpylll,,0.0923913469996478,,
14,0.1,40,1070,,1.0,1.0,40,,True,fpylll,,0.0902454579991172,,
8,0.15,40,1070,,1.0,1.0,40,,False,fpylll,,0.0945254610014671,,
10,0.15,40,1070,,1.0,1.0,40,,True,fpylll,,0.0901586719992337,,
12,0.15,40,1070,,1.0,1.0,40,,True,fpylll,,0.09446033399945,,
14,0.15,40,1070,,1.0,1.0,40,,True,fpylll,,0.0913099110002804,,
8,0.2,40,1070,,0.990625,0.95,38,,False,fpylll,,0.0910316860008606,,
10,0.2,40,1070,,0.99,0.95,38,,True,fpylll,,0.0932966809996287,,
12,0.2,40,1070,,0.9895833333333334,0.925,37,,True,fpylll,,0.0923513679990719,,
14,0.2,40,1070,,0.9875,0.9,36,,True,fpylll,,0.0905407889986236,,
8,0.0,40,1071,,1.0,1.0,40,,False,fpylll,,0.0908421389995055,,
10,0.0,40,1071,,1.0,1.0,40,,True,fpylll,,0.0910906710014387,,
12,0.0,40,1071,,1.0,1.0,40,,True,fpylll,,0.089839688000211,,
14,0.0,40,1071,,1.0,1.0,40,,True,fpylll,,0.0906343459992058,,
8,0.05,40,1071,,1.0,1.0,40,,False,fpylll,,0.0933590679996996,,
10,0.05,40,1071,,1.0,1.0,40,,True,fpylll,,0.091982141999324,,
12,0.05,40,1071,,1.0,1.0,40,,True,fpylll,,0.0902360279997083,,
14,0.05,40,1071,,1.0,1.0,40,,True,fpylll,,0.0938247029989725,,
8,0.1,40,1071,,1.0,1.0,40,,False,fpylll,,0.0926222239995695,,
10,0.1,40,1071,,1.0,1.0,40,,True,fpylll,,0.0896801950002554,,
12,0.1,40,1071,,1.0,1.0,40,,True,fpylll,,0.3788371139999071,,
14,0.1,40,1071,,1.0,1.0,40,,True,fpylll,,0.0937511240008461,,
8,0.15,40,1071,,1.0,1.0,40,,False,fpylll,,0.0944324360007158,,
10,0.15,40,1071,,1.0,1.0,40,,True,fpylll,,0.0915083660001983,,
12,0.15,40,1071,,1.0,1.0,40,,True,fpylll,,0.0901166019993979,,
14,0.15,40,1071,,1.0,1.0,40,,True,fpylll,,0.0909789140005159,,
8,0.2,40,1071,,0.990625,0.95,38,,False,fpylll,,0.0921592850008892,,
10,0.2,40,1071,,0.99,0.95,38,,True,fpylll,,0.0911317860009148,,
12,0.2,40,1071,,0.9916666666666668,0.95,38,,True,fpylll,,0.0913281380016997,,
14,0.2,40,1071,,0.9928571428571428,0.95,38,,True,fpylll,,0.089515929999834,,
8,0.0,40,1072,,1.0,1.0,40,,False,fpylll,,0.0897486270005174,,
10,0.0,40,1072,,1.0,1.0,40,,True,fpylll,,0.0920056630002363,,
12,0.0,40,1072,,1.0,1.0,40,,True,fpylll,,0.0919472160003351,,
14,0.0,40,1072,,1.0,1.0,40,,True,fpylll,,0.0896916370002145,,
8,0.05,40,1072,,1.0,1.0,40,,False,fpylll,,0.0896754089990281,,
10,0.05,40,1072,,1.0,1.0,40,,True,fpylll,,0.0913804850006272,,
12,0.05,40,1072,,1.0,1.0,40,,True,fpylll,,0.0919399859994882,,
14,0.05,40,1072,,1.0,1.0,40,,True,fpylll,,0.0910268480001832,,
8,0.1,40,1072,,1.0,1.0,40,,False,fpylll,,0.0898802529991371,,
10,0.1,40,1072,,1.0,1.0,40,,True,fpylll,,0.0926960569995571,,
12,0.1,40,1072,,1.0,1.0,40,,True,fpylll,,0.0919559609992575,,
14,0.1,40,1072,,1.0,1.0,40,,True,fpylll,,0.0924676440008624,,
8,0.15,40,1072,,1.0,1.0,40,,False,fpylll,,0.0951260440015175,,
10,0.15,40,1072,,1.0,1.0,40,,True,fpylll,,0.094076158999087,,
12,0.15,40,1072,,1.0,1.0,40,,True,fpylll,,0.1380197119997319,,
14,0.15,40,1072,,1.0,1.0,40,,True,fpylll,,0.092833648001033,,
8,0.2,40,1072,,0.971875,0.85,34,,False,fpylll,,0.0886403019994759,,
10,0.2,40,1072,,0.9725,0.85,34,,True,fpylll,,0.0951142049998452,,
12,0.2,40,1072,,0.975,0.85,34,,True,fpylll,,0.095641391000754,,
14,0.2,40,1072,,0.9785714285714284,0.85,34,,True,fpylll,,0.0905815210007858,,
8,0.0,40,1073,,1.0,1.0,40,,False,fpylll,,0.0917113770010473,,
10,0.0,40,1073,,1.0,1.0,40,,True,fpylll,,0.0894676640000398,,
12,0.0,40,1073,,1.0,1.0,40,,True,fpylll,,0.0921343760001036,,
14,0.0,40,1073,,1.0,1.0,40,,True,fpylll,,0.0992336090002936,,
8,0.05,40,1073,,1.0,1.0,40,,False,fpylll,,0.0923673409997718,,
10,0.05,40,1073,,1.0,1.0,40,,True,fpylll,,0.0969105519998265,,
12,0.05,40,1073,,1.0,1.0,40,,True,fpylll,,0.0927960310000344,,
14,0.05,40,1073,,1.0,1.0,40,,True,fpylll,,0.0949096730000746,,
8,0.1,40,1073,,1.0,1.0,40,,False,fpylll,,0.0900776609996683,,
10,0.1,40,1073,,1.0,1.0,40,,True,fpylll,,0.1051192810009524,,
12,0.1,40,1073,,1.0,1.0,40,,True,fpylll,,0.0916445770017162,,
14,0.1,40,1073,,1.0,1.0,40,,True,fpylll,,0.0919605229992157,,
8,0.15,40,1073,,1.0,1.0,40,,False,fpylll,,0.089121590999639,,
10,0.15,40,1073,,1.0,1.0,40,,True,fpylll,,0.0898509959988587,,
12,0.15,40,1073,,0.9958333333333332,0.975,39,,True,fpylll,,0.0981630109999969,,
14,0.15,40,1073,,0.9964285714285714,0.975,39,,True,fpylll,,0.09307667900066,,
8,0.2,40,1073,,0.99375,0.975,39,,False,fpylll,,0.1097890990004089,,
10,0.2,40,1073,,0.9925,0.95,38,,True,fpylll,,0.0940079060001153,,
12,0.2,40,1073,,0.9854166666666668,0.9,36,,True,fpylll,,0.1006999549990723,,
14,0.2,40,1073,,0.9857142857142858,0.9,36,,True,fpylll,,0.1020015249996504,,
8,0.0,40,1074,,1.0,1.0,40,,False,fpylll,,0.0939672740005335,,
10,0.0,40,1074,,1.0,1.0,40,,True,fpylll,,0.0910773750001681,,
12,0.0,40,1074,,1.0,1.0,40,,True,fpylll,,0.0882076870002492,,
14,0.0,40,1074,,1.0,1.0,40,,True,fpylll,,0.0889682600009109,,
8,0.05,40,1074,,1.0,1.0,40,,False,fpylll,,0.0912357630004407,,
10,0.05,40,1074,,1.0,1.0,40,,True,fpylll,,0.0932643800006189,,
12,0.05,40,1074,,1.0,1.0,40,,True,fpylll,,0.0921639440002763,,
14,0.05,40,1074,,1.0,1.0,40,,True,fpylll,,0.0917626099999324,,
8,0.1,40,1074,,1.0,1.0,40,,False,fpylll,,0.0921128150002914,,
10,0.1,40,1074,,1.0,1.0,40,,True,fpylll,,0.0955374919994938,,
12,0.1,40,1074,,1.0,1.0,40,,True,fpylll,,0.0966234039988194,,
14,0.1,40,1074,,1.0,1.0,40,,True,fpylll,,0.0925448480011255,,
8,0.15,40,1074,,1.0,1.0,40,,False,fpylll,,0.0945606050008791,,
10,0.15,40,1074,,1.0,1.0,40,,True,fpylll,,0.0889878420002787,,
12,0.15,40,1074,,1.0,1.0,40,,True,fpylll,,0.0874062160000903,,
14,0.15,40,1074,,1.0,1.0,40,,True,fpylll,,0.0897494999990158,,
8,0.2,40,1074,,1.0,1.0,40,,False,fpylll,,0.0948183529999369,,
10,0.2,40,1074,,1.0,1.0,40,,True,fpylll,,0.0909032880008453,,
12,0.2,40,1074,,0.9958333333333332,0.975,39,,True,fpylll,,0.0879625249999662,,
14,0.2,40,1074,,0.9964285714285714,0.975,39,,True,fpylll,,0.0873388809995958,,
8,0.0,40,1075,,1.0,1.0,40,,False,fpylll,,0.0915605780010082,,
10,0.0,40,1075,,1.0,1.0,40,,True,fpylll,,0.0934832950006239,,
12,0.0,40,1075,,1.0,1.0,40,,True,fpylll,,0.0909972550016391,,
14,0.0,40,1075,,1.0,1.0,40,,True,fpylll,,0.0914001020009891,,
8,0.05,40,1075,,1.0,1.0,40,,False,fpylll,,0.0930633700008911,,
10,0.05,40,1075,,1.0,1.0,40,,True,fpylll,,0.0920433410010446,,
12,0.05,40,1075,,1.0,1.0,40,,True,fpylll,,0.092015000000174,,
14,0.05,40,1075,,1.0,1.0,40,,True,fpylll,,0.0907008390004193,,
8,0.1,40,1075,,1.0,1.0,40,,False,fpylll,,0.0996076240007823,,
10,0.1,40,1075,,1.0,1.0,40,,True,fpylll,,0.0927801970010477,,
12,0.1,40,1075,,1.0,1.0,40,,True,fpylll,,0.0902307540000038,,
14,0.1,40,1075,,1.0,1.0,40,,True,fpylll,,0.0958008190009422,,
8,0.15,40,1075,,1.0,1.0,40,,False,fpylll,,0.0921783650010183,,
10,0.15,40,1075,,1.0,1.0,40,,True,fpylll,,0.0939233230001264,,
12,0.15,40,1075,,1.0,1.0,40,,True,fpylll,,0.0933343950000562,,
14,0.15,40,1075,,1.0,1.0,40,,True,fpylll,,0.0918894810001802,,
8,0.2,40,1075,,1.0,1.0,40,,False,fpylll,,0.0925057860004017,,
10,0.2,40,1075,,1.0,1.0,40,,True,fpylll,,0.0926807359992381,,
12,0.2,40,1075,,1.0,1.0,40,,True,fpylll,,0.0883836610009893,,
14,0.2,40,1075,,0.9964285714285714,0.975,39,,True,fpylll,,0.0903998220001085,,
8,0.0,40,1076,,1.0,1.0,40,,False,fpylll,,0.094783690999975,,
10,0.0,40,1076,,1.0,1.0,40,,True,fpylll,,0.1040457700000843,,
12,0.0,40,1076,,1.0,1.0,40,,True,fpylll,,0.1028811960004532,,
14,0.0,40,1076,,1.0,1.0,40,,True,fpylll,,0.0923663269986718,,
8,0.05,40,1076,,1.0,1.0,40,,False,fpylll,,0.0926467440003762,,
10,0.05,40,1076,,1.0,1.0,40,,True,fpylll,,0.0900259350000851,,
12,0.05,40,1076,,1.0,1.0,40,,True,fpylll,,0.0923646430001099,,
14,0.05,40,1076,,1.0,1.0,40,,True,fpylll,,0.0887101970001822,,
8,0.1,40,1076,,1.0,1.0,40,,False,fpylll,,0.0921447269993223,,
10,0.1,40,1076,,1.0,1.0,40,,True,fpylll,,0.0917920419997244,,
12,0.1,40,1076,,1.0,1.0,40,,True,fpylll,,0.0963528209995274,,
14,0.1,40,1076,,1.0,1.0,40,,True,fpylll,,0.0960130929997831,,
8,0.15,40,1076,,0.99375,0.975,39,,False,fpylll,,0.0968212060015503,,
10,0.15,40,1076,,0.995,0.975,39,,True,fpylll,,0.089982378998684,,
12,0.15,40,1076,,0.9958333333333332,0.975,39,,True,fpylll,,0.0916439689990511,,
14,0.15,40,1076,,0.9964285714285714,0.975,39,,True,fpylll,,0.0914271879992156,,
8,0.2,40,1076,,0.9875,0.95,38,,False,fpylll,,0.0930700940007227,,
10,0.2,40,1076,,0.99,0.95,38,,True,fpylll,,0.1053827949999686,,
12,0.2,40,1076,,0.9916666666666668,0.95,38,,True,fpylll,,0.0946001710017299,,
14,0.2,40,1076,,0.9928571428571428,0.95,38,,True,fpylll,,0.0907606340006168,,
8,0.0,40,1077,,1.0,1.0,40,,False,fpylll,,0.0893722750006418,,
10,0.0,40,1077,,1.0,1.0,40,,True,fpylll,,0.0924461889990198,,
12,0.0,40,1077,,1.0,1.0,40,,True,fpylll,,0.0903373979999742,,
14,0.0,40,1077,,1.0,1.0,40,,True,fpylll,,0.0893641990005562,,
8,0.05,40,1077,,1.0,1.0,40,,False,fpylll,,0.0991597439988254,,
10,0.05,40,1077,,1.0,1.0,40,,True,fpylll,,0.094149524000386,,
12,0.05,40,1077,,1.0,1.0,40,,True,fpylll,,0.0890883869997196,,
14,0.05,40,1077,,1.0,1.0,40,,True,fpylll,,0.0928872490003414,,
8,0.1,40,1077,,1.0,1.0,40,,False,fpylll,,0.0891873290001967,,
10,0.1,40,1077,,1.0,1.0,40,,True,fpylll,,0.0921026689993596,,
12,0.1,40,1077,,1.0,1.0,40,,True,fpylll,,0.0908339059988065,,
14,0.1,40,1077,,1.0,1.0,40,,True,fpylll,,0.0919489379994047,,
8,0.15,40,1077,,1.0,1.0,40,,False,fpylll,,0.0895809960002225,,
10,0.15,40,1077,,1.0,1.0,40,,True,fpylll,,0.0963086680003471,,
12,0.15,40,1077,,1.0,1.0,40,,True,fpylll,,0.0980214869996416,,
14,0.15,40,1077,,1.0,1.0,40,,True,fpylll,,0.0903401150007994,,
8,0.2,40,1077,,0.99375,0.975,39,,False,fpylll,,0.092374739000661,,
10,0.2,40,1077,,0.99,0.95,38,,True,fpylll,,0.0959811920001811,,
12,0.2,40,1077,,0.9875,0.925,37,,True,fpylll,,0.0891591139989032,,
14,0.2,40,1077,,0.9857142857142858,0.925,37,,True,fpylll,,0.1069208000008075,,
8,0.0,40,1078,,1.0,1.0,40,,False,fpylll,,0.0871682750002946,,
10,0.0,40,1078,,1.0,1.0,40,,True,fpylll,,0.0930000370008201,,
12,0.0,40,1078,,1.0,1.0,40,,True,fpylll,,0.0900020099998073,,
14,0.0,40,1078,,1.0,1.0,40,,True,fpylll,,0.0955319800013967,,
8,0.05,40,1078,,1.0,1.0,40,,False,fpylll,,0.090142796998407,,
10,0.05,40,1078,,1.0,1.0,40,,True,fpylll,,0.0910226739997597,,
12,0.05,40,1078,,1.0,1.0,40,,True,fpylll,,0.089747811000052,,
14,0.05,40,1078,,1.0,1.0,40,,True,fpylll,,0.0980704459998378,,
8,0.1,40,1078,,1.0,1.0,40,,False,fpylll,,0.0903051419991243,,
10,0.1,40,1078,,1.0,1.0,40,,True,fpylll,,0.0917506530004175,,
12,0.1,40,1078,,1.0,1.0,40,,True,fpylll,,0.090013741999428,,
14,0.1,40,1078,,1.0,1.0,40,,True,fpylll,,0.0942175059990404,,
8,0.15,40,1078,,1.0,1.0,40,,False,fpylll,,0.0875582869994104,,
10,0.15,40,1078,,1.0,1.0,40,,True,fpylll,,0.0903546740009915,,
12,0.15,40,1078,,1.0,1.0,40,,True,fpylll,,0.0892878180002298,,
14,0.15,40,1078,,1.0,1.0,40,,True,fpylll,,0.0899661150015163,,
8,0.2,40,1078,,0.990625,0.95,38,,False,fpylll,,0.0910497120003128,,
10,0.2,40,1078,,0.9875,0.925,37,,True,fpylll,,0.0929238030003034,,
12,0.2,40,1078,,0.9833333333333332,0.9,36,,True,fpylll,,0.0928416999995533,,
14,0.2,40,1078,,0.9821428571428572,0.9,36,,True,fpylll,,0.0892983390003792,,
8,0.0,40,1079,,1.0,1.0,40,,False,fpylll,,0.0914585860009538,,
10,0.0,40,1079,,1.0,1.0,40,,True,fpylll,,0.0897133529997518,,
12,0.0,40,1079,,1.0,1.0,40,,True,fpylll,,0.0936044800000672,,
14,0.0,40,1079,,1.0,1.0,40,,True,fpylll,,0.0899914590008847,,
8,0.05,40,1079,,1.0,1.0,40,,False,fpylll,,0.0954131360012979,,
10,0.05,40,1079,,1.0,1.0,40,,True,fpylll,,0.0891488969991769,,
12,0.05,40,1079,,1.0,1.0,40,,True,fpylll,,0.0901950339994073,,
14,0.05,40,1079,,1.0,1.0,40,,True,fpylll,,0.0937500890013325,,
8,0.1,40,1079,,1.0,1.0,40,,False,fpylll,,0.0881006549989251,,
10,0.1,40,1079,,1.0,1.0,40,,True,fpylll,,0.0902274070012936,,
12,0.1,40,1079,,1.0,1.0,40,,True,fpylll,,0.0930421680004656,,
14,0.1,40,1079,,1.0,1.0,40,,True,fpylll,,0.0900075709996599,,
8,0.15,40,1079,,1.0,1.0,40,,False,fpylll,,0.0888731830000324,,
10,0.15,40,1079,,1.0,1.0,40,,True,fpylll,,0.098067250000895,,
12,0.15,40,1079,,1.0,1.0,40,,True,fpylll,,0.088269111000045,,
14,0.15,40,1079,,1.0,1.0,40,,True,fpylll,,0.0936406349992466,,
8,0.2,40,1079,,0.99375,0.975,39,,False,fpylll,,0.0879443789999641,,
10,0.2,40,1079,,0.995,0.975,39,,True,fpylll,,0.0917801290015631,,
12,0.2,40,1079,,0.9958333333333332,0.975,39,,True,fpylll,,0.0931494969991035,,
14,0.2,40,1079,,0.9964285714285714,0.975,39,,True,fpylll,,0.0925656399995205,,
8,0.0,40,1080,,1.0,1.0,40,,False,fpylll,,0.0908353899994836,,
10,0.0,40,1080,,1.0,1.0,40,,True,fpylll,,0.0894813790000625,,
12,0.0,40,1080,,1.0,1.0,40,,True,fpylll,,0.0891238889998931,,
14,0.0,40,1080,,1.0,1.0,40,,True,fpylll,,0.0912446040001668,,
8,0.05,40,1080,,1.0,1.0,40,,False,fpylll,,0.0905472719987301,,
10,0.05,40,1080,,1.0,1.0,40,,True,fpylll,,0.0894082009999692,,
12,0.05,40,1080,,1.0,1.0,40,,True,fpylll,,0.0891927490010857,,
14,0.05,40,1080,,1.0,1.0,40,,True,fpylll,,0.0910442570002487,,
8,0.1,40,1080,,1.0,1.0,40,,False,fpylll,,0.0897591730008571,,
10,0.1,40,1080,,1.0,1.0,40,,True,fpylll,,0.0917812419993424,,
12,0.1,40,1080,,1.0,1.0,40,,True,fpylll,,0.0915912230011599,,
14,0.1,40,1080,,1.0,1.0,40,,True,fpylll,,0.0902038409985834,,
8,0.15,40,1080,,1.0,1.0,40,,False,fpylll,,0.0897940300001209,,
10,0.15,40,1080,,1.0,1.0,40,,True,fpylll,,0.0905271219999122,,
12,0.15,40,1080,,1.0,1.0,40,,True,fpylll,,0.0927930049983842,,
14,0.15,40,1080,,1.0,1.0,40,,True,fpylll,,0.0911884750003082,,
8,0.2,40,1080,,0.978125,0.9,36,,False,fpylll,,0.0941996040000958,,
10,0.2,40,1080,,0.9825,0.9,36,,True,fpylll,,0.0942660310010978,,
12,0.2,40,1080,,0.9791666666666666,0.85,34,,True,fpylll,,0.0940070079996076,,
14,0.2,40,1080,,0.9785714285714284,0.85,34,,True,fpylll,,0.0934399680008937,,
8,0.0,40,1081,,1.0,1.0,40,,False,fpylll,,0.093561662999491,,
10,0.0,40,1081,,1.0,1.0,40,,True,fpylll,,0.0911588660001143,,
12,0.0,40,1081,,1.0,1.0,40,,True,fpylll,,0.0920965839995915,,
14,0.0,40,1081,,1.0,1.0,40,,True,fpylll,,0.0899480190000758,,
8,0.05,40,1081,,1.0,1.0,40,,False,fpylll,,0.1039844429997174,,
10,0.05,40,1081,,1.0,1.0,40,,True,fpylll,,0.0929950080007984,,
12,0.05,40,1081,,1.0,1.0,40,,True,fpylll,,0.0902706160013622,,
14,0.05,40,1081,,1.0,1.0,40,,True,fpylll,,0.0909922539995022,,
8,0.1,40,1081,,1.0,1.0,40,,False,fpylll,,0.0910465899996779,,
10,0.1,40,1081,,1.0,1.0,40,,True,fpylll,,0.0910364470000786,,
12,0.1,40,1081,,1.0,1.0,40,,True,fpylll,,0.0898572669993882,,
14,0.1,40,1081,,1.0,1.0,40,,True,fpylll,,0.0949441839984501,,
8,0.15,40,1081,,0.99375,0.975,39,,False,fpylll,,0.0896124230002897,,
10,0.15,40,1081,,0.995,0.975,39,,True,fpylll,,0.0890092059999005,,
12,0.15,40,1081,,0.9958333333333332,0.975,39,,True,fpylll,,0.0902505250014655,,
14,0.15,40,1081,,0.9964285714285714,0.975,39,,True,fpylll,,0.093204753999089,,
8,0.2,40,1081,,0.9875,0.95,38,,False,fpylll,,0.0915002970014029,,
10,0.2,40,1081,,0.99,0.95,38,,True,fpylll,,0.0902581620011915,,
12,0.2,40,1081,,0.9916666666666668,0.95,38,,True,fpylll,,0.0916129359993647,,
14,0.2,40,1081,,0.9928571428571428,0.95,38,,True,fpylll,,0.0938106489993515,,
8,0.0,40,1082,,1.0,1.0,40,,False,fpylll,,0.101710943999933,,
10,0.0,40,1082,,1.0,1.0,40,,True,fpylll,,0.0906244310008332,,
12,0.0,40,1082,,1.0,1.0,40,,True,fpylll,,0.0879012330005934,,
14,0.0,40,1082,,1.0,1.0,40,,True,fpylll,,0.0891781720001745,,
8,0.05,40,1082,,1.0,1.0,40,,False,fpylll,,0.0866906760002166,,
10,0.05,40,1082,,1.0,1.0,40,,True,fpylll,,0.0954845850010315,,
12,0.05,40,1082,,1.0,1.0,40,,True,fpylll,,0.0894555399991077,,
14,0.05,40,1082,,1.0,1.0,40,,True,fpylll,,0.0903529920014989,,
8,0.1,40,1082,,1.0,1.0,40,,False,fpylll,,0.101735098998688,,
10,0.1,40,1082,,1.0,1.0,40,,True,fpylll,,0.0929950099998677,,
12,0.1,40,1082,,1.0,1.0,40,,True,fpylll,,0.0884363710010802,,
14,0.1,40,1082,,1.0,1.0,40,,True,fpylll,,0.0996556339996459,,
8,0.15,40,1082,,1.0,1.0,40,,False,fpylll,,0.0907766899999842,,
10,0.15,40,1082,,1.0,1.0,40,,True,fpylll,,0.0927349720004713,,
12,0.15,40,1082,,1.0,1.0,40,,True,fpylll,,0.0925588169993716,,
14,0.15,40,1082,,1.0,1.0,40,,True,fpylll,,0.0914255349998711,,
8,0.2,40,1082,,0.984375,0.925,37,,False,fpylll,,0.0863507180001761,,
10,0.2,40,1082,,0.985,0.925,37,,True,fpylll,,0.0877909299997554,,
12,0.2,40,1082,,0.9875,0.925,37,,True,fpylll,,0.0896455429992784,,
14,0.2,40,1082,,0.9892857142857144,0.925,37,,True,fpylll,,0.0938140979997115,,
8,0.0,40,1083,,1.0,1.0,40,,False,fpylll,,0.0920855539989133,,
10,0.0,40,1083,,1.0,1.0,40,,True,fpylll,,0.0944751509996422,,
12,0.0,40,1083,,1.0,1.0,40,,True,fpylll,,0.1117387710000912,,
14,0.0,40,1083,,1.0,1.0,40,,True,fpylll,,0.0921111309999105,,
8,0.05,40,1083,,1.0,1.0,40,,False,fpylll,,0.0907176509990677,,
10,0.05,40,1083,,1.0,1.0,40,,True,fpylll,,0.0888733259998844,,
12,0.05,40,1083,,1.0,1.0,40,,True,fpylll,,0.0895228090012096,,
14,0.05,40,1083,,1.0,1.0,40,,True,fpylll,,0.0909570160001749,,
8,0.1,40,1083,,1.0,1.0,40,,False,fpylll,,0.0883538280013453,,
10,0.1,40,1083,,1.0,1.0,40,,True,fpylll,,0.0874311339994164,,
12,0.1,40,1083,,1.0,1.0,40,,True,fpylll,,0.0895551370012981,,
14,0.1,40,1083,,1.0,1.0,40,,True,fpylll,,0.0907402180000644,,
8,0.15,40,1083,,1.0,1.0,40,,False,fpylll,,0.0867698250003741,,
10,0.15,40,1083,,1.0,1.0,40,,True,fpylll,,0.0949965460004023,,
12,0.15,40,1083,,1.0,1.0,40,,True,fpylll,,0.0908093899997766,,
14,0.15,40,1083,,1.0,1.0,40,,True,fpylll,,0.0920993589988938,,
8,0.2,40,1083,,0.996875,0.975,39,,False,fpylll,,0.0897602820004976,,
10,0.2,40,1083,,0.9925,0.95,38,,True,fpylll,,0.0874686679999285,,
12,0.2,40,1083,,0.9916666666666668,0.95,38,,True,fpylll,,0.0930267540006752,,
14,0.2,40,1083,,0.9928571428571428,0.95,38,,True,fpylll,,0.1087841809985548,,
8,0.0,40,1084,,1.0,1.0,40,,False,fpylll,,0.0938966979992983,,
10,0.0,40,1084,,1.0,1.0,40,,True,fpylll,,0.0932627239999419,,
12,0.0,40,1084,,1.0,1.0,40,,True,fpylll,,0.0987486570011242,,
14,0.0,40,1084,,1.0,1.0,40,,True,fpylll,,0.096900425000058,,
8,0.05,40,1084,,1.0,1.0,40,,False,fpylll,,0.0907022270002926,,
10,0.05,40,1084,,1.0,1.0,40,,True,fpylll,,0.0934832689999893,,
12,0.05,40,1084,,1.0,1.0,40,,True,fpylll,,0.0883400830007303,,
14,0.05,40,1084,,1.0,1.0,40,,True,fpylll,,0.0931125360002624,,
8,0.1,40,1084,,1.0,1.0,40,,False,fpylll,,0.0961348169985285,,
10,0.1,40,1084,,1.0,1.0,40,,True,fpylll,,0.0934099440000864,,
12,0.1,40,1084,,1.0,1.0,40,,True,fpylll,,0.088267013999939,,
14,0.1,40,1084,,1.0,1.0,40,,True,fpylll,,0.0933380290007335,,
8,0.15,40,1084,,1.0,1.0,40,,False,fpylll,,0.0914715470007649,,
10,0.15,40,1084,,1.0,1.0,40,,True,fpylll,,0.10342632100037,,
12,0.15,40,1084,,1.0,1.0,40,,True,fpylll,,0.0896005220001825,,
14,0.15,40,1084,,1.0,1.0,40,,True,fpylll,,0.093710455999826,,
8,0.2,40,1084,,0.9875,0.95,38,,False,fpylll,,0.0932480929986923,,
10,0.2,40,1084,,0.99,0.95,38,,True,fpylll,,0.0920436050000717,,
12,0.2,40,1084,,0.9916666666666668,0.95,38,,True,fpylll,,0.0890564760011329,,
14,0.2,40,1084,,0.9928571428571428,0.95,38,,True,fpylll,,0.0935020460001396,,
8,0.0,40,1085,,1.0,1.0,40,,False,fpylll,,0.0869292719999066,,
10,0.0,40,1085,,1.0,1.0,40,,True,fpylll,,0.0918495830010215,,
12,0.0,40,1085,,1.0,1.0,40,,True,fpylll,,0.0931299299991224,,
14,0.0,40,1085,,1.0,1.0,40,,True,fpylll,,0.0889806089999183,,
8,0.05,40,1085,,1.0,1.0,40,,False,fpylll,,0.0915112239999871,,
10,0.05,40,1085,,1.0,1.0,40,,True,fpylll,,0.0934002209996833,,
12,0.05,40,1085,,1.0,1.0,40,,True,fpylll,,0.4175446310000552,,
14,0.05,40,1085,,1.0,1.0,40,,True,fpylll,,0.0887466439999116,,
8,0.1,40,1085,,1.0,1.0,40,,False,fpylll,,0.0904426550005155,,
10,0.1,40,1085,,1.0,1.0,40,,True,fpylll,,0.0904282610008522,,
12,0.1,40,1085,,1.0,1.0,40,,True,fpylll,,0.0937733039991144,,
14,0.1,40,1085,,1.0,1.0,40,,True,fpylll,,0.0879689090015745,,
8,0.15,40,1085,,1.0,1.0,40,,False,fpylll,,0.0896769989994936,,
10,0.15,40,1085,,1.0,1.0,40,,True,fpylll,,0.093232662000446,,
12,0.15,40,1085,,1.0,1.0,40,,True,fpylll,,0.091496035000091,,
14,0.15,40,1085,,1.0,1.0,40,,True,fpylll,,0.0912925049997284,,
8,0.2,40,1085,,0.975,0.9,36,,False,fpylll,,0.0919813450000219,,
10,0.2,40,1085,,0.98,0.9,36,,True,fpylll,,0.092724914999053,,
12,0.2,40,1085,,0.9833333333333332,0.9,36,,True,fpylll,,0.0918969869999273,,
14,0.2,40,1085,,0.9839285714285714,0.875,35,,True,fpylll,,0.0916166440001688,,
8,0.0,40,1086,,1.0,1.0,40,,False,fpylll,,0.0895284879989049,,
10,0.0,40,1086,,1.0,1.0,40,,True,fpylll,,0.0897769359999074,,
12,0.0,40,1086,,1.0,1.0,40,,True,fpylll,,0.0913869420000992,,
14,0.0,40,1086,,1.0,1.0,40,,True,fpylll,,0.0909874320004746,,
8,0.05,40,1086,,1.0,1.0,40,,False,fpylll,,0.0892929090005054,,
10,0.05,40,1086,,1.0,1.0,40,,True,fpylll,,0.0918042869998316,,
12,0.05,40,1086,,1.0,1.0,40,,True,fpylll,,0.0924935950006329,,
14,0.05,40,1086,,1.0,1.0,40,,True,fpylll,,0.0910972349993244,,
8,0.1,40,1086,,1.0,1.0,40,,False,fpylll,,0.0880520660011825,,
10,0.1,40,1086,,1.0,1.0,40,,True,fpylll,,0.0931188520007708,,
12,0.1,40,1086,,1.0,1.0,40,,True,fpylll,,0.0923076580002089,,
14,0.1,40,1086,,1.0,1.0,40,,True,fpylll,,0.0955435690011654,,
8,0.15,40,1086,,1.0,1.0,40,,False,fpylll,,0.0880168780004169,,
10,0.15,40,1086,,1.0,1.0,40,,True,fpylll,,0.089506975000404,,
12,0.15,40,1086,,1.0,1.0,40,,True,fpylll,,0.092963023998891,,
14,0.15,40,1086,,1.0,1.0,40,,True,fpylll,,0.0935412359995098,,
8,0.2,40,1086,,0.9875,0.95,38,,False,fpylll,,0.0950076459994306,,
10,0.2,40,1086,,0.99,0.95,38,,True,fpylll,,0.0971487139995588,,
12,0.2,40,1086,,0.9916666666666668,0.95,38,,True,fpylll,,0.0922339330008981,,
14,0.2,40,1086,,0.9928571428571428,0.95,38,,True,fpylll,,0.0904181070000049,,
8,0.0,40,1087,,1.0,1.0,40,,False,fpylll,,0.0897786400000768,,
10,0.0,40,1087,,1.0,1.0,40,,True,fpylll,,0.0919074270004784,,
12,0.0,40,1087,,1.0,1.0,40,,True,fpylll,,0.0911494880001555,,
14,0.0,40,1087,,1.0,1.0,40,,True,fpylll,,0.0923703680000471,,
8,0.05,40,1087,,1.0,1.0,40,,False,fpylll,,0.0893943009996292,,
10,0.05,40,1087,,1.0,1.0,40,,True,fpylll,,0.0931695679992117,,
12,0.05,40,1087,,1.0,1.0,40,,True,fpylll,,0.0909845879996282,,
14,0.05,40,1087,,1.0,1.0,40,,True,fpylll,,0.0900251639995985,,
8,0.1,40,1087,,1.0,1.0,40,,False,fpylll,,0.0924893699993845,,
10,0.1,40,1087,,1.0,1.0,40,,True,fpylll,,0.0934062160013127,,
12,0.1,40,1087,,1.0,1.0,40,,True,fpylll,,0.088909378999233,,
14,0.1,40,1087,,1.0,1.0,40,,True,fpylll,,0.0898674820000451,,
8,0.15,40,1087,,1.0,1.0,40,,False,fpylll,,0.091855389999182,,
10,0.15,40,1087,,1.0,1.0,40,,True,fpylll,,0.0972833390005689,,
12,0.15,40,1087,,1.0,1.0,40,,True,fpylll,,0.092144697000549,,
14,0.15,40,1087,,1.0,1.0,40,,True,fpylll,,0.0925711300005787,,
8,0.2,40,1087,,1.0,1.0,40,,False,fpylll,,0.0898648330003197,,
10,0.2,40,1087,,1.0,1.0,40,,True,fpylll,,0.0936313319998589,,
12,0.2,40,1087,,1.0,1.0,40,,True,fpylll,,0.0887177869990409,,
14,0.2,40,1087,,0.9982142857142856,0.975,39,,True,fpylll,,0.0917650359988329,,
8,0.0,40,1088,,1.0,1.0,40,,False,fpylll,,0.0902382869990106,,
10,0.0,40,1088,,1.0,1.0,40,,True,fpylll,,0.0892925870011822,,
12,0.0,40,1088,,1.0,1.0,40,,True,fpylll,,0.0936680739996518,,
14,0.0,40,1088,,1.0,1.0,40,,True,fpylll,,0.0913231739996263,,
8,0.05,40,1088,,1.0,1.0,40,,False,fpylll,,0.0883824509983242,,
10,0.05,40,1088,,1.0,1.0,40,,True,fpylll,,0.0920966839985339,,
12,0.05,40,1088,,1.0,1.0,40,,True,fpylll,,0.099923461999424,,
14,0.05,40,1088,,1.0,1.0,40,,True,fpylll,,0.0985884909987362,,
8,0.1,40,1088,,1.0,1.0,40,,False,fpylll,,0.0915025410013186,,
10,0.1,40,1088,,1.0,1.0,40,,True,fpylll,,0.0918168610005523,,
12,0.1,40,1088,,1.0,1.0,40,,True,fpylll,,0.0907608220004476,,
14,0.1,40,1088,,1.0,1.0,40,,True,fpylll,,0.1006756309998309,,
8,0.15,40,1088,,1.0,1.0,40,,False,fpylll,,0.0902353410001524,,
10,0.15,40,1088,,0.9975,0.975,39,,True,fpylll,,0.0904803260000335,,
12,0.15,40,1088,,0.9979166666666668,0.975,39,,True,fpylll,,0.0888580329992692,,
14,0.15,40,1088,,0.9964285714285714,0.975,39,,True,fpylll,,0.0925291170005948,,
8,0.2,40,1088,,0.9875,0.95,38,,False,fpylll,,0.091233868000927,,
10,0.2,40,1088,,0.985,0.9,36,,True,fpylll,,0.0891346949993021,,
12,0.2,40,1088,,0.9854166666666668,0.9,36,,True,fpylll,,0.0905160769998474,,
14,0.2,40,1088,,0.9839285714285714,0.875,35,,True,fpylll,,0.0937517849997675,,
8,0.0,40,1089,,1.0,1.0,40,,False,fpylll,,0.0909552509983768,,
10,0.0,40,1089,,1.0,1.0,40,,True,fpylll,,0.0877240869995148,,
12,0.0,40,1089,,1.0,1.0,40,,True,fpylll,,0.0943025079996005,,
14,0.0,40,1089,,1.0,1.0,40,,True,fpylll,,0.0911434839999856,,
8,0.05,40,1089,,1.0,1.0,40,,False,fpylll,,0.0894937819994083,,
10,0.05,40,1089,,1.0,1.0,40,,True,fpylll,,0.0903955730009329,,
12,0.05,40,1089,,1.0,1.0,40,,True,fpylll,,0.0950996359988494,,
14,0.05,40,1089,,1.0,1.0,40,,True,fpylll,,0.1046467180003674,,
8,0.1,40,1089,,1.0,1.0,40,,False,fpylll,,0.0947992469991731,,
10,0.1,40,1089,,1.0,1.0,40,,True,fpylll,,0.0889337450007587,,
12,0.1,40,1089,,1.0,1.0,40,,True,fpylll,,0.0950937620000331,,
14,0.1,40,1089,,1.0,1.0,40,,True,fpylll,,0.09585305300061,,
8,0.15,40,1089,,1.0,1.0,40,,False,fpylll,,0.092168743000002,,
10,0.15,40,1089,,1.0,1.0,40,,True,fpylll,,0.089569167999798,,
12,0.15,40,1089,,1.0,1.0,40,,True,fpylll,,0.094506552999519,,
14,0.15,40,1089,,0.9964285714285714,0.975,39,,True,fpylll,,0.0912369729994679,,
8,0.2,40,1089,,0.98125,0.925,37,,False,fpylll,,0.0894304989997181,,
10,0.2,40,1089,,0.9825,0.9,36,,True,fpylll,,0.0879101099999388,,
12,0.2,40,1089,,0.9833333333333332,0.9,36,,True,fpylll,,0.0912700119988585,,
14,0.2,40,1089,,0.9821428571428572,0.875,35,,True,fpylll,,0.0929123550013173,,
8,0.0,40,1090,,1.0,1.0,40,,False,fpylll,,0.0910022590014705,,
10,0.0,40,1090,,1.0,1.0,40,,True,fpylll,,0.0907911379999859,,
12,0.0,40,1090,,1.0,1.0,40,,True,fpylll,,0.0894136650003929,,
14,0.0,40,1090,,1.0,1.0,40,,True,fpylll,,0.0969110730002285,,
8,0.05,40,1090,,1.0,1.0,40,,False,fpylll,,0.0933217590009007,,
10,0.05,40,1090,,1.0,1.0,40,,True,fpylll,,0.0929779809994215,,
12,0.05,40,1090,,1.0,1.0,40,,True,fpylll,,0.0944585999986884,,
14,0.05,40,1090,,1.0,1.0,40,,True,fpylll,,0.0932760880004934,,
8,0.1,40,1090,,1.0,1.0,40,,False,fpylll,,0.0881490829997346,,
10,0.1,40,1090,,1.0,1.0,40,,True,fpylll,,0.0952540400012367,,
12,0.1,40,1090,,1.0,1.0,40,,True,fpylll,,0.0923922760011919,,
14,0.1,40,1090,,1.0,1.0,40,,True,fpylll,,0.0926623859995743,,
8,0.15,40,1090,,1.0,1.0,40,,False,fpylll,,0.0886591519993089,,
10,0.15,40,1090,,1.0,1.0,40,,True,fpylll,,0.0908720120005455,,
12,0.15,40,1090,,1.0,1.0,40,,True,fpylll,,0.0941258910006581,,
14,0.15,40,1090,,1.0,1.0,40,,True,fpylll,,0.0920329919990763,,
8,0.2,40,1090,,0.971875,0.875,35,,False,fpylll,,0.0897315169986541,,
10,0.2,40,1090,,0.975,0.875,35,,True,fpylll,,0.0915137880001566,,
12,0.2,40,1090,,0.9791666666666666,0.875,35,,True,fpylll,,0.10113962899959,,
14,0.2,40,1090,,0.9821428571428572,0.875,35,,True,fpylll,,0.0929469000002427,,
8,0.0,40,1091,,1.0,1.0,40,,False,fpylll,,0.0880890999997063,,
10,0.0,40,1091,,1.0,1.0,40,,True,fpylll,,0.0907035140007792,,
12,0.0,40,1091,,1.0,1.0,40,,True,fpylll,,0.0919158399992738,,
14,0.0,40,1091,,1.0,1.0,40,,True,fpylll,,0.0886713569998391,,
8,0.05,40,1091,,1.0,1.0,40,,False,fpylll,,0.0962170839993632,,
10,0.05,40,1091,,1.0,1.0,40,,True,fpylll,,0.0947174089997133,,
12,0.05,40,1091,,1.0,1.0,40,,True,fpylll,,0.0929322680003679,,
14,0.05,40,1091,,1.0,1.0,40,,True,fpylll,,0.0949523330000374,,
8,0.1,40,1091,,1.0,1.0,40,,False,fpylll,,0.087223697999434,,
10,0.1,40,1091,,1.0,1.0,40,,True,fpylll,,0.0958048259999486,,
12,0.1,40,1091,,1.0,1.0,40,,True,fpylll,,0.0896798880003189,,
14,0.1,40,1091,,1.0,1.0,40,,True,fpylll,,0.0901511190004384,,
8,0.15,40,1091,,1.0,1.0,40,,False,fpylll,,0.0870775950006645,,
10,0.15,40,1091,,1.0,1.0,40,,True,fpylll,,0.090598773000238,,
12,0.15,40,1091,,1.0,1.0,40,,True,fpylll,,0.0901964200002112,,
14,0.15,40,1091,,1.0,1.0,40,,True,fpylll,,0.0897312329998385,,
8,0.2,40,1091,,0.996875,0.975,39,,False,fpylll,,0.1088587920003192,,
10,0.2,40,1091,,0.995,0.975,39,,True,fpylll,,0.0917012160007288,,
12,0.2,40,1091,,0.99375,0.95,38,,True,fpylll,,0.089252354000564,,
14,0.2,40,1091,,0.9928571428571428,0.95,38,,True,fpylll,,0.0900340749994939,,
8,0.0,40,1092,,1.0,1.0,40,,False,fpylll,,0.0888090030002786,,
10,0.0,40,1092,,1.0,1.0,40,,True,fpylll,,0.0929628989997581,,
12,0.0,40,1092,,1.0,1.0,40,,True,fpylll,,0.0950960659993143,,
14,0.0,40,1092,,1.0,1.0,40,,True,fpylll,,0.0904812210010277,,
8,0.05,40,1092,,1.0,1.0,40,,False,fpylll,,0.0925497990010626,,
10,0.05,40,1092,,1.0,1.0,40,,True,fpylll,,0.0918223749995377,,
12,0.05,40,1092,,1.0,1.0,40,,True,fpylll,,0.0913214590000279,,
14,0.05,40,1092,,1.0,1.0,40,,True,fpylll,,0.0884470569999393,,
8,0.1,40,1092,,1.0,1.0,40,,False,fpylll,,0.0886285979995591,,
10,0.1,40,1092,,1.0,1.0,40,,True,fpylll,,0.0906740569989779,,
12,0.1,40,1092,,1.0,1.0,40,,True,fpylll,,0.0923706419998779,,
14,0.1,40,1092,,1.0,1.0,40,,True,fpylll,,0.0897252790000493,,
8,0.15,40,1092,,0.99375,0.975,39,,False,fpylll,,0.0891683339996234,,
10,0.15,40,1092,,0.995,0.975,39,,True,fpylll,,0.0915118100001564,,
12,0.15,40,1092,,0.9958333333333332,0.975,39,,True,fpylll,,0.0893358119992626,,
14,0.15,40,1092,,0.9964285714285714,0.975,39,,True,fpylll,,0.0885593500006507,,
8,0.2,40,1092,,0.984375,0.925,37,,False,fpylll,,0.0903501350003352,,
10,0.2,40,1092,,0.9875,0.925,37,,True,fpylll,,0.0933273560003726,,
12,0.2,40,1092,,0.9895833333333334,0.925,37,,True,fpylll,,0.0917384029999084,,
14,0.2,40,1092,,0.9910714285714286,0.925,37,,True,fpylll,,0.0912494509993848,,
8,0.0,40,1093,,1.0,1.0,40,,False,fpylll,,0.0906900990012218,,
10,0.0,40,1093,,1.0,1.0,40,,True,fpylll,,0.0900930810003046,,
12,0.0,40,1093,,1.0,1.0,40,,True,fpylll,,0.0911683220001577,,
14,0.0,40,1093,,1.0,1.0,40,,True,fpylll,,0.0950175739999394,,
8,0.05,40,1093,,1.0,1.0,40,,False,fpylll,,0.0894123229991237,,
10,0.05,40,1093,,1.0,1.0,40,,True,fpylll,,0.0912788780005939,,
12,0.05,40,1093,,1.0,1.0,40,,True,fpylll,,0.0915200050003477,,
14,0.05,40,1093,,1.0,1.0,40,,True,fpylll,,0.0948448630006169,,
8,0.1,40,1093,,1.0,1.0,40,,False,fpylll,,0.0913436400005593,,
10,0.1,40,1093,,1.0,1.0,40,,True,fpylll,,0.0874299189999874,,
12,0.1,40,1093,,1.0,1.0,40,,True,fpylll,,0.0920904970007541,,
14,0.1,40,1093,,1.0,1.0,40,,True,fpylll,,0.0939561900013359,,
8,0.15,40,1093,,1.0,1.0,40,,False,fpylll,,0.0886511499993503,,
10,0.15,40,1093,,1.0,1.0,40,,True,fpylll,,0.0889524060003168,,
12,0.15,40,1093,,0.9979166666666668,0.975,39,,True,fpylll,,0.0920567720004328,,
14,0.15,40,1093,,0.9964285714285714,0.975,39,,True,fpylll,,0.0935801440009527,,
8,0.2,40,1093,,0.9875,0.95,38,,False,fpylll,,0.0904450790003466,,
10,0.2,40,1093,,0.9825,0.9,36,,True,fpylll,,0.0870296810007857,,
12,0.2,40,1093,,0.98125,0.875,35,,True,fpylll,,0.0916175849997671,,
14,0.2,40,1093,,0.9821428571428572,0.875,35,,True,fpylll,,0.0940912650003156,,
8,0.0,40,1094,,1.0,1.0,40,,False,fpylll,,0.090990407999925,,
10,0.0,40,1094,,1.0,1.0,40,,True,fpylll,,0.091656635999243,,
12,0.0,40,1094,,1.0,1.0,40,,True,fpylll,,0.0919233940003323,,
14,0.0,40,1094,,1.0,1.0,40,,True,fpylll,,0.0918272220005747,,
8,0.05,40,1094,,1.0,1.0,40,,False,fpylll,,0.086401990000013,,
10,0.05,40,1094,,1.0,1.0,40,,True,fpylll,,0.0948563229994761,,
12,0.05,40,1094,,1.0,1.0,40,,True,fpylll,,0.0935354569992341,,
14,0.05,40,1094,,1.0,1.0,40,,True,fpylll,,0.0902490799999213,,
8,0.1,40,1094,,1.0,1.0,40,,False,fpylll,,0.087591646999499,,
10,0.1,40,1094,,1.0,1.0,40,,True,fpylll,,0.0907583209991571,,
12,0.1,40,1094,,1.0,1.0,40,,True,fpylll,,0.0905924359994969,,
14,0.1,40,1094,,1.0,1.0,40,,True,fpylll,,0.0894624470001872,,
8,0.15,40,1094,,1.0,1.0,40,,False,fpylll,,0.0901244180004141,,
10,0.15,40,1094,,1.0,1.0,40,,True,fpylll,,0.0887855119999585,,
12,0.15,40,1094,,1.0,1.0,40,,True,fpylll,,0.0914404890008881,,
14,0.15,40,1094,,1.0,1.0,40,,True,fpylll,,0.0936158439999417,,
8,0.2,40,1094,,1.0,1.0,40,,False,fpylll,,0.0888745430002018,,
10,0.2,40,1094,,0.9975,0.975,39,,True,fpylll,,0.0916482249995169,,
12,0.2,40,1094,,0.9958333333333332,0.975,39,,True,fpylll,,0.0931902709999121,,
14,0.2,40,1094,,0.9964285714285714,0.975,39,,True,fpylll,,0.0948930149988882,,
8,0.0,40,1095,,1.0,1.0,40,,False,fpylll,,0.0925006879988359,,
10,0.0,40,1095,,1.0,1.0,40,,True,fpylll,,0.0953361219999351,,
12,0.0,40,1095,,1.0,1.0,40,,True,fpylll,,0.0926605709992145,,
14,0.0,40,1095,,1.0,1.0,40,,True,fpylll,,0.0936798200000339,,
8,0.05,40,1095,,1.0,1.0,40,,False,fpylll,,0.0924371740002243,,
10,0.05,40,1095,,1.0,1.0,40,,True,fpylll,,0.0937328130003152,,
12,0.05,40,1095,,1.0,1.0,40,,True,fpylll,,0.0938311139998404,,
14,0.05,40,1095,,1.0,1.0,40,,True,fpylll,,0.0923914810009591,,
8,0.1,40,1095,,1.0,1.0,40,,False,fpylll,,0.0895612240001355,,
10,0.1,40,1095,,1.0,1.0,40,,True,fpylll,,0.0926380550008616,,
12,0.1,40,1095,,1.0,1.0,40,,True,fpylll,,0.0937150289992132,,
14,0.1,40,1095,,1.0,1.0,40,,True,fpylll,,0.0923404130007838,,
8,0.15,40,1095,,1.0,1.0,40,,False,fpylll,,0.0911790190002648,,
10,0.15,40,1095,,1.0,1.0,40,,True,fpylll,,0.091741048001495,,
12,0.15,40,1095,,1.0,1.0,40,,True,fpylll,,0.0915893000001233,,
14,0.15,40,1095,,1.0,1.0,40,,True,fpylll,,0.0986262189999251,,
8,0.2,40,1095,,0.990625,0.95,38,,False,fpylll,,0.0919430260000808,,
10,0.2,40,1095,,0.99,0.95,38,,True,fpylll,,0.0904298599998583,,
12,0.2,40,1095,,0.9916666666666668,0.95,38,,True,fpylll,,0.089794718000121,,
14,0.2,40,1095,,0.9892857142857144,0.9,36,,True,fpylll,,0.0917873380003584,,
8,0.0,40,1096,,1.0,1.0,40,,False,fpylll,,0.0904707640002016,,
10,0.0,40,1096,,1.0,1.0,40,,True,fpylll,,0.0894118639989756,,
12,0.0,40,1096,,1.0,1.0,40,,True,fpylll,,0.09249710199947,,
14,0.0,40,1096,,1.0,1.0,40,,True,fpylll,,0.0911224279989255,,
8,0.05,40,1096,,1.0,1.0,40,,False,fpylll,,0.0886297170000034,,
10,0.05,40,1096,,1.0,1.0,40,,True,fpylll,,0.0894853839999996,,
12,0.05,40,1096,,1.0,1.0,40,,True,fpylll,,0.0891021729985368,,
14,0.05,40,1096,,1.0,1.0,40,,True,fpylll,,0.092030801999499,,
8,0.1,40,1096,,1.0,1.0,40,,False,fpylll,,0.0923418910006148,,
10,0.1,40,1096,,1.0,1.0,40,,True,fpylll,,0.0904240579984616,,
12,0.1,40,1096,,1.0,1.0,40,,True,fpylll,,0.0894210019996535,,
14,0.1,40,1096,,1.0,1.0,40,,True,fpylll,,0.0905761040012294,,
8,0.15,40,1096,,1.0,1.0,40,,False,fpylll,,0.0906670399999711,,
10,0.15,40,1096,,1.0,1.0,40,,True,fpylll,,0.0902474600006826,,
12,0.15,40,1096,,1.0,1.0,40,,True,fpylll,,0.0907229479998932,,
14,0.15,40,1096,,1.0,1.0,40,,True,fpylll,,0.0928585670008033,,
8,0.2,40,1096,,0.996875,0.975,39,,False,fpylll,,0.0895367259981867,,
10,0.2,40,1096,,0.995,0.975,39,,True,fpylll,,0.0943751849990803,,
12,0.2,40,1096,,0.9958333333333332,0.975,39,,True,fpylll,,0.0908205369996721,,
14,0.2,40,1096,,0.9964285714285714,0.975,39,,True,fpylll,,0.0906553070017253,,
8,0.0,40,1097,,1.0,1.0,40,,False,fpylll,,0.0903742970003804,,
10,0.0,40,1097,,1.0,1.0,40,,True,fpylll,,0.090530449997459,,
12,0.0,40,1097,,1.0,1.0,40,,True,fpylll,,0.0912944119991152,,
14,0.0,40,1097,,1.0,1.0,40,,True,fpylll,,0.090596728001401,,
8,0.05,40,1097,,1.0,1.0,40,,False,fpylll,,0.090536861000146,,
10,0.05,40,1097,,1.0,1.0,40,,True,fpylll,,0.0907349059998523,,
12,0.05,40,1097,,1.0,1.0,40,,True,fpylll,,0.0911609309987397,,
14,0.05,40,1097,,1.0,1.0,40,,True,fpylll,,0.0941037179982231,,
8,0.1,40,1097,,1.0,1.0,40,,False,fpylll,,0.0887804390004021,,
10,0.1,40,1097,,1.0,1.0,40,,True,fpylll,,0.0901718850000179,,
12,0.1,40,1097,,1.0,1.0,40,,True,fpylll,,0.0906796389972441,,
14,0.1,40,1097,,1.0,1.0,40,,True,fpylll,,0.0916535840005963,,
8,0.15,40,1097,,0.99375,0.975,39,,False,fpylll,,0.0901417850000143,,
10,0.15,40,1097,,0.995,0.975,39,,True,fpylll,,0.0934172790002776,,
12,0.15,40,1097,,0.9958333333333332,0.975,39,,True,fpylll,,0.1062005809981201,,
14,0.15,40,1097,,0.9964285714285714,0.975,39,,True,fpylll,,0.0923777390016766,,
8,0.2,40,1097,,0.975,0.875,35,,False,fpylll,,0.1009469959972193,,
10,0.2,40,1097,,0.975,0.85,34,,True,fpylll,,0.0935238569982175,,
12,0.2,40,1097,,0.9770833333333332,0.85,34,,True,fpylll,,0.0908500000005005,,
14,0.2,40,1097,,0.9767857142857144,0.85,34,,True,fpylll,,0.096093636999285,,
8,0.0,40,1098,,1.0,1.0,40,,False,fpylll,,0.0919602169997233,,
10,0.0,40,1098,,1.0,1.0,40,,True,fpylll,,0.0938152290000289,,
12,0.0,40,1098,,1.0,1.0,40,,True,fpylll,,0.09412517400051,,
14,0.0,40,1098,,1.0,1.0,40,,True,fpylll,,0.0902597389977017,,
8,0.05,40,1098,,1.0,1.0,40,,False,fpylll,,0.0895398120010213,,
10,0.05,40,1098,,1.0,1.0,40,,True,fpylll,,0.0897175909994985,,
12,0.05,40,1098,,1.0,1.0,40,,True,fpylll,,0.0901550500020675,,
14,0.05,40,1098,,1.0,1.0,40,,True,fpylll,,0.0915215719978732,,
8,0.1,40,1098,,1.0,1.0,40,,False,fpylll,,0.0894051909999689,,
10,0.1,40,1098,,1.0,1.0,40,,True,fpylll,,0.0885512730019399,,
12,0.1,40,1098,,1.0,1.0,40,,True,fpylll,,0.0963380089997372,,
14,0.1,40,1098,,1.0,1.0,40,,True,fpylll,,0.0968991730005655,,
8,0.15,40,1098,,1.0,1.0,40,,False,fpylll,,0.0938966659996367,,
10,0.15,40,1098,,1.0,1.0,40,,True,fpylll,,0.0895896190013445,,
12,0.15,40,1098,,1.0,1.0,40,,True,fpylll,,0.1092099160014186,,
14,0.15,40,1098,,1.0,1.0,40,,True,fpylll,,0.0908332340004562,,
8,0.2,40,1098,,0.99375,0.975,39,,False,fpylll,,0.0907302540035743,,
10,0.2,40,1098,,0.995,0.975,39,,True,fpylll,,0.0894281459986814,,
12,0.2,40,1098,,0.99375,0.95,38,,True,fpylll,,0.0920005820007645,,
14,0.2,40,1098,,0.9910714285714286,0.925,37,,True,fpylll,,0.0940689159979228,,
8,0.0,40,1099,,1.0,1.0,40,,False,fpylll,,0.0899642359981953,,
10,0.0,40,1099,,1.0,1.0,40,,True,fpylll,,0.0896790229999169,,
12,0.0,40,1099,,1.0,1.0,40,,True,fpylll,,0.0914843249993282,,
14,0.0,40,1099,,1.0,1.0,40,,True,fpylll,,0.0923094710014993,,
8,0.05,40,1099,,1.0,1.0,40,,False,fpylll,,0.0887681790009082,,
10,0.05,40,1099,,1.0,1.0,40,,True,fpylll,,0.0894201699993573,,
12,0.05,40,1099,,1.0,1.0,40,,True,fpylll,,0.0913658160025079,,
14,0.05,40,1099,,1.0,1.0,40,,True,fpylll,,0.0927112110002781,,
8,0.1,40,1099,,1.0,1.0,40,,False,fpylll,,0.0889925509982276,,
10,0.1,40,1099,,1.0,1.0,40,,True,fpylll,,0.0910409249991062,,
12,0.1,40,1099,,1.0,1.0,40,,True,fpylll,,0.09029941100016,,
14,0.1,40,1099,,1.0,1.0,40,,True,fpylll,,0.0904495130016584,,
8,0.15,40,1099,,1.0,1.0,40,,False,fpylll,,0.091950904999976,,
10,0.15,40,1099,,1.0,1.0,40,,True,fpylll,,0.0912643089977791,,
12,0.15,40,1099,,1.0,1.0,40,,True,fpylll,,0.1093418620002921,,
14,0.15,40,1099,,1.0,1.0,40,,True,fpylll,,0.119819973999256,,
8,0.2,40,1099,,0.984375,0.925,37,,False,fpylll,,0.1402963869986706,,
10,0.2,40,1099,,0.985,0.925,37,,True,fpylll,,0.1030192470025213,,
12,0.2,40,1099,,0.9875,0.925,37,,True,fpylll,,0.0983200990012846,,
14,0.2,40,1099,,0.9875,0.9,36,,True,fpylll,,0.1020854109992797,,
