leaked_bits,sigma,m,seed,epochs,cnn_test_bit_accuracy,cnn_test_prefix_accuracy,cnn_test_exact_prefixes,oracle_hnp_key_recovered,cnn_hnp_key_recovered,hnp_backend,oracle_hnp_runtime_seconds,cnn_hnp_runtime_seconds,oracle_hnp_error,cnn_hnp_error
8,0.0,40,1000,100,0.996874988079071,0.9750000238418579,39,False,False,,0.05591890200003036,,,expected HNP vector failed embedding validation
8,0.05,40,1000,100,0.987500011920929,0.8999999761581421,36,False,False,,0.056295502000011766,,,expected HNP vector failed embedding validation
8,0.1,40,1000,100,0.987500011920929,0.8999999761581421,36,False,False,,0.056954902000029506,,,expected HNP vector failed embedding validation
8,0.15,40,1000,100,0.971875011920929,0.800000011920929,32,False,False,,0.05783550199998899,,,expected HNP vector failed embedding validation
8,0.2,40,1000,100,0.9624999761581421,0.699999988079071,28,False,False,,0.057612302000052296,,,expected HNP vector failed embedding validation
10,0.0,40,1000,100,1.0,1.0,40,True,True,fpylll,0.05741580400001567,0.057133803000056105,,
10,0.05,40,1000,100,1.0,1.0,40,True,True,fpylll,0.05879350299994712,0.057308703999979116,,
10,0.1,40,1000,100,0.9825000166893005,0.824999988079071,33,True,False,,0.05748750299994754,,,expected HNP vector failed embedding validation
10,0.15,40,1000,100,0.9950000047683716,0.949999988079071,38,True,False,,0.05731170299998212,,,expected HNP vector failed embedding validation
10,0.2,40,1000,100,0.9750000238418579,0.75,30,True,False,,0.06351200400001744,,,expected HNP vector failed embedding validation
12,0.0,40,1000,100,1.0,1.0,40,True,True,fpylll,0.05684030400004758,0.056559503000016775,,
12,0.05,40,1000,100,1.0,1.0,40,True,True,fpylll,0.057699604000049476,0.057114403000014136,,
12,0.1,40,1000,100,0.9979166388511658,0.9750000238418579,39,True,False,,0.057353404000082264,,,expected HNP vector failed embedding validation
12,0.15,40,1000,100,0.9895833134651184,0.875,35,True,False,,0.05740060400000857,,,expected HNP vector failed embedding validation
12,0.2,40,1000,100,0.9624999761581421,0.550000011920929,22,True,False,,0.057175502999939454,,,expected HNP vector failed embedding validation
14,0.0,40,1000,100,1.0,1.0,40,True,True,fpylll,0.058927701000015986,0.058407801000043946,,
14,0.05,40,1000,100,1.0,1.0,40,True,True,fpylll,0.05754370000011022,0.05929280100008327,,
14,0.1,40,1000,100,0.9964285492897034,0.949999988079071,38,True,False,,0.05766240000002654,,,expected HNP vector failed embedding validation
14,0.15,40,1000,100,0.9839285612106323,0.7749999761581421,31,True,False,,0.05753450099996371,,,expected HNP vector failed embedding validation
14,0.2,40,1000,100,0.9714285731315613,0.675000011920929,27,True,False,,0.05737790099999529,,,expected HNP vector failed embedding validation
8,0.0,40,1001,100,1.0,1.0,40,False,False,fpylll,0.054245301000037216,0.05416479999996682,,
8,0.05,40,1001,100,1.0,1.0,40,False,False,fpylll,0.05467500100007783,0.05425030000003517,,
8,0.1,40,1001,100,0.996874988079071,0.9750000238418579,39,False,False,,0.054873200999963956,,,expected HNP vector failed embedding validation
8,0.15,40,1001,100,0.996874988079071,0.9750000238418579,39,False,False,,0.054557600000066486,,,expected HNP vector failed embedding validation
8,0.2,40,1001,100,0.9781249761581421,0.8500000238418579,34,False,False,,0.05442360000006374,,,expected HNP vector failed embedding validation
10,0.0,40,1001,100,0.9975000023841858,0.9750000238418579,39,True,False,,0.05862129999991339,,,expected HNP vector failed embedding validation
10,0.05,40,1001,100,0.9950000047683716,0.949999988079071,38,True,False,,0.056873099999961596,,,expected HNP vector failed embedding validation
10,0.1,40,1001,100,0.9925000071525574,0.925000011920929,37,True,False,,0.05837380000002668,,,expected HNP vector failed embedding validation
10,0.15,40,1001,100,0.9900000095367432,0.8999999761581421,36,True,False,,0.05713709999997718,,,expected HNP vector failed embedding validation
10,0.2,40,1001,100,0.9725000262260437,0.75,30,True,False,,0.057877999999959684,,,expected HNP vector failed embedding validation
12,0.0,40,1001,100,1.0,1.0,40,True,True,fpylll,0.05657340000004751,0.056150300000012976,,
12,0.05,40,1001,100,0.9979166388511658,0.9750000238418579,39,True,False,,0.056737999999995736,,,expected HNP vector failed embedding validation
12,0.1,40,1001,100,0.9979166388511658,0.9750000238418579,39,True,False,,0.05698170100004063,,,expected HNP vector failed embedding validation
12,0.15,40,1001,100,0.9958333373069763,0.949999988079071,38,True,False,,0.05655670100009047,,,expected HNP vector failed embedding validation
12,0.2,40,1001,100,0.9604166746139526,0.6000000238418579,24,True,False,,0.05623560100002578,,,expected HNP vector failed embedding validation
14,0.0,40,1001,100,0.9982143044471741,0.9750000238418579,39,True,False,,0.058144201000004614,,,expected HNP vector failed embedding validation
14,0.05,40,1001,100,1.0,1.0,40,True,True,fpylll,0.060628400999917176,0.05740680000008069,,
14,0.1,40,1001,100,0.9982143044471741,0.9750000238418579,39,True,False,,0.05817200100000264,,,expected HNP vector failed embedding validation
14,0.15,40,1001,100,0.9946428537368774,0.925000011920929,37,True,False,,0.057236299999999574,,,expected HNP vector failed embedding validation
14,0.2,40,1001,100,0.9642857313156128,0.574999988079071,23,True,False,,0.0592931009999802,,,expected HNP vector failed embedding validation
8,0.0,40,1002,100,1.0,1.0,40,False,False,fpylll,0.058640700999944784,0.05759240100007901,,
8,0.05,40,1002,100,0.9906250238418579,0.925000011920929,37,False,False,,0.05811130100005357,,,expected HNP vector failed embedding validation
8,0.1,40,1002,100,0.996874988079071,0.9750000238418579,39,False,False,,0.05803450000007615,,,expected HNP vector failed embedding validation
8,0.15,40,1002,100,0.996874988079071,0.9750000238418579,39,False,False,,0.0579490000000078,,,expected HNP vector failed embedding validation
8,0.2,40,1002,100,0.9750000238418579,0.824999988079071,33,False,False,,0.058290499999998246,,,expected HNP vector failed embedding validation
10,0.0,40,1002,100,0.9975000023841858,0.9750000238418579,39,True,False,,0.05633269999998447,,,expected HNP vector failed embedding validation
10,0.05,40,1002,100,0.9975000023841858,0.9750000238418579,39,True,False,,0.05617159999997057,,,expected HNP vector failed embedding validation
10,0.1,40,1002,100,0.9975000023841858,0.9750000238418579,39,True,False,,0.056255801000020256,,,expected HNP vector failed embedding validation
10,0.15,40,1002,100,0.9950000047683716,0.9750000238418579,39,True,False,,0.05598049999991872,,,expected HNP vector failed embedding validation
10,0.2,40,1002,100,0.9725000262260437,0.800000011920929,32,True,False,,0.05663819999995212,,,expected HNP vector failed embedding validation
12,0.0,40,1002,100,0.9833333492279053,0.800000011920929,32,True,False,,0.057290101000035065,,,expected HNP vector failed embedding validation
12,0.05,40,1002,100,0.9916666746139526,0.8999999761581421,36,True,False,,0.057552600999997594,,,expected HNP vector failed embedding validation
12,0.1,40,1002,100,1.0,1.0,40,True,True,fpylll,0.058208100999991075,0.05642680099992958,,
12,0.15,40,1002,100,0.9937499761581421,0.9750000238418579,39,True,False,,0.058664400999987265,,,expected HNP vector failed embedding validation
12,0.2,40,1002,100,0.9604166746139526,0.625,25,True,False,,0.057453800999951454,,,expected HNP vector failed embedding validation
14,0.0,40,1002,100,0.9964285492897034,0.9750000238418579,39,True,False,,0.05722050099996068,,,expected HNP vector failed embedding validation
14,0.05,40,1002,100,1.0,1.0,40,True,True,fpylll,0.05741450100003931,0.0569246000000021,,
14,0.1,40,1002,100,0.9964285492897034,0.949999988079071,38,True,False,,0.05722539999999299,,,expected HNP vector failed embedding validation
14,0.15,40,1002,100,0.9928571581840515,0.925000011920929,37,True,False,,0.05732820100001845,,,expected HNP vector failed embedding validation
14,0.2,40,1002,100,0.9589285850524902,0.5249999761581421,21,True,False,,0.05712689999995746,,,expected HNP vector failed embedding validation
8,0.0,40,1003,100,0.996874988079071,0.9750000238418579,39,False,False,,0.05906870199999048,,,expected HNP vector failed embedding validation
8,0.05,40,1003,100,0.9937499761581421,0.949999988079071,38,False,False,,0.058167002000004686,,,expected HNP vector failed embedding validation
8,0.1,40,1003,100,0.996874988079071,0.9750000238418579,39,False,False,,0.057294501999990644,,,expected HNP vector failed embedding validation
8,0.15,40,1003,100,0.996874988079071,0.9750000238418579,39,False,False,,0.05766200100003971,,,expected HNP vector failed embedding validation
8,0.2,40,1003,100,0.9781249761581421,0.824999988079071,33,False,False,,0.05762010199998713,,,expected HNP vector failed embedding validation
10,0.0,40,1003,100,1.0,1.0,40,True,True,fpylll,0.05787820099999408,0.057121101999996426,,
10,0.05,40,1003,100,0.9975000023841858,0.9750000238418579,39,True,False,,0.05760780100001739,,,expected HNP vector failed embedding validation
10,0.1,40,1003,100,0.9975000023841858,0.9750000238418579,39,True,False,,0.05741310199994132,,,expected HNP vector failed embedding validation
10,0.15,40,1003,100,0.9925000071525574,0.925000011920929,37,True,False,,0.05780320200005917,,,expected HNP vector failed embedding validation
10,0.2,40,1003,100,0.9775000214576721,0.800000011920929,32,True,False,,0.05900700200004394,,,expected HNP vector failed embedding validation
12,0.0,40,1003,100,1.0,1.0,40,True,True,fpylll,0.05579690100000789,0.05564620000006926,,
12,0.05,40,1003,100,0.9958333373069763,0.949999988079071,38,True,False,,0.057617400000026464,,,expected HNP vector failed embedding validation
12,0.1,40,1003,100,0.9937499761581421,0.925000011920929,37,True,False,,0.05652780000002622,,,expected HNP vector failed embedding validation
12,0.15,40,1003,100,0.9958333373069763,0.949999988079071,38,True,False,,0.05556610100006765,,,expected HNP vector failed embedding validation
12,0.2,40,1003,100,0.981249988079071,0.7749999761581421,31,True,False,,0.05829020099997706,,,expected HNP vector failed embedding validation
14,0.0,40,1003,100,1.0,1.0,40,True,True,fpylll,0.057107700999949884,0.06009190099996431,,
14,0.05,40,1003,100,0.9982143044471741,0.9750000238418579,39,True,False,,0.0592502010000544,,,expected HNP vector failed embedding validation
14,0.1,40,1003,100,1.0,1.0,40,True,True,fpylll,0.05729280100001688,0.05818680100003348,,
14,0.15,40,1003,100,0.9964285492897034,0.949999988079071,38,True,False,,0.05766619999997147,,,expected HNP vector failed embedding validation
14,0.2,40,1003,100,0.9839285612106323,0.7749999761581421,31,True,False,,0.05606439999996837,,,expected HNP vector failed embedding validation
8,0.0,40,1004,100,0.996874988079071,0.9750000238418579,39,False,False,,0.05649109999990287,,,expected HNP vector failed embedding validation
8,0.05,40,1004,100,1.0,1.0,40,False,False,fpylll,0.056146200000057433,0.05589129999998477,,
8,0.1,40,1004,100,1.0,1.0,40,False,False,fpylll,0.057012600000007296,0.056413099999986116,,
8,0.15,40,1004,100,0.996874988079071,0.9750000238418579,39,False,False,,0.05671610000001692,,,expected HNP vector failed embedding validation
8,0.2,40,1004,100,0.981249988079071,0.8500000238418579,34,False,False,,0.05823550000002342,,,expected HNP vector failed embedding validation
10,0.0,40,1004,100,1.0,1.0,40,True,True,fpylll,0.06393819999993866,0.05716739999991205,,
10,0.05,40,1004,100,0.9975000023841858,0.9750000238418579,39,True,False,,0.058035000000018044,,,expected HNP vector failed embedding validation
10,0.1,40,1004,100,0.9975000023841858,0.9750000238418579,39,True,False,,0.0577982999999449,,,expected HNP vector failed embedding validation
10,0.15,40,1004,100,0.9925000071525574,0.925000011920929,37,True,False,,0.05689749999999094,,,expected HNP vector failed embedding validation
10,0.2,40,1004,100,0.9750000238418579,0.7749999761581421,31,True,False,,0.057157998999969095,,,expected HNP vector failed embedding validation
12,0.0,40,1004,100,0.9979166388511658,0.9750000238418579,39,True,False,,0.057635398999991594,,,expected HNP vector failed embedding validation
12,0.05,40,1004,100,0.9937499761581421,0.925000011920929,37,True,False,,0.056929200000013225,,,expected HNP vector failed embedding validation
12,0.1,40,1004,100,0.9937499761581421,0.925000011920929,37,True,False,,0.05774650000000747,,,expected HNP vector failed embedding validation
12,0.15,40,1004,100,0.9958333373069763,0.949999988079071,38,True,False,,0.05735360000005585,,,expected HNP vector failed embedding validation
12,0.2,40,1004,100,0.9729166626930237,0.7250000238418579,29,True,False,,0.05730720000008205,,,expected HNP vector failed embedding validation
14,0.0,40,1004,100,0.9892857074737549,0.8999999761581421,36,True,False,,0.05716199999994842,,,expected HNP vector failed embedding validation
14,0.05,40,1004,100,0.9982143044471741,0.9750000238418579,39,True,False,,0.05697680000002947,,,expected HNP vector failed embedding validation
14,0.1,40,1004,100,1.0,1.0,40,True,True,fpylll,0.05921000000000731,0.05694610000000466,,
14,0.15,40,1004,100,0.9928571581840515,0.925000011920929,37,True,False,,0.0599860009999702,,,expected HNP vector failed embedding validation
14,0.2,40,1004,100,0.9696428775787354,0.6499999761581421,26,True,False,,0.05796209999994062,,,expected HNP vector failed embedding validation
8,0.0,40,1005,100,1.0,1.0,40,False,False,fpylll,0.055952800000000025,0.05407979999995405,,
8,0.05,40,1005,100,1.0,1.0,40,False,False,fpylll,0.05468389999998635,0.05440680100002737,,
8,0.1,40,1005,100,0.9937499761581421,0.949999988079071,38,False,False,,0.0542432000000872,,,expected HNP vector failed embedding validation
8,0.15,40,1005,100,0.9906250238418579,0.949999988079071,38,False,False,,0.054537600000003295,,,expected HNP vector failed embedding validation
8,0.2,40,1005,100,0.9750000238418579,0.824999988079071,33,False,False,,0.05623239999999896,,,expected HNP vector failed embedding validation
10,0.0,40,1005,100,0.987500011920929,0.875,35,True,False,,0.05697620000000825,,,expected HNP vector failed embedding validation
10,0.05,40,1005,100,0.987500011920929,0.875,35,True,False,,0.05737680099991849,,,expected HNP vector failed embedding validation
10,0.1,40,1005,100,0.9925000071525574,0.925000011920929,37,True,False,,0.05685470000003079,,,expected HNP vector failed embedding validation
10,0.15,40,1005,100,0.9900000095367432,0.925000011920929,37,True,False,,0.05739770000002409,,,expected HNP vector failed embedding validation
10,0.2,40,1005,100,0.9725000262260437,0.75,30,True,False,,0.05801769999993667,,,expected HNP vector failed embedding validation
12,0.0,40,1005,100,1.0,1.0,40,True,True,fpylll,0.05775559999995039,0.05691290000004301,,
12,0.05,40,1005,100,0.9979166388511658,0.9750000238418579,39,True,False,,0.05793499999992946,,,expected HNP vector failed embedding validation
12,0.1,40,1005,100,0.9958333373069763,0.949999988079071,38,True,False,,0.05784219999998186,,,expected HNP vector failed embedding validation
12,0.15,40,1005,100,0.987500011920929,0.875,35,True,False,,0.05784730100003799,,,expected HNP vector failed embedding validation
12,0.2,40,1005,100,0.9520833492279053,0.574999988079071,23,True,False,,0.05919720099996084,,,expected HNP vector failed embedding validation
14,0.0,40,1005,100,1.0,1.0,40,True,True,fpylll,0.05750269999998636,0.057353701000010915,,
14,0.05,40,1005,100,0.9982143044471741,0.9750000238418579,39,True,False,,0.05843880099996568,,,expected HNP vector failed embedding validation
14,0.1,40,1005,100,1.0,1.0,40,True,True,fpylll,0.057092901000032725,0.05739070000004176,,
14,0.15,40,1005,100,0.9928571581840515,0.925000011920929,37,True,False,,0.05737969999995585,,,expected HNP vector failed embedding validation
14,0.2,40,1005,100,0.9624999761581421,0.625,25,True,False,,0.062411000999986754,,,expected HNP vector failed embedding validation
8,0.0,40,1006,100,0.996874988079071,0.9750000238418579,39,False,False,,0.05440759999999045,,,expected HNP vector failed embedding validation
8,0.05,40,1006,100,0.9937499761581421,0.949999988079071,38,False,False,,0.05449950000001991,,,expected HNP vector failed embedding validation
8,0.1,40,1006,100,0.984375,0.875,35,False,False,,0.05484870000009323,,,expected HNP vector failed embedding validation
8,0.15,40,1006,100,0.971875011920929,0.7749999761581421,31,False,False,,0.05517219999990175,,,expected HNP vector failed embedding validation
8,0.2,40,1006,100,0.9781249761581421,0.8500000238418579,34,False,False,,0.05496330100004343,,,expected HNP vector failed embedding validation
10,0.0,40,1006,100,1.0,1.0,40,True,True,fpylll,0.057752599999957965,0.0577228010000681,,
10,0.05,40,1006,100,0.9975000023841858,0.9750000238418579,39,True,False,,0.0577806999999666,,,expected HNP vector failed embedding validation
10,0.1,40,1006,100,0.9825000166893005,0.8500000238418579,34,True,False,,0.05761659999996027,,,expected HNP vector failed embedding validation
10,0.15,40,1006,100,0.9925000071525574,0.925000011920929,37,True,False,,0.057346301000052335,,,expected HNP vector failed embedding validation
10,0.2,40,1006,100,0.9750000238418579,0.800000011920929,32,True,False,,0.05790209999997842,,,expected HNP vector failed embedding validation
12,0.0,40,1006,100,1.0,1.0,40,True,True,fpylll,0.05880190099992433,0.05869570000004387,,
12,0.05,40,1006,100,1.0,1.0,40,True,True,fpylll,0.0588824010000053,0.0587067000000161,,
12,0.1,40,1006,100,0.9916666746139526,0.8999999761581421,36,True,False,,0.059004900999980237,,,expected HNP vector failed embedding validation
12,0.15,40,1006,100,0.9750000238418579,0.7749999761581421,31,True,False,,0.058619099999987156,,,expected HNP vector failed embedding validation
12,0.2,40,1006,100,0.9729166626930237,0.7749999761581421,31,True,False,,0.05902789999993274,,,expected HNP vector failed embedding validation
14,0.0,40,1006,100,1.0,1.0,40,True,True,fpylll,0.059131001000082506,0.0589926000000105,,
14,0.05,40,1006,100,0.9982143044471741,0.9750000238418579,39,True,False,,0.058940200000051846,,,expected HNP vector failed embedding validation
14,0.1,40,1006,100,0.9982143044471741,0.9750000238418579,39,True,False,,0.05953690000001188,,,expected HNP vector failed embedding validation
14,0.15,40,1006,100,0.9946428537368774,0.925000011920929,37,True,False,,0.05906330099992374,,,expected HNP vector failed embedding validation
14,0.2,40,1006,100,0.9750000238418579,0.7749999761581421,31,True,False,,0.0593860000000177,,,expected HNP vector failed embedding validation
8,0.0,40,1007,100,0.996874988079071,0.9750000238418579,39,False,False,,0.05628969999997935,,,expected HNP vector failed embedding validation
8,0.05,40,1007,100,0.996874988079071,0.9750000238418579,39,False,False,,0.0562001999999211,,,expected HNP vector failed embedding validation
8,0.1,40,1007,100,0.996874988079071,0.9750000238418579,39,False,False,,0.05634989999998652,,,expected HNP vector failed embedding validation
8,0.15,40,1007,100,1.0,1.0,40,False,False,fpylll,0.05676989899995988,0.056501700000012534,,
8,0.2,40,1007,100,0.987500011920929,0.8999999761581421,36,False,False,,0.05616250000002765,,,expected HNP vector failed embedding validation
10,0.0,40,1007,100,0.9975000023841858,0.9750000238418579,39,True,False,,0.056559900000024754,,,expected HNP vector failed embedding validation
10,0.05,40,1007,100,1.0,1.0,40,True,True,fpylll,0.05676760000005743,0.05639079899992794,,
10,0.1,40,1007,100,1.0,1.0,40,True,True,fpylll,0.0572353000000021,0.0570534990000624,,
10,0.15,40,1007,100,0.9950000047683716,0.949999988079071,38,True,False,,0.0623876999999311,,,expected HNP vector failed embedding validation
10,0.2,40,1007,100,0.987500011920929,0.8999999761581421,36,True,False,,0.05720439999993232,,,expected HNP vector failed embedding validation
12,0.0,40,1007,100,1.0,1.0,40,True,True,fpylll,0.05741569899998922,0.05722049999997125,,
12,0.05,40,1007,100,0.9979166388511658,0.9750000238418579,39,True,False,,0.057440699000039785,,,expected HNP vector failed embedding validation
12,0.1,40,1007,100,0.9958333373069763,0.949999988079071,38,True,False,,0.05729499900007795,,,expected HNP vector failed embedding validation
12,0.15,40,1007,100,0.9916666746139526,0.8999999761581421,36,True,False,,0.05754539899999145,,,expected HNP vector failed embedding validation
12,0.2,40,1007,100,0.9833333492279053,0.8500000238418579,34,True,False,,0.0576169989999471,,,expected HNP vector failed embedding validation
14,0.0,40,1007,100,0.9964285492897034,0.949999988079071,38,True,False,,0.056303298999978324,,,expected HNP vector failed embedding validation
14,0.05,40,1007,100,1.0,1.0,40,True,True,fpylll,0.05671639900003811,0.05656909900005758,,
14,0.1,40,1007,100,0.9964285492897034,0.949999988079071,38,True,False,,0.056104200000049786,,,expected HNP vector failed embedding validation
14,0.15,40,1007,100,1.0,1.0,40,True,True,fpylll,0.05622709900001155,0.056168699000068045,,
14,0.2,40,1007,100,0.9821428656578064,0.7749999761581421,31,True,False,,0.05627899900002831,,,expected HNP vector failed embedding validation
8,0.0,40,1008,100,0.996874988079071,0.9750000238418579,39,False,False,,0.05745769999998629,,,expected HNP vector failed embedding validation
8,0.05,40,1008,100,1.0,1.0,40,False,False,fpylll,0.056370499999957246,0.05656269999997221,,
8,0.1,40,1008,100,1.0,1.0,40,False,False,fpylll,0.05710199999998622,0.05679049999992003,,
8,0.15,40,1008,100,0.9906250238418579,0.925000011920929,37,False,False,,0.05732990100000279,,,expected HNP vector failed embedding validation
8,0.2,40,1008,100,0.984375,0.875,35,False,False,,0.0571545000000242,,,expected HNP vector failed embedding validation
10,0.0,40,1008,100,0.9975000023841858,0.9750000238418579,39,True,False,,0.05615580000005593,,,expected HNP vector failed embedding validation
10,0.05,40,1008,100,0.9975000023841858,0.9750000238418579,39,True,False,,0.05808209999997871,,,expected HNP vector failed embedding validation
10,0.1,40,1008,100,1.0,1.0,40,True,True,fpylll,0.05597180099994148,0.05692179999994096,,
10,0.15,40,1008,100,0.9950000047683716,0.949999988079071,38,True,False,,0.05770319999999174,,,expected HNP vector failed embedding validation
10,0.2,40,1008,100,0.987500011920929,0.875,35,True,False,,0.056633599999941,,,expected HNP vector failed embedding validation
12,0.0,40,1008,100,1.0,1.0,40,True,True,fpylll,0.05533570000000054,0.05512470000007852,,
12,0.05,40,1008,100,1.0,1.0,40,True,True,fpylll,0.055409499999996115,0.05536860099994101,,
12,0.1,40,1008,100,1.0,1.0,40,True,True,fpylll,0.05577740000001086,0.05615950000003522,,
12,0.15,40,1008,100,0.9958333373069763,0.949999988079071,38,True,False,,0.055637001000036435,,,expected HNP vector failed embedding validation
12,0.2,40,1008,100,0.9854166507720947,0.8500000238418579,34,True,False,,0.05541480099998353,,,expected HNP vector failed embedding validation
14,0.0,40,1008,100,1.0,1.0,40,True,True,fpylll,0.056345500000020365,0.056056501000057324,,
14,0.05,40,1008,100,1.0,1.0,40,True,True,fpylll,0.05638770100006241,0.05730740000001333,,
14,0.1,40,1008,100,1.0,1.0,40,True,True,fpylll,0.057018100000050254,0.06116739999993115,,
14,0.15,40,1008,100,0.9928571581840515,0.8999999761581421,36,True,False,,0.056594599999925777,,,expected HNP vector failed embedding validation
14,0.2,40,1008,100,0.9785714149475098,0.75,30,True,False,,0.05660940199993547,,,expected HNP vector failed embedding validation
8,0.0,40,1009,100,1.0,1.0,40,False,False,fpylll,0.056393601999957355,0.05548600199995235,,
8,0.05,40,1009,100,0.9906250238418579,0.925000011920929,37,False,False,,0.05605080199995882,,,expected HNP vector failed embedding validation
8,0.1,40,1009,100,0.996874988079071,0.9750000238418579,39,False,False,,0.055992002000039065,,,expected HNP vector failed embedding validation
8,0.15,40,1009,100,0.9781249761581421,0.8500000238418579,34,False,False,,0.05624630200009051,,,expected HNP vector failed embedding validation
8,0.2,40,1009,100,0.9468749761581421,0.675000011920929,27,False,False,,0.05617060200006563,,,expected HNP vector failed embedding validation
10,0.0,40,1009,100,1.0,1.0,40,True,True,fpylll,0.05954480200000489,0.0584215020001011,,
10,0.05,40,1009,100,0.9975000023841858,0.9750000238418579,39,True,False,,0.0592216020000933,,,expected HNP vector failed embedding validation
10,0.1,40,1009,100,0.9825000166893005,0.824999988079071,33,True,False,,0.05786040200007392,,,expected HNP vector failed embedding validation
10,0.15,40,1009,100,0.9725000262260437,0.7749999761581421,31,True,False,,0.05768150099993363,,,expected HNP vector failed embedding validation
10,0.2,40,1009,100,0.925000011920929,0.550000011920929,22,True,False,,0.05738560200006759,,,expected HNP vector failed embedding validation
12,0.0,40,1009,100,1.0,1.0,40,True,True,fpylll,0.05719980100002431,0.0577334020000535,,
12,0.05,40,1009,100,1.0,1.0,40,True,True,fpylll,0.0578838019999921,0.05750660199998947,,
12,0.1,40,1009,100,0.9979166388511658,0.9750000238418579,39,True,False,,0.05758050099996126,,,expected HNP vector failed embedding validation
12,0.15,40,1009,100,0.9895833134651184,0.875,35,True,False,,0.05914440100002594,,,expected HNP vector failed embedding validation
12,0.2,40,1009,100,0.9604166746139526,0.699999988079071,28,True,False,,0.05764760199997454,,,expected HNP vector failed embedding validation
14,0.0,40,1009,100,1.0,1.0,40,True,True,fpylll,0.05758460100003049,0.057687602000100924,,
14,0.05,40,1009,100,1.0,1.0,40,True,True,fpylll,0.057877600999972856,0.05839590200002931,,
14,0.1,40,1009,100,0.9910714030265808,0.875,35,True,False,,0.05894720200001302,,,expected HNP vector failed embedding validation
14,0.15,40,1009,100,0.9892857074737549,0.8500000238418579,34,True,False,,0.05765590099997553,,,expected HNP vector failed embedding validation
14,0.2,40,1009,100,0.9553571343421936,0.5249999761581421,21,True,False,,0.058208401000001686,,,expected HNP vector failed embedding validation
8,0.0,40,1010,100,0.996874988079071,0.9750000238418579,39,False,False,,0.05617650200008484,,,expected HNP vector failed embedding validation
8,0.05,40,1010,100,0.9906250238418579,0.925000011920929,37,False,False,,0.057985502000065026,,,expected HNP vector failed embedding validation
8,0.1,40,1010,100,0.996874988079071,0.9750000238418579,39,False,False,,0.056290000999979384,,,expected HNP vector failed embedding validation
8,0.15,40,1010,100,0.9937499761581421,0.949999988079071,38,False,False,,0.05620580099991912,,,expected HNP vector failed embedding validation
8,0.2,40,1010,100,0.981249988079071,0.8500000238418579,34,False,False,,0.05675890200006961,,,expected HNP vector failed embedding validation
10,0.0,40,1010,100,1.0,1.0,40,True,True,fpylll,0.05750730099998691,0.05923770100002912,,
10,0.05,40,1010,100,1.0,1.0,40,True,True,fpylll,0.0584106009999914,0.058060500000010506,,
10,0.1,40,1010,100,0.9975000023841858,0.9750000238418579,39,True,False,,0.05741550000004736,,,expected HNP vector failed embedding validation
10,0.15,40,1010,100,0.9900000095367432,0.8999999761581421,36,True,False,,0.057692800000040734,,,expected HNP vector failed embedding validation
10,0.2,40,1010,100,0.9850000143051147,0.8500000238418579,34,True,False,,0.05758900000000722,,,expected HNP vector failed embedding validation
12,0.0,40,1010,100,1.0,1.0,40,True,True,fpylll,0.06003429999998389,0.058260200999939116,,
12,0.05,40,1010,100,0.9979166388511658,0.9750000238418579,39,True,False,,0.057918999999969856,,,expected HNP vector failed embedding validation
12,0.1,40,1010,100,0.9958333373069763,0.949999988079071,38,True,False,,0.058634299999994255,,,expected HNP vector failed embedding validation
12,0.15,40,1010,100,0.9937499761581421,0.925000011920929,37,True,False,,0.05840569999998024,,,expected HNP vector failed embedding validation
12,0.2,40,1010,100,0.9791666865348816,0.7749999761581421,31,True,False,,0.06133799999997791,,,expected HNP vector failed embedding validation
14,0.0,40,1010,100,1.0,1.0,40,True,True,fpylll,0.05664320100004261,0.05625069999996413,,
14,0.05,40,1010,100,1.0,1.0,40,True,True,fpylll,0.05734949999998662,0.05665980000003401,,
14,0.1,40,1010,100,1.0,1.0,40,True,True,fpylll,0.05712529999993876,0.05802189999997154,,
14,0.15,40,1010,100,0.9964285492897034,0.949999988079071,38,True,False,,0.05747340000004897,,,expected HNP vector failed embedding validation
14,0.2,40,1010,100,0.9821428656578064,0.7749999761581421,31,True,False,,0.05654749999996511,,,expected HNP vector failed embedding validation
8,0.0,40,1011,100,0.996874988079071,0.9750000238418579,39,False,False,,0.05665440000007038,,,expected HNP vector failed embedding validation
8,0.05,40,1011,100,1.0,1.0,40,False,False,fpylll,0.056795599999986734,0.056513099999961014,,
8,0.1,40,1011,100,1.0,1.0,40,False,False,fpylll,0.05689430000006723,0.056255300999964675,,
8,0.15,40,1011,100,0.9937499761581421,0.9750000238418579,39,False,False,,0.05735460099992906,,,expected HNP vector failed embedding validation
8,0.2,40,1011,100,0.96875,0.824999988079071,33,False,False,,0.05650150099995699,,,expected HNP vector failed embedding validation
10,0.0,40,1011,100,1.0,1.0,40,True,True,fpylll,0.058741999999938344,0.0589525999999978,,
10,0.05,40,1011,100,0.9975000023841858,0.9750000238418579,39,True,False,,0.05895599999996648,,,expected HNP vector failed embedding validation
10,0.1,40,1011,100,0.9950000047683716,0.949999988079071,38,True,False,,0.05902049999997416,,,expected HNP vector failed embedding validation
10,0.15,40,1011,100,0.9850000143051147,0.925000011920929,37,True,False,,0.05881560000000263,,,expected HNP vector failed embedding validation
10,0.2,40,1011,100,0.9725000262260437,0.875,35,True,False,,0.059573501000045326,,,expected HNP vector failed embedding validation
12,0.0,40,1011,100,1.0,1.0,40,True,True,fpylll,0.05878949999998895,0.05867040099997212,,
12,0.05,40,1011,100,1.0,1.0,40,True,True,fpylll,0.05793790099994567,0.05754469999999401,,
12,0.1,40,1011,100,0.9958333373069763,0.949999988079071,38,True,False,,0.05805120000002262,,,expected HNP vector failed embedding validation
12,0.15,40,1011,100,0.9916666746139526,0.925000011920929,37,True,False,,0.05815930100004607,,,expected HNP vector failed embedding validation
12,0.2,40,1011,100,0.9729166626930237,0.8500000238418579,34,True,False,,0.05797740100001647,,,expected HNP vector failed embedding validation
14,0.0,40,1011,100,1.0,1.0,40,True,True,fpylll,0.057117300999948384,0.05717979999997169,,
14,0.05,40,1011,100,0.9982143044471741,0.9750000238418579,39,True,False,,0.05728539999995519,,,expected HNP vector failed embedding validation
14,0.1,40,1011,100,0.9964285492897034,0.949999988079071,38,True,False,,0.058550501000013355,,,expected HNP vector failed embedding validation
14,0.15,40,1011,100,0.9946428537368774,0.949999988079071,38,True,False,,0.059944999999970605,,,expected HNP vector failed embedding validation
14,0.2,40,1011,100,0.9624999761581421,0.6499999761581421,26,True,False,,0.05768460100000539,,,expected HNP vector failed embedding validation
8,0.0,40,1012,100,1.0,1.0,40,False,False,fpylll,0.05442690099994252,0.05427959999997256,,
8,0.05,40,1012,100,1.0,1.0,40,False,False,fpylll,0.0566323000000466,0.0617737009999928,,
8,0.1,40,1012,100,1.0,1.0,40,False,False,fpylll,0.056577299999958086,0.05449670000007245,,
8,0.15,40,1012,100,0.9906250238418579,0.925000011920929,37,False,False,,0.05473570000003747,,,expected HNP vector failed embedding validation
8,0.2,40,1012,100,0.9781249761581421,0.824999988079071,33,False,False,,0.056978801000013846,,,expected HNP vector failed embedding validation
10,0.0,40,1012,100,0.9950000047683716,0.949999988079071,38,True,False,,0.05785370000000967,,,expected HNP vector failed embedding validation
10,0.05,40,1012,100,0.9975000023841858,0.9750000238418579,39,True,False,,0.05824010100002397,,,expected HNP vector failed embedding validation
10,0.1,40,1012,100,1.0,1.0,40,True,True,fpylll,0.05935800099996413,0.06650090000005093,,
10,0.15,40,1012,100,0.987500011920929,0.875,35,True,False,,0.06002000099999805,,,expected HNP vector failed embedding validation
10,0.2,40,1012,100,0.9775000214576721,0.7749999761581421,31,True,False,,0.05829619999997249,,,expected HNP vector failed embedding validation
12,0.0,40,1012,100,1.0,1.0,40,True,True,fpylll,0.05587770099998579,0.05582650000008016,,
12,0.05,40,1012,100,1.0,1.0,40,True,True,fpylll,0.05552460000001247,0.055766200999983084,,
12,0.1,40,1012,100,1.0,1.0,40,True,True,fpylll,0.05595840000000862,0.0558593009999413,,
12,0.15,40,1012,100,0.9937499761581421,0.925000011920929,37,True,False,,0.056036600999959774,,,expected HNP vector failed embedding validation
12,0.2,40,1012,100,0.9770833253860474,0.7250000238418579,29,True,False,,0.05609889999993811,,,expected HNP vector failed embedding validation
14,0.0,40,1012,100,1.0,1.0,40,True,True,fpylll,0.05841459999999188,0.05745120099993528,,
14,0.05,40,1012,100,0.9982143044471741,0.9750000238418579,39,True,False,,0.05768520100002661,,,expected HNP vector failed embedding validation
14,0.1,40,1012,100,0.9946428537368774,0.925000011920929,37,True,False,,0.057146500999920136,,,expected HNP vector failed embedding validation
14,0.15,40,1012,100,0.9839285612106323,0.7749999761581421,31,True,False,,0.05727200000001176,,,expected HNP vector failed embedding validation
14,0.2,40,1012,100,0.9678571224212646,0.6000000238418579,24,True,False,,0.059437200000047596,,,expected HNP vector failed embedding validation
8,0.0,40,1013,100,1.0,1.0,40,False,False,fpylll,0.05652420000001257,0.05675630100006401,,
8,0.05,40,1013,100,0.996874988079071,0.9750000238418579,39,False,False,,0.05659309999998641,,,expected HNP vector failed embedding validation
8,0.1,40,1013,100,1.0,1.0,40,False,False,fpylll,0.05667520000008608,0.05812160099992525,,
8,0.15,40,1013,100,0.987500011920929,0.8999999761581421,36,False,False,,0.058942000000001826,,,expected HNP vector failed embedding validation
8,0.2,40,1013,100,0.9906250238418579,0.925000011920929,37,False,False,,0.05651240000008784,,,expected HNP vector failed embedding validation
10,0.0,40,1013,100,1.0,1.0,40,True,True,fpylll,0.05772429999990436,0.05730410099999972,,
10,0.05,40,1013,100,1.0,1.0,40,True,True,fpylll,0.05921580099993662,0.057611299999962284,,
10,0.1,40,1013,100,1.0,1.0,40,True,True,fpylll,0.057309400999997706,0.05869749999999385,,
10,0.15,40,1013,100,0.987500011920929,0.875,35,True,False,,0.057164800000009564,,,expected HNP vector failed embedding validation
10,0.2,40,1013,100,0.9850000143051147,0.8500000238418579,34,True,False,,0.0576489009999932,,,expected HNP vector failed embedding validation
12,0.0,40,1013,100,1.0,1.0,40,True,True,fpylll,0.05930549999993673,0.05686850000006416,,
12,0.05,40,1013,100,0.9937499761581421,0.925000011920929,37,True,False,,0.05733970000005684,,,expected HNP vector failed embedding validation
12,0.1,40,1013,100,0.987500011920929,0.8500000238418579,34,True,False,,0.058932099999992715,,,expected HNP vector failed embedding validation
12,0.15,40,1013,100,0.9916666746139526,0.8999999761581421,36,True,False,,0.05800380000005134,,,expected HNP vector failed embedding validation
12,0.2,40,1013,100,0.9916666746139526,0.8999999761581421,36,True,False,,0.05761210000002848,,,expected HNP vector failed embedding validation
14,0.0,40,1013,100,1.0,1.0,40,True,True,fpylll,0.05698959999995168,0.056820301000016116,,
14,0.05,40,1013,100,1.0,1.0,40,True,True,fpylll,0.05706320100000539,0.057035700000028555,,
14,0.1,40,1013,100,0.9982143044471741,0.9750000238418579,39,True,False,,0.057994101000076625,,,expected HNP vector failed embedding validation
14,0.15,40,1013,100,0.9910714030265808,0.875,35,True,False,,0.05721210100000462,,,expected HNP vector failed embedding validation
14,0.2,40,1013,100,0.9857142567634583,0.8500000238418579,34,True,False,,0.05766610099999525,,,expected HNP vector failed embedding validation
8,0.0,40,1014,100,1.0,1.0,40,False,False,fpylll,0.05668239999999969,0.056639399999994566,,
8,0.05,40,1014,100,0.9906250238418579,0.925000011920929,37,False,False,,0.05667029999995066,,,expected HNP vector failed embedding validation
8,0.1,40,1014,100,0.9937499761581421,0.949999988079071,38,False,False,,0.05787009999994552,,,expected HNP vector failed embedding validation
8,0.15,40,1014,100,0.9937499761581421,0.949999988079071,38,False,False,,0.05702550099999826,,,expected HNP vector failed embedding validation
8,0.2,40,1014,100,0.9781249761581421,0.8500000238418579,34,False,False,,0.05781820099991819,,,expected HNP vector failed embedding validation
10,0.0,40,1014,100,0.9950000047683716,0.949999988079071,38,True,False,,0.05953250000004573,,,expected HNP vector failed embedding validation
10,0.05,40,1014,100,0.9950000047683716,0.949999988079071,38,True,False,,0.0573676000000205,,,expected HNP vector failed embedding validation
10,0.1,40,1014,100,0.9950000047683716,0.949999988079071,38,True,False,,0.06169800099996792,,,expected HNP vector failed embedding validation
10,0.15,40,1014,100,0.9925000071525574,0.925000011920929,37,True,False,,0.05792050099989865,,,expected HNP vector failed embedding validation
10,0.2,40,1014,100,0.9800000190734863,0.824999988079071,33,True,False,,0.057116500000006454,,,expected HNP vector failed embedding validation
12,0.0,40,1014,100,1.0,1.0,40,True,True,fpylll,0.056333900000026915,0.057212401000015234,,
12,0.05,40,1014,100,1.0,1.0,40,True,True,fpylll,0.05661120000002029,0.05638970100005736,,
12,0.1,40,1014,100,0.9979166388511658,0.9750000238418579,39,True,False,,0.056472900000017034,,,expected HNP vector failed embedding validation
12,0.15,40,1014,100,0.9895833134651184,0.875,35,True,False,,0.05682030000002669,,,expected HNP vector failed embedding validation
12,0.2,40,1014,100,0.9770833253860474,0.7250000238418579,29,True,False,,0.05683370100007323,,,expected HNP vector failed embedding validation
14,0.0,40,1014,100,0.9964285492897034,0.949999988079071,38,True,False,,0.057051200999922,,,expected HNP vector failed embedding validation
14,0.05,40,1014,100,0.9982143044471741,0.9750000238418579,39,True,False,,0.05645270000002256,,,expected HNP vector failed embedding validation
14,0.1,40,1014,100,0.9946428537368774,0.925000011920929,37,True,False,,0.056565599999998994,,,expected HNP vector failed embedding validation
14,0.15,40,1014,100,0.9928571581840515,0.8999999761581421,36,True,False,,0.05655660000002172,,,expected HNP vector failed embedding validation
14,0.2,40,1014,100,0.9750000238418579,0.675000011920929,27,True,False,,0.05668459999992592,,,expected HNP vector failed embedding validation
8,0.0,40,1015,100,1.0,1.0,40,False,False,fpylll,0.05476089999990563,0.05462860099999034,,
8,0.05,40,1015,100,1.0,1.0,40,False,False,fpylll,0.054730401000028905,0.054292300000042815,,
8,0.1,40,1015,100,0.9906250238418579,0.925000011920929,37,False,False,,0.056175100000018574,,,expected HNP vector failed embedding validation
8,0.15,40,1015,100,0.984375,0.875,35,False,False,,0.05510770000000775,,,expected HNP vector failed embedding validation
8,0.2,40,1015,100,0.9624999761581421,0.699999988079071,28,False,False,,0.05523670000002312,,,expected HNP vector failed embedding validation
10,0.0,40,1015,100,1.0,1.0,40,True,True,fpylll,0.05762640000000374,0.05749690000004648,,
10,0.05,40,1015,100,0.987500011920929,0.875,35,True,False,,0.058166499999970256,,,expected HNP vector failed embedding validation
10,0.1,40,1015,100,0.987500011920929,0.875,35,True,False,,0.05920050099996388,,,expected HNP vector failed embedding validation
10,0.15,40,1015,100,0.987500011920929,0.875,35,True,False,,0.058404800000062096,,,expected HNP vector failed embedding validation
10,0.2,40,1015,100,0.9800000190734863,0.800000011920929,32,True,False,,0.058868200000006254,,,expected HNP vector failed embedding validation
12,0.0,40,1015,100,1.0,1.0,40,True,True,fpylll,0.05767050000008567,0.05715300099996057,,
12,0.05,40,1015,100,1.0,1.0,40,True,True,fpylll,0.05782919999990099,0.057728901000018595,,
12,0.1,40,1015,100,0.9958333373069763,0.9750000238418579,39,True,False,,0.06026159999998981,,,expected HNP vector failed embedding validation
12,0.15,40,1015,100,0.9895833134651184,0.875,35,True,False,,0.05826330100001087,,,expected HNP vector failed embedding validation
12,0.2,40,1015,100,0.96875,0.699999988079071,28,True,False,,0.05775740000001406,,,expected HNP vector failed embedding validation
14,0.0,40,1015,100,0.9964285492897034,0.949999988079071,38,True,False,,0.058300000000031105,,,expected HNP vector failed embedding validation
14,0.05,40,1015,100,0.9964285492897034,0.949999988079071,38,True,False,,0.058301100999983646,,,expected HNP vector failed embedding validation
14,0.1,40,1015,100,0.9892857074737549,0.8500000238418579,34,True,False,,0.058427700000038385,,,expected HNP vector failed embedding validation
14,0.15,40,1015,100,0.9928571581840515,0.8999999761581421,36,True,False,,0.058276900000009846,,,expected HNP vector failed embedding validation
14,0.2,40,1015,100,0.9714285731315613,0.7250000238418579,29,True,False,,0.05812550099994951,,,expected HNP vector failed embedding validation
8,0.0,40,1016,100,1.0,1.0,40,False,False,fpylll,0.05517239999994672,0.055333501000063734,,
8,0.05,40,1016,100,1.0,1.0,40,False,False,fpylll,0.05523999999991247,0.05549980000000687,,
8,0.1,40,1016,100,0.9937499761581421,0.949999988079071,38,False,False,,0.05604340100001082,,,expected HNP vector failed embedding validation
8,0.15,40,1016,100,0.987500011920929,0.8999999761581421,36,False,False,,0.05588769999997112,,,expected HNP vector failed embedding validation
8,0.2,40,1016,100,0.971875011920929,0.824999988079071,33,False,False,,0.055824699999902805,,,expected HNP vector failed embedding validation
10,0.0,40,1016,100,1.0,1.0,40,True,True,fpylll,0.05740850000006503,0.05731960100001743,,
10,0.05,40,1016,100,1.0,1.0,40,True,True,fpylll,0.05761710000001585,0.057926101000020935,,
10,0.1,40,1016,100,1.0,1.0,40,True,True,fpylll,0.057586099999980433,0.05709880099993825,,
10,0.15,40,1016,100,0.9775000214576721,0.7749999761581421,31,True,False,,0.05723599999998896,,,expected HNP vector failed embedding validation
10,0.2,40,1016,100,0.9700000286102295,0.75,30,True,False,,0.058016000000066015,,,expected HNP vector failed embedding validation
12,0.0,40,1016,100,0.9979166388511658,0.9750000238418579,39,True,False,,0.058173100999965754,,,expected HNP vector failed embedding validation
12,0.05,40,1016,100,1.0,1.0,40,True,True,fpylll,0.05867799999998624,0.05814720099999704,,
12,0.1,40,1016,100,0.9979166388511658,0.9750000238418579,39,True,False,,0.0585111999999981,,,expected HNP vector failed embedding validation
12,0.15,40,1016,100,0.9854166507720947,0.824999988079071,33,True,False,,0.0596798999999919,,,expected HNP vector failed embedding validation
12,0.2,40,1016,100,0.96875,0.675000011920929,27,True,False,,0.05876530000000457,,,expected HNP vector failed embedding validation
14,0.0,40,1016,100,1.0,1.0,40,True,True,fpylll,0.058502199999907134,0.058174300000018775,,
14,0.05,40,1016,100,0.9964285492897034,0.949999988079071,38,True,False,,0.05792519999999968,,,expected HNP vector failed embedding validation
14,0.1,40,1016,100,0.9946428537368774,0.925000011920929,37,True,False,,0.059888499999942724,,,expected HNP vector failed embedding validation
14,0.15,40,1016,100,0.9892857074737549,0.8500000238418579,34,True,False,,0.05767400000001999,,,expected HNP vector failed embedding validation
14,0.2,40,1016,100,0.9767857193946838,0.75,30,True,False,,0.057764700000007,,,expected HNP vector failed embedding validation
8,0.0,40,1017,100,1.0,1.0,40,False,False,fpylll,0.05716150000000653,0.05535460100009004,,
8,0.05,40,1017,100,0.9906250238418579,0.925000011920929,37,False,False,,0.05507080000006681,,,expected HNP vector failed embedding validation
8,0.1,40,1017,100,0.9906250238418579,0.925000011920929,37,False,False,,0.05586940000000595,,,expected HNP vector failed embedding validation
8,0.15,40,1017,100,0.9781249761581421,0.824999988079071,33,False,False,,0.055415700000025936,,,expected HNP vector failed embedding validation
8,0.2,40,1017,100,0.987500011920929,0.8999999761581421,36,False,False,,0.05550069999992502,,,expected HNP vector failed embedding validation
10,0.0,40,1017,100,1.0,1.0,40,True,True,fpylll,0.056766100999993796,0.056746000000089225,,
10,0.05,40,1017,100,0.9975000023841858,0.9750000238418579,39,True,False,,0.056728200000065954,,,expected HNP vector failed embedding validation
10,0.1,40,1017,100,0.9950000047683716,0.949999988079071,38,True,False,,0.05660659999989548,,,expected HNP vector failed embedding validation
10,0.15,40,1017,100,0.9950000047683716,0.949999988079071,38,True,False,,0.05698339999992186,,,expected HNP vector failed embedding validation
10,0.2,40,1017,100,0.9725000262260437,0.75,30,True,False,,0.056505700000002435,,,expected HNP vector failed embedding validation
12,0.0,40,1017,100,1.0,1.0,40,True,True,fpylll,0.059403499999916676,0.05795130000001336,,
12,0.05,40,1017,100,1.0,1.0,40,True,True,fpylll,0.05756799999994655,0.0578206999999793,,
12,0.1,40,1017,100,0.9958333373069763,0.949999988079071,38,True,False,,0.058241800000018884,,,expected HNP vector failed embedding validation
12,0.15,40,1017,100,0.9895833134651184,0.875,35,True,False,,0.05796079999993253,,,expected HNP vector failed embedding validation
12,0.2,40,1017,100,0.9583333134651184,0.625,25,True,False,,0.058536200000048666,,,expected HNP vector failed embedding validation
14,0.0,40,1017,100,1.0,1.0,40,True,True,fpylll,0.05775780100009342,0.05881169999997837,,
14,0.05,40,1017,100,1.0,1.0,40,True,True,fpylll,0.05740560100002767,0.057236199999920245,,
14,0.1,40,1017,100,0.9946428537368774,0.925000011920929,37,True,False,,0.05748500100003184,,,expected HNP vector failed embedding validation
14,0.15,40,1017,100,0.9821428656578064,0.800000011920929,32,True,False,,0.057763899999940804,,,expected HNP vector failed embedding validation
14,0.2,40,1017,100,0.9571428298950195,0.550000011920929,22,True,False,,0.05789479999998548,,,expected HNP vector failed embedding validation
8,0.0,40,1018,100,1.0,1.0,40,False,False,fpylll,0.055912300000045434,0.05597390100001576,,
8,0.05,40,1018,100,1.0,1.0,40,False,False,fpylll,0.05650409999998374,0.05629510100004609,,
8,0.1,40,1018,100,0.9906250238418579,0.925000011920929,37,False,False,,0.05649869900003068,,,expected HNP vector failed embedding validation
8,0.15,40,1018,100,0.96875,0.800000011920929,32,False,False,,0.05652319900002567,,,expected HNP vector failed embedding validation
8,0.2,40,1018,100,0.9281250238418579,0.550000011920929,22,False,False,,0.05614069900002505,,,expected HNP vector failed embedding validation
10,0.0,40,1018,100,1.0,1.0,40,True,True,fpylll,0.0564562989999331,0.056235598999933245,,
10,0.05,40,1018,100,1.0,1.0,40,True,True,fpylll,0.05659039900001517,0.057177599000056034,,
10,0.1,40,1018,100,1.0,1.0,40,True,True,fpylll,0.05760709899993799,0.057023299000093175,,
10,0.15,40,1018,100,0.9750000238418579,0.7749999761581421,31,True,False,,0.05668939899999259,,,expected HNP vector failed embedding validation
10,0.2,40,1018,100,0.9449999928474426,0.550000011920929,22,True,False,,0.056614998999975796,,,expected HNP vector failed embedding validation
12,0.0,40,1018,100,1.0,1.0,40,True,True,fpylll,0.06075279900005626,0.058642400000053385,,
12,0.05,40,1018,100,1.0,1.0,40,True,True,fpylll,0.05919380000000274,0.058454099999948994,,
12,0.1,40,1018,100,1.0,1.0,40,True,True,fpylll,0.05880790000003344,0.058534200000053715,,
12,0.15,40,1018,100,0.9729166626930237,0.7250000238418579,29,True,False,,0.0599322000000484,,,expected HNP vector failed embedding validation
12,0.2,40,1018,100,0.9520833492279053,0.5249999761581421,21,True,False,,0.0595227999999679,,,expected HNP vector failed embedding validation
14,0.0,40,1018,100,1.0,1.0,40,True,True,fpylll,0.0580925000000434,0.0591848999999911,,
14,0.05,40,1018,100,0.9982143044471741,0.9750000238418579,39,True,False,,0.05883649999998397,,,expected HNP vector failed embedding validation
14,0.1,40,1018,100,0.9839285612106323,0.824999988079071,33,True,False,,0.05887930000005781,,,expected HNP vector failed embedding validation
14,0.15,40,1018,100,0.9696428775787354,0.675000011920929,27,True,False,,0.058282700000063414,,,expected HNP vector failed embedding validation
14,0.2,40,1018,100,0.9410714507102966,0.42500001192092896,17,True,False,,0.058675400000083755,,,expected HNP vector failed embedding validation
8,0.0,40,1019,100,1.0,1.0,40,False,False,fpylll,0.058005999999977575,0.05695620000005874,,
8,0.05,40,1019,100,0.996874988079071,0.9750000238418579,39,False,False,,0.05689560099995106,,,expected HNP vector failed embedding validation
8,0.1,40,1019,100,1.0,1.0,40,False,False,fpylll,0.057476099999917096,0.05670430000009219,,
8,0.15,40,1019,100,0.987500011920929,0.8999999761581421,36,False,False,,0.056594599999925777,,,expected HNP vector failed embedding validation
8,0.2,40,1019,100,0.965624988079071,0.75,30,False,False,,0.05660279999995055,,,expected HNP vector failed embedding validation
10,0.0,40,1019,100,1.0,1.0,40,True,True,fpylll,0.0588526000000229,0.05831460000001698,,
10,0.05,40,1019,100,1.0,1.0,40,True,True,fpylll,0.06004980099999102,0.05813049999994746,,
10,0.1,40,1019,100,1.0,1.0,40,True,True,fpylll,0.05883630000005269,0.058021900000085225,,
10,0.15,40,1019,100,0.9925000071525574,0.925000011920929,37,True,False,,0.058958501000006436,,,expected HNP vector failed embedding validation
10,0.2,40,1019,100,0.9700000286102295,0.7250000238418579,29,True,False,,0.05804160000002412,,,expected HNP vector failed embedding validation
12,0.0,40,1019,100,1.0,1.0,40,True,True,fpylll,0.057270700999993096,0.0568574000000126,,
12,0.05,40,1019,100,1.0,1.0,40,True,True,fpylll,0.056855100999996466,0.05764270000008764,,
12,0.1,40,1019,100,0.9979166388511658,0.9750000238418579,39,True,False,,0.05741770099996302,,,expected HNP vector failed embedding validation
12,0.15,40,1019,100,0.9854166507720947,0.824999988079071,33,True,False,,0.056962099999964266,,,expected HNP vector failed embedding validation
12,0.2,40,1019,100,0.9770833253860474,0.75,30,True,False,,0.05771930000003067,,,expected HNP vector failed embedding validation
14,0.0,40,1019,100,1.0,1.0,40,True,True,fpylll,0.0577462999999625,0.057907800000066345,,
14,0.05,40,1019,100,1.0,1.0,40,True,True,fpylll,0.06116050000002815,0.059080900000026304,,
14,0.1,40,1019,100,0.9982143044471741,0.9750000238418579,39,True,False,,0.05740339999999833,,,expected HNP vector failed embedding validation
14,0.15,40,1019,100,0.9946428537368774,0.925000011920929,37,True,False,,0.059392300000013165,,,expected HNP vector failed embedding validation
14,0.2,40,1019,100,0.9732142686843872,0.675000011920929,27,True,False,,0.057885899999973844,,,expected HNP vector failed embedding validation
8,0.0,40,1020,100,1.0,1.0,40,False,False,fpylll,0.05611629999998513,0.056088600000066435,,
8,0.05,40,1020,100,1.0,1.0,40,False,False,fpylll,0.056746999999973013,0.0581103989999292,,
8,0.1,40,1020,100,0.996874988079071,0.9750000238418579,39,False,False,,0.056559699999979784,,,expected HNP vector failed embedding validation
8,0.15,40,1020,100,0.9937499761581421,0.949999988079071,38,False,False,,0.05641960000002655,,,expected HNP vector failed embedding validation
8,0.2,40,1020,100,0.9750000238418579,0.824999988079071,33,False,False,,0.0568630000000212,,,expected HNP vector failed embedding validation
10,0.0,40,1020,100,1.0,1.0,40,True,True,fpylll,0.057654200000001765,0.0570163989999628,,
10,0.05,40,1020,100,0.9975000023841858,0.9750000238418579,39,True,False,,0.05740420000006452,,,expected HNP vector failed embedding validation
10,0.1,40,1020,100,0.9975000023841858,0.9750000238418579,39,True,False,,0.05776739999998881,,,expected HNP vector failed embedding validation
10,0.15,40,1020,100,0.9925000071525574,0.925000011920929,37,True,False,,0.05728229999999712,,,expected HNP vector failed embedding validation
10,0.2,40,1020,100,0.9800000190734863,0.824999988079071,33,True,False,,0.058523899999954665,,,expected HNP vector failed embedding validation
12,0.0,40,1020,100,0.9979166388511658,0.9750000238418579,39,True,False,,0.05673060000003716,,,expected HNP vector failed embedding validation
12,0.05,40,1020,100,0.9979166388511658,0.9750000238418579,39,True,False,,0.05727150100005929,,,expected HNP vector failed embedding validation
12,0.1,40,1020,100,0.9979166388511658,0.9750000238418579,39,True,False,,0.05749140000000352,,,expected HNP vector failed embedding validation
12,0.15,40,1020,100,0.9958333373069763,0.949999988079071,38,True,False,,0.05705420000003869,,,expected HNP vector failed embedding validation
12,0.2,40,1020,100,0.9770833253860474,0.75,30,True,False,,0.05747309999992467,,,expected HNP vector failed embedding validation
14,0.0,40,1020,100,1.0,1.0,40,True,True,fpylll,0.058953800000040246,0.063856200000032,,
14,0.05,40,1020,100,0.9839285612106323,0.824999988079071,33,True,False,,0.05850810000004003,,,expected HNP vector failed embedding validation
14,0.1,40,1020,100,0.9982143044471741,0.9750000238418579,39,True,False,,0.05931139999995594,,,expected HNP vector failed embedding validation
14,0.15,40,1020,100,0.9946428537368774,0.925000011920929,37,True,False,,0.05907129999991412,,,expected HNP vector failed embedding validation
14,0.2,40,1020,100,0.9803571701049805,0.75,30,True,False,,0.05818400100008603,,,expected HNP vector failed embedding validation
8,0.0,40,1021,100,1.0,1.0,40,False,False,fpylll,0.05766080000000784,0.05698659999995925,,
8,0.05,40,1021,100,0.9906250238418579,0.925000011920929,37,False,False,,0.056969699999967816,,,expected HNP vector failed embedding validation
8,0.1,40,1021,100,0.9937499761581421,0.949999988079071,38,False,False,,0.05744230000004791,,,expected HNP vector failed embedding validation
8,0.15,40,1021,100,0.984375,0.875,35,False,False,,0.057598900000130016,,,expected HNP vector failed embedding validation
8,0.2,40,1021,100,0.965624988079071,0.75,30,False,False,,0.05729320000000371,,,expected HNP vector failed embedding validation
10,0.0,40,1021,100,0.9925000071525574,0.925000011920929,37,True,False,,0.05791099999987637,,,expected HNP vector failed embedding validation
10,0.05,40,1021,100,0.9950000047683716,0.949999988079071,38,True,False,,0.05780870000012328,,,expected HNP vector failed embedding validation
10,0.1,40,1021,100,0.9950000047683716,0.949999988079071,38,True,False,,0.05739779999998973,,,expected HNP vector failed embedding validation
10,0.15,40,1021,100,0.9900000095367432,0.8999999761581421,36,True,False,,0.05677760099979423,,,expected HNP vector failed embedding validation
10,0.2,40,1021,100,0.9725000262260437,0.75,30,True,False,,0.05706999999983964,,,expected HNP vector failed embedding validation
12,0.0,40,1021,100,1.0,1.0,40,True,True,fpylll,0.05813760099999854,0.05806799999982104,,
12,0.05,40,1021,100,0.9895833134651184,0.875,35,True,False,,0.058080699999891294,,,expected HNP vector failed embedding validation
12,0.1,40,1021,100,0.9937499761581421,0.925000011920929,37,True,False,,0.057144700999970155,,,expected HNP vector failed embedding validation
12,0.15,40,1021,100,0.9937499761581421,0.925000011920929,37,True,False,,0.057466199999907985,,,expected HNP vector failed embedding validation
12,0.2,40,1021,100,0.9666666388511658,0.6499999761581421,26,True,False,,0.0575951000000714,,,expected HNP vector failed embedding validation
14,0.0,40,1021,100,0.9946428537368774,0.925000011920929,37,True,False,,0.05665109999995366,,,expected HNP vector failed embedding validation
14,0.05,40,1021,100,0.9946428537368774,0.925000011920929,37,True,False,,0.05819429999996828,,,expected HNP vector failed embedding validation
14,0.1,40,1021,100,0.9964285492897034,0.949999988079071,38,True,False,,0.05698889999985113,,,expected HNP vector failed embedding validation
14,0.15,40,1021,100,0.9946428537368774,0.925000011920929,37,True,False,,0.05730249999987791,,,expected HNP vector failed embedding validation
14,0.2,40,1021,100,0.9767857193946838,0.699999988079071,28,True,False,,0.057148499000049924,,,expected HNP vector failed embedding validation
8,0.0,40,1022,100,1.0,1.0,40,False,False,fpylll,0.05653319999987616,0.05668080000009468,,
8,0.05,40,1022,100,1.0,1.0,40,False,False,fpylll,0.05682679999995344,0.05727860000001783,,
8,0.1,40,1022,100,0.996874988079071,0.9750000238418579,39,False,False,,0.056872999999995955,,,expected HNP vector failed embedding validation
8,0.15,40,1022,100,0.9937499761581421,0.949999988079071,38,False,False,,0.056797899999992296,,,expected HNP vector failed embedding validation
8,0.2,40,1022,100,0.9624999761581421,0.699999988079071,28,False,False,,0.056492100000014034,,,expected HNP vector failed embedding validation
10,0.0,40,1022,100,1.0,1.0,40,True,True,fpylll,0.05700109800000064,0.05691079799998988,,
10,0.05,40,1022,100,1.0,1.0,40,True,True,fpylll,0.05848199799993381,0.0563056979999601,,
10,0.1,40,1022,100,1.0,1.0,40,True,True,fpylll,0.05670119800015527,0.056888097999944875,,
10,0.15,40,1022,100,0.987500011920929,0.875,35,True,False,,0.0590900980000697,,,expected HNP vector failed embedding validation
10,0.2,40,1022,100,0.9750000238418579,0.800000011920929,32,True,False,,0.056426397999985056,,,expected HNP vector failed embedding validation
12,0.0,40,1022,100,1.0,1.0,40,True,True,fpylll,0.05674809800007097,0.05675839799982896,,
12,0.05,40,1022,100,0.9979166388511658,0.9750000238418579,39,True,False,,0.05910899800005609,,,expected HNP vector failed embedding validation
12,0.1,40,1022,100,0.9958333373069763,0.949999988079071,38,True,False,,0.05679949799991846,,,expected HNP vector failed embedding validation
12,0.15,40,1022,100,0.9916666746139526,0.8999999761581421,36,True,False,,0.057099097999980586,,,expected HNP vector failed embedding validation
12,0.2,40,1022,100,0.9708333611488342,0.75,30,True,False,,0.05681459799984623,,,expected HNP vector failed embedding validation
14,0.0,40,1022,100,0.9910714030265808,0.875,35,True,False,,0.05685809999999947,,,expected HNP vector failed embedding validation
14,0.05,40,1022,100,1.0,1.0,40,True,True,fpylll,0.0564104000000043,0.0566991999999118,,
14,0.1,40,1022,100,1.0,1.0,40,True,True,fpylll,0.0565879999999197,0.05625189900001715,,
14,0.15,40,1022,100,0.9892857074737549,0.8500000238418579,34,True,False,,0.05692229999999654,,,expected HNP vector failed embedding validation
14,0.2,40,1022,100,0.9678571224212646,0.6499999761581421,26,True,False,,0.056474900000011985,,,expected HNP vector failed embedding validation
8,0.0,40,1023,100,1.0,1.0,40,False,False,fpylll,0.05546059900007094,0.05538690000003044,,
8,0.05,40,1023,100,1.0,1.0,40,False,False,fpylll,0.055584200000112105,0.05530119999980343,,
8,0.1,40,1023,100,1.0,1.0,40,False,False,fpylll,0.055882599999904414,0.057015999999975975,,
8,0.15,40,1023,100,0.996874988079071,0.9750000238418579,39,False,False,,0.05592790000014247,,,expected HNP vector failed embedding validation
8,0.2,40,1023,100,0.971875011920929,0.800000011920929,32,False,False,,0.055473984999935055,,,expected HNP vector failed embedding validation
10,0.0,40,1023,100,0.9975000023841858,0.9750000238418579,39,True,False,,0.056390684999996665,,,expected HNP vector failed embedding validation
10,0.05,40,1023,100,1.0,1.0,40,True,True,fpylll,0.056173884999907386,0.05644308399996589,,
10,0.1,40,1023,100,1.0,1.0,40,True,True,fpylll,0.056544384999824615,0.05614658500007863,,
10,0.15,40,1023,100,0.9950000047683716,0.949999988079071,38,True,False,,0.056522285000028205,,,expected HNP vector failed embedding validation
10,0.2,40,1023,100,0.9725000262260437,0.800000011920929,32,True,False,,0.057074084000078074,,,expected HNP vector failed embedding validation
12,0.0,40,1023,100,1.0,1.0,40,True,True,fpylll,0.057883400000037,0.0578654999999344,,
12,0.05,40,1023,100,0.9979166388511658,0.9750000238418579,39,True,False,,0.059322900000097434,,,expected HNP vector failed embedding validation
12,0.1,40,1023,100,1.0,1.0,40,True,True,fpylll,0.05843159999994896,0.057914299000003666,,
12,0.15,40,1023,100,0.9958333373069763,0.949999988079071,38,True,False,,0.05803649999984373,,,expected HNP vector failed embedding validation
12,0.2,40,1023,100,0.9666666388511658,0.7250000238418579,29,True,False,,0.05747330000008333,,,expected HNP vector failed embedding validation
14,0.0,40,1023,100,1.0,1.0,40,True,True,fpylll,0.057680499000070995,0.057018400000060865,,
14,0.05,40,1023,100,0.9964285492897034,0.949999988079071,38,True,False,,0.058597798999926454,,,expected HNP vector failed embedding validation
14,0.1,40,1023,100,0.9982143044471741,0.9750000238418579,39,True,False,,0.05792440000004717,,,expected HNP vector failed embedding validation
14,0.15,40,1023,100,0.9946428537368774,0.925000011920929,37,True,False,,0.05776859999991757,,,expected HNP vector failed embedding validation
14,0.2,40,1023,100,0.9714285731315613,0.675000011920929,27,True,False,,0.05832599900008972,,,expected HNP vector failed embedding validation
8,0.0,40,1024,100,0.996874988079071,0.9750000238418579,39,False,False,,0.05666889999997693,,,expected HNP vector failed embedding validation
8,0.05,40,1024,100,0.996874988079071,0.9750000238418579,39,False,False,,0.056259799999907045,,,expected HNP vector failed embedding validation
8,0.1,40,1024,100,1.0,1.0,40,False,False,fpylll,0.06071590000010474,0.05663690000005772,,
8,0.15,40,1024,100,0.9937499761581421,0.949999988079071,38,False,False,,0.05841829900009543,,,expected HNP vector failed embedding validation
8,0.2,40,1024,100,0.984375,0.875,35,False,False,,0.057278399999859175,,,expected HNP vector failed embedding validation
10,0.0,40,1024,100,1.0,1.0,40,True,True,fpylll,0.06041509900001074,0.05827799999997296,,
10,0.05,40,1024,100,1.0,1.0,40,True,True,fpylll,0.05847640000001775,0.06003649900003438,,
10,0.1,40,1024,100,1.0,1.0,40,True,True,fpylll,0.06379250000009051,0.06025159999990137,,
10,0.15,40,1024,100,0.9925000071525574,0.925000011920929,37,True,False,,0.059012399000039295,,,expected HNP vector failed embedding validation
10,0.2,40,1024,100,0.9850000143051147,0.8500000238418579,34,True,False,,0.05902240000000347,,,expected HNP vector failed embedding validation
12,0.0,40,1024,100,1.0,1.0,40,True,True,fpylll,0.056760501000098884,0.05688989999998739,,
12,0.05,40,1024,100,1.0,1.0,40,True,True,fpylll,0.056653899999901114,0.05638520000002245,,
12,0.1,40,1024,100,0.9979166388511658,0.9750000238418579,39,True,False,,0.05627600100001473,,,expected HNP vector failed embedding validation
12,0.15,40,1024,100,0.9916666746139526,0.925000011920929,37,True,False,,0.05668280000008963,,,expected HNP vector failed embedding validation
12,0.2,40,1024,100,0.981249988079071,0.800000011920929,32,True,False,,0.057147600000007515,,,expected HNP vector failed embedding validation
14,0.0,40,1024,100,1.0,1.0,40,True,True,fpylll,0.05767089999994823,0.05715270100017733,,
14,0.05,40,1024,100,1.0,1.0,40,True,True,fpylll,0.06002800099986416,0.05707689999985632,,
14,0.1,40,1024,100,1.0,1.0,40,True,True,fpylll,0.05736860000001798,0.05684170099993935,,
14,0.15,40,1024,100,0.9946428537368774,0.925000011920929,37,True,False,,0.057859400000097594,,,expected HNP vector failed embedding validation
14,0.2,40,1024,100,0.9857142567634583,0.8500000238418579,34,True,False,,0.058877599999959784,,,expected HNP vector failed embedding validation
8,0.0,40,1025,100,1.0,1.0,40,False,False,fpylll,0.05592699699991499,0.05745909700021912,,
8,0.05,40,1025,100,1.0,1.0,40,False,False,fpylll,0.05602569800021229,0.05593989799990595,,
8,0.1,40,1025,100,1.0,1.0,40,False,False,fpylll,0.056080596999890986,0.05598349699994287,,
8,0.15,40,1025,100,0.9906250238418579,0.925000011920929,37,False,False,,0.05602749700005916,,,expected HNP vector failed embedding validation
8,0.2,40,1025,100,0.9750000238418579,0.8500000238418579,34,False,False,,0.056195597999931124,,,expected HNP vector failed embedding validation
10,0.0,40,1025,100,1.0,1.0,40,True,True,fpylll,0.057052197000075466,0.05565379699987716,,
10,0.05,40,1025,100,1.0,1.0,40,True,True,fpylll,0.0558397969998623,0.055496396999842545,,
10,0.1,40,1025,100,1.0,1.0,40,True,True,fpylll,0.05624329700003727,0.05583319699985623,,
10,0.15,40,1025,100,0.987500011920929,0.8999999761581421,36,True,False,,0.055609897000067576,,,expected HNP vector failed embedding validation
10,0.2,40,1025,100,0.9649999737739563,0.7749999761581421,31,True,False,,0.056785692999937964,,,expected HNP vector failed embedding validation
12,0.0,40,1025,100,1.0,1.0,40,True,True,fpylll,0.05709929199997532,0.057357692999858045,,
12,0.05,40,1025,100,1.0,1.0,40,True,True,fpylll,0.05717059199992036,0.05708649200005311,,
12,0.1,40,1025,100,1.0,1.0,40,True,True,fpylll,0.05781749199991282,0.05744269199999508,,
12,0.15,40,1025,100,0.987500011920929,0.8500000238418579,34,True,False,,0.06321919100014384,,,expected HNP vector failed embedding validation
12,0.2,40,1025,100,0.9645833373069763,0.675000011920929,27,True,False,,0.05728359299996555,,,expected HNP vector failed embedding validation
14,0.0,40,1025,100,1.0,1.0,40,True,True,fpylll,0.05674309200003336,0.056490593000035005,,
14,0.05,40,1025,100,1.0,1.0,40,True,True,fpylll,0.055795192000005045,0.05555559300000823,,
14,0.1,40,1025,100,0.9964285492897034,0.949999988079071,38,True,False,,0.05608909300008236,,,expected HNP vector failed embedding validation
14,0.15,40,1025,100,0.9946428537368774,0.925000011920929,37,True,False,,0.056372602000010374,,,expected HNP vector failed embedding validation
14,0.2,40,1025,100,0.9660714268684387,0.675000011920929,27,True,False,,0.057623401999990165,,,expected HNP vector failed embedding validation
8,0.0,40,1026,100,1.0,1.0,40,False,False,fpylll,0.05775350299995807,0.057903701999975965,,
8,0.05,40,1026,100,1.0,1.0,40,False,False,fpylll,0.05819940199990015,0.05833600200003275,,
8,0.1,40,1026,100,0.996874988079071,0.9750000238418579,39,False,False,,0.05773540200016214,,,expected HNP vector failed embedding validation
8,0.15,40,1026,100,0.9906250238418579,0.949999988079071,38,False,False,,0.05773180300002423,,,expected HNP vector failed embedding validation
8,0.2,40,1026,100,0.9906250238418579,0.949999988079071,38,False,False,,0.05809540199993535,,,expected HNP vector failed embedding validation
10,0.0,40,1026,100,1.0,1.0,40,True,True,fpylll,0.057192702999827816,0.056889102000013736,,
10,0.05,40,1026,100,1.0,1.0,40,True,True,fpylll,0.05728970199993455,0.0593472009998095,,
10,0.1,40,1026,100,1.0,1.0,40,True,True,fpylll,0.05716649900000448,0.057019999999965876,,
10,0.15,40,1026,100,0.9900000095367432,0.8999999761581421,36,True,False,,0.05699009900013152,,,expected HNP vector failed embedding validation
10,0.2,40,1026,100,0.9775000214576721,0.800000011920929,32,True,False,,0.05740039900001648,,,expected HNP vector failed embedding validation
12,0.0,40,1026,100,1.0,1.0,40,True,True,fpylll,0.0588216989999637,0.057570799000131956,,
12,0.05,40,1026,100,1.0,1.0,40,True,True,fpylll,0.06102129900000364,0.0579575990000194,,
12,0.1,40,1026,100,1.0,1.0,40,True,True,fpylll,0.05814269899997271,0.05795149899995522,,
12,0.15,40,1026,100,0.9979166388511658,0.9750000238418579,39,True,False,,0.058049599000014496,,,expected HNP vector failed embedding validation
12,0.2,40,1026,100,0.9729166626930237,0.75,30,True,False,,0.05792609899981471,,,expected HNP vector failed embedding validation
14,0.0,40,1026,100,1.0,1.0,40,True,True,fpylll,0.05413739899995562,0.0538890000000265,,
14,0.05,40,1026,100,1.0,1.0,40,True,True,fpylll,0.054730399999925794,0.054478100000096674,,
14,0.1,40,1026,100,1.0,1.0,40,True,True,fpylll,0.054255600000033155,0.05437260000007882,,
14,0.15,40,1026,100,0.9964285492897034,0.949999988079071,38,True,False,,0.05386990000010883,,,expected HNP vector failed embedding validation
14,0.2,40,1026,100,0.9696428775787354,0.6499999761581421,26,True,False,,0.05447449999996934,,,expected HNP vector failed embedding validation
8,0.0,40,1027,100,1.0,1.0,40,False,False,fpylll,0.05588269999998374,0.05552829899988865,,
8,0.05,40,1027,100,0.9937499761581421,0.949999988079071,38,False,False,,0.05567120000000614,,,expected HNP vector failed embedding validation
8,0.1,40,1027,100,0.9937499761581421,0.949999988079071,38,False,False,,0.0558994000000439,,,expected HNP vector failed embedding validation
8,0.15,40,1027,100,0.9593750238418579,0.7250000238418579,29,False,False,,0.05618059900007211,,,expected HNP vector failed embedding validation
8,0.2,40,1027,100,0.9593750238418579,0.7749999761581421,31,False,False,,0.055960700000014185,,,expected HNP vector failed embedding validation
10,0.0,40,1027,100,0.9975000023841858,0.9750000238418579,39,True,False,,0.0583592000000408,,,expected HNP vector failed embedding validation
10,0.05,40,1027,100,0.9975000023841858,0.9750000238418579,39,True,False,,0.059073500000067725,,,expected HNP vector failed embedding validation
10,0.1,40,1027,100,0.9925000071525574,0.925000011920929,37,True,False,,0.058818500000143104,,,expected HNP vector failed embedding validation
10,0.15,40,1027,100,0.987500011920929,0.8999999761581421,36,True,False,,0.05815289999986817,,,expected HNP vector failed embedding validation
10,0.2,40,1027,100,0.9649999737739563,0.75,30,True,False,,0.058280299999978524,,,expected HNP vector failed embedding validation
12,0.0,40,1027,100,0.9958333373069763,0.949999988079071,38,True,False,,0.05557830099996863,,,expected HNP vector failed embedding validation
12,0.05,40,1027,100,0.9979166388511658,0.9750000238418579,39,True,False,,0.055484000999967975,,,expected HNP vector failed embedding validation
12,0.1,40,1027,100,0.9979166388511658,0.9750000238418579,39,True,False,,0.05514720100018167,,,expected HNP vector failed embedding validation
12,0.15,40,1027,100,0.981249988079071,0.824999988079071,33,True,False,,0.05540550099999564,,,expected HNP vector failed embedding validation
12,0.2,40,1027,100,0.9624999761581421,0.675000011920929,27,True,False,,0.055808801000011954,,,expected HNP vector failed embedding validation
14,0.0,40,1027,100,0.9946428537368774,0.925000011920929,37,True,False,,0.05707350000011502,,,expected HNP vector failed embedding validation
14,0.05,40,1027,100,1.0,1.0,40,True,True,fpylll,0.056781601000011506,0.05658900100002029,,
14,0.1,40,1027,100,1.0,1.0,40,True,True,fpylll,0.05667719999996734,0.05635310100001334,,
14,0.15,40,1027,100,0.9928571581840515,0.925000011920929,37,True,False,,0.05682570100020712,,,expected HNP vector failed embedding validation
14,0.2,40,1027,100,0.9660714268684387,0.699999988079071,28,True,False,,0.05676080099988212,,,expected HNP vector failed embedding validation
8,0.0,40,1028,100,1.0,1.0,40,False,False,fpylll,0.05673830099999577,0.05578289999994013,,
8,0.05,40,1028,100,0.996874988079071,0.9750000238418579,39,False,False,,0.05566140099995209,,,expected HNP vector failed embedding validation
8,0.1,40,1028,100,1.0,1.0,40,False,False,fpylll,0.05542070100000274,0.05528370000001814,,
8,0.15,40,1028,100,0.996874988079071,0.9750000238418579,39,False,False,,0.055733701000008296,,,expected HNP vector failed embedding validation
8,0.2,40,1028,100,0.953125,0.6499999761581421,26,False,False,,0.05594560500003354,,,expected HNP vector failed embedding validation
10,0.0,40,1028,100,1.0,1.0,40,True,True,fpylll,0.058776205999947706,0.058341704999975263,,
10,0.05,40,1028,100,1.0,1.0,40,True,True,fpylll,0.0579697059999944,0.05741200500006016,,
10,0.1,40,1028,100,0.9975000023841858,0.9750000238418579,39,True,False,,0.05781180500002847,,,expected HNP vector failed embedding validation
10,0.15,40,1028,100,0.9925000071525574,0.925000011920929,37,True,False,,0.057908406000024115,,,expected HNP vector failed embedding validation
10,0.2,40,1028,100,0.9725000262260437,0.75,30,True,False,,0.05876430500006791,,,expected HNP vector failed embedding validation
12,0.0,40,1028,100,0.9979166388511658,0.9750000238418579,39,True,False,,0.05602640500001144,,,expected HNP vector failed embedding validation
12,0.05,40,1028,100,0.9916666746139526,0.8999999761581421,36,True,False,,0.05608700500010855,,,expected HNP vector failed embedding validation
12,0.1,40,1028,100,0.987500011920929,0.875,35,True,False,,0.05737500500003989,,,expected HNP vector failed embedding validation
12,0.15,40,1028,100,0.9916666746139526,0.8999999761581421,36,True,False,,0.05643430400004945,,,expected HNP vector failed embedding validation
12,0.2,40,1028,100,0.9708333611488342,0.699999988079071,28,True,False,,0.05616280399999596,,,expected HNP vector failed embedding validation
14,0.0,40,1028,100,1.0,1.0,40,True,True,fpylll,0.05782530399983443,0.05707390399993528,,
14,0.05,40,1028,100,0.9964285492897034,0.949999988079071,38,True,False,,0.057691303999945376,,,expected HNP vector failed embedding validation
14,0.1,40,1028,100,0.9892857074737549,0.8500000238418579,34,True,False,,0.05795350399989729,,,expected HNP vector failed embedding validation
14,0.15,40,1028,100,0.9910714030265808,0.875,35,True,False,,0.058358704000056605,,,expected HNP vector failed embedding validation
14,0.2,40,1028,100,0.9607142806053162,0.625,25,True,False,,0.05759660400008215,,,expected HNP vector failed embedding validation
8,0.0,40,1029,100,1.0,1.0,40,False,False,fpylll,0.0610508040001605,0.05770930399989993,,
8,0.05,40,1029,100,1.0,1.0,40,False,False,fpylll,0.057807904000128474,0.05768990399997165,,
8,0.1,40,1029,100,0.996874988079071,0.9750000238418579,39,False,False,,0.05812740899978053,,,expected HNP vector failed embedding validation
8,0.15,40,1029,100,0.9937499761581421,0.949999988079071,38,False,False,,0.058960609999985536,,,expected HNP vector failed embedding validation
8,0.2,40,1029,100,0.971875011920929,0.800000011920929,32,False,False,,0.05750261000002865,,,expected HNP vector failed embedding validation
10,0.0,40,1029,100,1.0,1.0,40,True,True,fpylll,0.05872530999999981,0.05751540999995086,,
10,0.05,40,1029,100,1.0,1.0,40,True,True,fpylll,0.05859071000008953,0.057940410000128395,,
10,0.1,40,1029,100,1.0,1.0,40,True,True,fpylll,0.05768370999999206,0.05800791000001482,,
10,0.15,40,1029,100,0.987500011920929,0.875,35,True,False,,0.05747950899990428,,,expected HNP vector failed embedding validation
10,0.2,40,1029,100,0.9624999761581421,0.699999988079071,28,True,False,,0.05887041000005411,,,expected HNP vector failed embedding validation
12,0.0,40,1029,100,1.0,1.0,40,True,True,fpylll,0.056748300000208474,0.05620710100015458,,
12,0.05,40,1029,100,1.0,1.0,40,True,True,fpylll,0.05686590100003741,0.05676549999998315,,
12,0.1,40,1029,100,0.9979166388511658,0.9750000238418579,39,True,False,,0.062048101000073075,,,expected HNP vector failed embedding validation
12,0.15,40,1029,100,0.9937499761581421,0.925000011920929,37,True,False,,0.05667210100000375,,,expected HNP vector failed embedding validation
12,0.2,40,1029,100,0.956250011920929,0.574999988079071,23,True,False,,0.056741301000101885,,,expected HNP vector failed embedding validation
14,0.0,40,1029,100,1.0,1.0,40,True,True,fpylll,0.0575886009999067,0.056828900000027716,,
14,0.05,40,1029,100,0.9982143044471741,0.9750000238418579,39,True,False,,0.05695200099989961,,,expected HNP vector failed embedding validation
14,0.1,40,1029,100,1.0,1.0,40,True,True,fpylll,0.05717320100006873,0.05903059999991456,,
14,0.15,40,1029,100,0.9857142567634583,0.824999988079071,33,True,False,,0.05753990099992734,,,expected HNP vector failed embedding validation
14,0.2,40,1029,100,0.9642857313156128,0.625,25,True,False,,0.05707110100001955,,,expected HNP vector failed embedding validation
8,0.0,40,1030,100,1.0,1.0,40,False,False,fpylll,0.05596950100016329,0.05587420199981352,,
8,0.05,40,1030,100,0.996874988079071,0.9750000238418579,39,False,False,,0.055579001000069184,,,expected HNP vector failed embedding validation
8,0.1,40,1030,100,0.996874988079071,0.9750000238418579,39,False,False,,0.05637890200000584,,,expected HNP vector failed embedding validation
8,0.15,40,1030,100,0.9937499761581421,0.949999988079071,38,False,False,,0.05562800200004858,,,expected HNP vector failed embedding validation
8,0.2,40,1030,100,0.981249988079071,0.8500000238418579,34,False,False,,0.05552870199994686,,,expected HNP vector failed embedding validation
10,0.0,40,1030,100,1.0,1.0,40,True,True,fpylll,0.05822860100010985,0.05718450099993788,,
10,0.05,40,1030,100,1.0,1.0,40,True,True,fpylll,0.057605101000035575,0.05738540099991951,,
10,0.1,40,1030,100,0.9950000047683716,0.949999988079071,38,True,False,,0.05752250099999401,,,expected HNP vector failed embedding validation
10,0.15,40,1030,100,0.9925000071525574,0.925000011920929,37,True,False,,0.05739110200011055,,,expected HNP vector failed embedding validation
10,0.2,40,1030,100,0.9800000190734863,0.800000011920929,32,True,False,,0.057112000999950396,,,expected HNP vector failed embedding validation
12,0.0,40,1030,100,1.0,1.0,40,True,True,fpylll,0.05768860000011955,0.0561903010000151,,
12,0.05,40,1030,100,1.0,1.0,40,True,True,fpylll,0.05814880100001574,0.055967399999872214,,
12,0.1,40,1030,100,0.9937499761581421,0.925000011920929,37,True,False,,0.05722090099993693,,,expected HNP vector failed embedding validation
12,0.15,40,1030,100,0.9916666746139526,0.8999999761581421,36,True,False,,0.058544799999936004,,,expected HNP vector failed embedding validation
12,0.2,40,1030,100,0.9770833253860474,0.7250000238418579,29,True,False,,0.056560901000011654,,,expected HNP vector failed embedding validation
14,0.0,40,1030,100,1.0,1.0,40,True,True,fpylll,0.0564581010000893,0.056317200999956185,,
14,0.05,40,1030,100,0.9964285492897034,0.949999988079071,38,True,False,,0.056246301000101084,,,expected HNP vector failed embedding validation
14,0.1,40,1030,100,0.9946428537368774,0.925000011920929,37,True,False,,0.05717920100005358,,,expected HNP vector failed embedding validation
14,0.15,40,1030,100,0.9982143044471741,0.9750000238418579,39,True,False,,0.05670230000009724,,,expected HNP vector failed embedding validation
14,0.2,40,1030,100,0.9803571701049805,0.75,30,True,False,,0.056754401000034704,,,expected HNP vector failed embedding validation
8,0.0,40,1031,100,0.996874988079071,0.9750000238418579,39,False,False,,0.054984099999956015,,,expected HNP vector failed embedding validation
8,0.05,40,1031,100,1.0,1.0,40,False,False,fpylll,0.05536320099986369,0.055142000000159896,,
8,0.1,40,1031,100,1.0,1.0,40,False,False,fpylll,0.05550620100007109,0.0552056999999877,,
8,0.15,40,1031,100,0.9937499761581421,0.949999988079071,38,False,False,,0.055632700999922235,,,expected HNP vector failed embedding validation
8,0.2,40,1031,100,0.96875,0.7749999761581421,31,False,False,,0.055293201000040426,,,expected HNP vector failed embedding validation
10,0.0,40,1031,100,1.0,1.0,40,True,True,fpylll,0.06063970100012739,0.05766119999998409,,
10,0.05,40,1031,100,1.0,1.0,40,True,True,fpylll,0.057595300999992105,0.057470599999987826,,
10,0.1,40,1031,100,0.9975000023841858,0.9750000238418579,39,True,False,,0.05810249999990447,,,expected HNP vector failed embedding validation
10,0.15,40,1031,100,0.987500011920929,0.875,35,True,False,,0.057873900999993566,,,expected HNP vector failed embedding validation
10,0.2,40,1031,100,0.9750000238418579,0.75,30,True,False,,0.059314800000038304,,,expected HNP vector failed embedding validation
12,0.0,40,1031,100,1.0,1.0,40,True,True,fpylll,0.05665160099988498,0.056585400999892954,,
12,0.05,40,1031,100,1.0,1.0,40,True,True,fpylll,0.0563402010000118,0.056567800000038915,,
12,0.1,40,1031,100,0.9958333373069763,0.949999988079071,38,True,False,,0.05661669999994956,,,expected HNP vector failed embedding validation
12,0.15,40,1031,100,0.9958333373069763,0.949999988079071,38,True,False,,0.058497400000078414,,,expected HNP vector failed embedding validation
12,0.2,40,1031,100,0.9645833373069763,0.6499999761581421,26,True,False,,0.05759349999993901,,,expected HNP vector failed embedding validation
14,0.0,40,1031,100,1.0,1.0,40,True,True,fpylll,0.056189200000062556,0.056013700999983485,,
14,0.05,40,1031,100,1.0,1.0,40,True,True,fpylll,0.05588550099992062,0.055586000999937824,,
14,0.1,40,1031,100,1.0,1.0,40,True,True,fpylll,0.056644799999958195,0.056101100000205406,,
14,0.15,40,1031,100,0.9946428537368774,0.925000011920929,37,True,False,,0.05652140100005454,,,expected HNP vector failed embedding validation
14,0.2,40,1031,100,0.9678571224212646,0.6499999761581421,26,True,False,,0.05626039999992827,,,expected HNP vector failed embedding validation
8,0.0,40,1032,100,1.0,1.0,40,False,False,fpylll,0.05584739999994781,0.05559919999996055,,
8,0.05,40,1032,100,1.0,1.0,40,False,False,fpylll,0.05630890099996577,0.05542979999995623,,
8,0.1,40,1032,100,1.0,1.0,40,False,False,fpylll,0.056444000000055894,0.05615570099985234,,
8,0.15,40,1032,100,0.996874988079071,0.9750000238418579,39,False,False,,0.05601950000004763,,,expected HNP vector failed embedding validation
8,0.2,40,1032,100,0.9624999761581421,0.699999988079071,28,False,False,,0.05574970100019527,,,expected HNP vector failed embedding validation
10,0.0,40,1032,100,1.0,1.0,40,True,True,fpylll,0.056701700000076016,0.05728069999986474,,
10,0.05,40,1032,100,1.0,1.0,40,True,True,fpylll,0.05601309999997284,0.05579310000007354,,
10,0.1,40,1032,100,1.0,1.0,40,True,True,fpylll,0.057159299999966606,0.055752600999994684,,
10,0.15,40,1032,100,1.0,1.0,40,True,True,fpylll,0.055784299999913856,0.056030700000064826,,
10,0.2,40,1032,100,0.9700000286102295,0.75,30,True,False,,0.05708250100019541,,,expected HNP vector failed embedding validation
12,0.0,40,1032,100,1.0,1.0,40,True,True,fpylll,0.05802480000011201,0.05889880099994116,,
12,0.05,40,1032,100,0.9979166388511658,0.9750000238418579,39,True,False,,0.05823740000005273,,,expected HNP vector failed embedding validation
12,0.1,40,1032,100,0.9979166388511658,0.9750000238418579,39,True,False,,0.06145479999986492,,,expected HNP vector failed embedding validation
12,0.15,40,1032,100,0.9958333373069763,0.949999988079071,38,True,False,,0.0580775010000707,,,expected HNP vector failed embedding validation
12,0.2,40,1032,100,0.9624999761581421,0.6499999761581421,26,True,False,,0.05925339999998869,,,expected HNP vector failed embedding validation
14,0.0,40,1032,100,1.0,1.0,40,True,True,fpylll,0.05930149999994683,0.05856730000004973,,
14,0.05,40,1032,100,1.0,1.0,40,True,True,fpylll,0.05884720099993501,0.05938130000004094,,
14,0.1,40,1032,100,0.9982143044471741,0.9750000238418579,39,True,False,,0.059005399999932706,,,expected HNP vector failed embedding validation
14,0.15,40,1032,100,0.9964285492897034,0.949999988079071,38,True,False,,0.059333801000093445,,,expected HNP vector failed embedding validation
14,0.2,40,1032,100,0.9660714268684387,0.6499999761581421,26,True,False,,0.059052700000165714,,,expected HNP vector failed embedding validation
8,0.0,40,1033,100,1.0,1.0,40,False,False,fpylll,0.055291201000045476,0.05511179999984961,,
8,0.05,40,1033,100,0.996874988079071,0.9750000238418579,39,False,False,,0.05599789999996574,,,expected HNP vector failed embedding validation
8,0.1,40,1033,100,0.996874988079071,0.9750000238418579,39,False,False,,0.055578999999852385,,,expected HNP vector failed embedding validation
8,0.15,40,1033,100,0.984375,0.875,35,False,False,,0.05628520100003698,,,expected HNP vector failed embedding validation
8,0.2,40,1033,100,0.981249988079071,0.8500000238418579,34,False,False,,0.05569330099979197,,,expected HNP vector failed embedding validation
10,0.0,40,1033,100,0.9975000023841858,0.9750000238418579,39,True,False,,0.057097500000054424,,,expected HNP vector failed embedding validation
10,0.05,40,1033,100,0.9975000023841858,0.9750000238418579,39,True,False,,0.05710229999999683,,,expected HNP vector failed embedding validation
10,0.1,40,1033,100,1.0,1.0,40,True,True,fpylll,0.05711949999999888,0.057286900000008245,,
10,0.15,40,1033,100,0.987500011920929,0.875,35,True,False,,0.05698050000000876,,,expected HNP vector failed embedding validation
10,0.2,40,1033,100,0.9700000286102295,0.699999988079071,28,True,False,,0.05716359999996712,,,expected HNP vector failed embedding validation
12,0.0,40,1033,100,1.0,1.0,40,True,True,fpylll,0.05890960099986842,0.058837199999970835,,
12,0.05,40,1033,100,0.9958333373069763,0.949999988079071,38,True,False,,0.06649700000002667,,,expected HNP vector failed embedding validation
12,0.1,40,1033,100,0.9958333373069763,0.949999988079071,38,True,False,,0.059493500000144195,,,expected HNP vector failed embedding validation
12,0.15,40,1033,100,0.9833333492279053,0.824999988079071,33,True,False,,0.05871849999994083,,,expected HNP vector failed embedding validation
12,0.2,40,1033,100,0.9645833373069763,0.675000011920929,27,True,False,,0.059395000999984404,,,expected HNP vector failed embedding validation
14,0.0,40,1033,100,1.0,1.0,40,True,True,fpylll,0.05644659999984469,0.05581219999999121,,
14,0.05,40,1033,100,1.0,1.0,40,True,True,fpylll,0.05615029999989929,0.055839600000126666,,
14,0.1,40,1033,100,1.0,1.0,40,True,True,fpylll,0.05702340099992398,0.055862999999817475,,
14,0.15,40,1033,100,0.9821428656578064,0.800000011920929,32,True,False,,0.05756880000012643,,,expected HNP vector failed embedding validation
14,0.2,40,1033,100,0.9750000238418579,0.699999988079071,28,True,False,,0.05701730000009775,,,expected HNP vector failed embedding validation
8,0.0,40,1034,100,1.0,1.0,40,False,False,fpylll,0.05642669999997452,0.055877300000020114,,
8,0.05,40,1034,100,1.0,1.0,40,False,False,fpylll,0.05622620000008283,0.05603270099982183,,
8,0.1,40,1034,100,1.0,1.0,40,False,False,fpylll,0.056718101000114984,0.05659900000000562,,
8,0.15,40,1034,100,0.9937499761581421,0.949999988079071,38,False,False,,0.056648799999948096,,,expected HNP vector failed embedding validation
8,0.2,40,1034,100,0.9750000238418579,0.824999988079071,33,False,False,,0.05622410000000855,,,expected HNP vector failed embedding validation
10,0.0,40,1034,100,1.0,1.0,40,True,True,fpylll,0.05699529999992592,0.056882699999960096,,
10,0.05,40,1034,100,1.0,1.0,40,True,True,fpylll,0.056582300000172836,0.05722490099992683,,
10,0.1,40,1034,100,1.0,1.0,40,True,True,fpylll,0.0566567999999279,0.05695130000003701,,
10,0.15,40,1034,100,0.9900000095367432,0.8999999761581421,36,True,False,,0.057139799999958996,,,expected HNP vector failed embedding validation
10,0.2,40,1034,100,0.9750000238418579,0.75,30,True,False,,0.056868400999974256,,,expected HNP vector failed embedding validation
12,0.0,40,1034,100,1.0,1.0,40,True,True,fpylll,0.05658790100005717,0.05637809999984711,,
12,0.05,40,1034,100,0.9979166388511658,0.9750000238418579,39,True,False,,0.05788640000014311,,,expected HNP vector failed embedding validation
12,0.1,40,1034,100,0.9979166388511658,0.9750000238418579,39,True,False,,0.05731060100015384,,,expected HNP vector failed embedding validation
12,0.15,40,1034,100,0.9916666746139526,0.8999999761581421,36,True,False,,0.056929700999944544,,,expected HNP vector failed embedding validation
12,0.2,40,1034,100,0.9750000238418579,0.699999988079071,28,True,False,,0.05660509999984242,,,expected HNP vector failed embedding validation
14,0.0,40,1034,100,1.0,1.0,40,True,True,fpylll,0.05795150000017202,0.05591450099996109,,
14,0.05,40,1034,100,1.0,1.0,40,True,True,fpylll,0.05590200000006007,0.05585770100014997,,
14,0.1,40,1034,100,0.9910714030265808,0.875,35,True,False,,0.05608189999998103,,,expected HNP vector failed embedding validation
14,0.15,40,1034,100,0.9928571581840515,0.8999999761581421,36,True,False,,0.05627419999996164,,,expected HNP vector failed embedding validation
14,0.2,40,1034,100,0.9750000238418579,0.699999988079071,28,True,False,,0.05616540000005443,,,expected HNP vector failed embedding validation
8,0.0,40,1035,100,1.0,1.0,40,False,False,fpylll,0.05756050099989807,0.05743510000002061,,
8,0.05,40,1035,100,0.996874988079071,0.9750000238418579,39,False,False,,0.058339200000091296,,,expected HNP vector failed embedding validation
8,0.1,40,1035,100,1.0,1.0,40,False,False,fpylll,0.056576200000108656,0.056264101000124356,,
8,0.15,40,1035,100,0.9937499761581421,0.949999988079071,38,False,False,,0.05649000000016713,,,expected HNP vector failed embedding validation
8,0.2,40,1035,100,0.9781249761581421,0.8500000238418579,34,False,False,,0.05666739999992387,,,expected HNP vector failed embedding validation
10,0.0,40,1035,100,1.0,1.0,40,True,True,fpylll,0.05700289999981578,0.05690160100016328,,
10,0.05,40,1035,100,0.9950000047683716,0.949999988079071,38,True,False,,0.05738550099999884,,,expected HNP vector failed embedding validation
10,0.1,40,1035,100,1.0,1.0,40,True,True,fpylll,0.05687609999995402,0.05682430000001659,,
10,0.15,40,1035,100,0.9900000095367432,0.8999999761581421,36,True,False,,0.05701940100016145,,,expected HNP vector failed embedding validation
10,0.2,40,1035,100,0.9649999737739563,0.699999988079071,28,True,False,,0.05760520099988753,,,expected HNP vector failed embedding validation
12,0.0,40,1035,100,1.0,1.0,40,True,True,fpylll,0.05641030100014177,0.05663279999998849,,
12,0.05,40,1035,100,1.0,1.0,40,True,True,fpylll,0.05691640100008044,0.056331199999931414,,
12,0.1,40,1035,100,1.0,1.0,40,True,True,fpylll,0.06250440100006927,0.05911089999995056,,
12,0.15,40,1035,100,0.9916666746139526,0.8999999761581421,36,True,False,,0.05616060100010145,,,expected HNP vector failed embedding validation
12,0.2,40,1035,100,0.9854166507720947,0.875,35,True,False,,0.05665600099996482,,,expected HNP vector failed embedding validation
14,0.0,40,1035,100,1.0,1.0,40,True,True,fpylll,0.057682400000203415,0.061964901000010286,,
14,0.05,40,1035,100,1.0,1.0,40,True,True,fpylll,0.05738070099982906,0.058954899999889676,,
14,0.1,40,1035,100,1.0,1.0,40,True,True,fpylll,0.05739050099987253,0.05716270000016266,,
14,0.15,40,1035,100,0.9910714030265808,0.8999999761581421,36,True,False,,0.057471000000077765,,,expected HNP vector failed embedding validation
14,0.2,40,1035,100,0.9714285731315613,0.675000011920929,27,True,False,,0.058213196999986394,,,expected HNP vector failed embedding validation
8,0.0,40,1036,100,0.9937499761581421,0.949999988079071,38,False,False,,0.05608309600006578,,,expected HNP vector failed embedding validation
8,0.05,40,1036,100,0.996874988079071,0.9750000238418579,39,False,False,,0.05627939700002571,,,expected HNP vector failed embedding validation
8,0.1,40,1036,100,0.9906250238418579,0.925000011920929,37,False,False,,0.056593595999856916,,,expected HNP vector failed embedding validation
8,0.15,40,1036,100,0.9906250238418579,0.925000011920929,37,False,False,,0.05722319699998479,,,expected HNP vector failed embedding validation
8,0.2,40,1036,100,0.971875011920929,0.800000011920929,32,False,False,,0.05632529700005762,,,expected HNP vector failed embedding validation
10,0.0,40,1036,100,0.987500011920929,0.925000011920929,37,True,False,,0.05900839600008112,,,expected HNP vector failed embedding validation
10,0.05,40,1036,100,0.987500011920929,0.8999999761581421,36,True,False,,0.0586353969999891,,,expected HNP vector failed embedding validation
10,0.1,40,1036,100,0.987500011920929,0.8999999761581421,36,True,False,,0.058955895999815766,,,expected HNP vector failed embedding validation
10,0.15,40,1036,100,0.9925000071525574,0.925000011920929,37,True,False,,0.0594650969999293,,,expected HNP vector failed embedding validation
10,0.2,40,1036,100,0.9750000238418579,0.75,30,True,False,,0.061254900999983874,,,expected HNP vector failed embedding validation
12,0.0,40,1036,100,1.0,1.0,40,True,True,fpylll,0.057782600000109596,0.058169100999975853,,
12,0.05,40,1036,100,1.0,1.0,40,True,True,fpylll,0.05808810000007725,0.05826759999990827,,
12,0.1,40,1036,100,0.9979166388511658,0.9750000238418579,39,True,False,,0.0586011000000326,,,expected HNP vector failed embedding validation
12,0.15,40,1036,100,0.987500011920929,0.875,35,True,False,,0.057503600000018196,,,expected HNP vector failed embedding validation
12,0.2,40,1036,100,0.9791666865348816,0.75,30,True,False,,0.057993000999886135,,,expected HNP vector failed embedding validation
14,0.0,40,1036,100,1.0,1.0,40,True,True,fpylll,0.0568370999999388,0.05632860100013204,,
14,0.05,40,1036,100,0.9946428537368774,0.925000011920929,37,True,False,,0.05694900000003145,,,expected HNP vector failed embedding validation
14,0.1,40,1036,100,0.9821428656578064,0.7749999761581421,31,True,False,,0.056777200999931665,,,expected HNP vector failed embedding validation
14,0.15,40,1036,100,0.9732142686843872,0.675000011920929,27,True,False,,0.05687070099997982,,,expected HNP vector failed embedding validation
14,0.2,40,1036,100,0.9767857193946838,0.7250000238418579,29,True,False,,0.056620801000008214,,,expected HNP vector failed embedding validation
8,0.0,40,1037,100,1.0,1.0,40,False,False,fpylll,0.05595430000016677,0.05610510100018473,,
8,0.05,40,1037,100,0.987500011920929,0.8999999761581421,36,False,False,,0.057825800000046,,,expected HNP vector failed embedding validation
8,0.1,40,1037,100,0.9937499761581421,0.949999988079071,38,False,False,,0.0558662999999342,,,expected HNP vector failed embedding validation
8,0.15,40,1037,100,0.987500011920929,0.925000011920929,37,False,False,,0.056580899999971734,,,expected HNP vector failed embedding validation
8,0.2,40,1037,100,0.96875,0.7749999761581421,31,False,False,,0.05619030000002567,,,expected HNP vector failed embedding validation
10,0.0,40,1037,100,0.9950000047683716,0.9750000238418579,39,True,False,,0.05757770100012749,,,expected HNP vector failed embedding validation
10,0.05,40,1037,100,0.9975000023841858,0.9750000238418579,39,True,False,,0.05798930100013422,,,expected HNP vector failed embedding validation
10,0.1,40,1037,100,1.0,1.0,40,True,True,fpylll,0.057457900999907,0.05741109999985383,,
10,0.15,40,1037,100,0.987500011920929,0.8999999761581421,36,True,False,,0.057483699999920645,,,expected HNP vector failed embedding validation
10,0.2,40,1037,100,0.9750000238418579,0.7749999761581421,31,True,False,,0.057472299999972165,,,expected HNP vector failed embedding validation
12,0.0,40,1037,100,1.0,1.0,40,True,True,fpylll,0.05592020099993533,0.055858100000023114,,
12,0.05,40,1037,100,0.9979166388511658,0.9750000238418579,39,True,False,,0.05594169999994847,,,expected HNP vector failed embedding validation
12,0.1,40,1037,100,0.9979166388511658,0.9750000238418579,39,True,False,,0.05636100000015176,,,expected HNP vector failed embedding validation
12,0.15,40,1037,100,0.9916666746139526,0.8999999761581421,36,True,False,,0.05571929999996428,,,expected HNP vector failed embedding validation
12,0.2,40,1037,100,0.9666666388511658,0.675000011920929,27,True,False,,0.05731219999984205,,,expected HNP vector failed embedding validation
14,0.0,40,1037,100,0.9982143044471741,0.9750000238418579,39,True,False,,0.05608000000006541,,,expected HNP vector failed embedding validation
14,0.05,40,1037,100,1.0,1.0,40,True,True,fpylll,0.056132599999955346,0.055890201000011075,,
14,0.1,40,1037,100,0.9982143044471741,0.9750000238418579,39,True,False,,0.056223501000204124,,,expected HNP vector failed embedding validation
14,0.15,40,1037,100,0.9928571581840515,0.8999999761581421,36,True,False,,0.05581099999994876,,,expected HNP vector failed embedding validation
14,0.2,40,1037,100,0.9696428775787354,0.625,25,True,False,,0.056842400000050475,,,expected HNP vector failed embedding validation
8,0.0,40,1038,100,1.0,1.0,40,False,False,fpylll,0.05337810000014542,0.05265899999994872,,
8,0.05,40,1038,100,1.0,1.0,40,False,False,fpylll,0.05304359999990993,0.05305010100005347,,
8,0.1,40,1038,100,1.0,1.0,40,False,False,fpylll,0.05503630099997281,0.052938799999992625,,
8,0.15,40,1038,100,0.996874988079071,0.9750000238418579,39,False,False,,0.053124600000046485,,,expected HNP vector failed embedding validation
8,0.2,40,1038,100,0.987500011920929,0.8999999761581421,36,False,False,,0.053413199999795324,,,expected HNP vector failed embedding validation
10,0.0,40,1038,100,0.9950000047683716,0.949999988079071,38,True,False,,0.05572419999998601,,,expected HNP vector failed embedding validation
10,0.05,40,1038,100,0.9925000071525574,0.925000011920929,37,True,False,,0.055693499999961205,,,expected HNP vector failed embedding validation
10,0.1,40,1038,100,1.0,1.0,40,True,True,fpylll,0.055603300000029776,0.0557271000000128,,
10,0.15,40,1038,100,0.9975000023841858,0.9750000238418579,39,True,False,,0.055757800000037605,,,expected HNP vector failed embedding validation
10,0.2,40,1038,100,0.987500011920929,0.875,35,True,False,,0.056312700000034965,,,expected HNP vector failed embedding validation
12,0.0,40,1038,100,1.0,1.0,40,True,True,fpylll,0.05916090100004112,0.05883089999997537,,
12,0.05,40,1038,100,0.9937499761581421,0.925000011920929,37,True,False,,0.05860150099988459,,,expected HNP vector failed embedding validation
12,0.1,40,1038,100,0.9979166388511658,0.9750000238418579,39,True,False,,0.059981201000027795,,,expected HNP vector failed embedding validation
12,0.15,40,1038,100,0.9958333373069763,0.949999988079071,38,True,False,,0.058594700999947236,,,expected HNP vector failed embedding validation
12,0.2,40,1038,100,0.981249988079071,0.800000011920929,32,True,False,,0.059244500999966476,,,expected HNP vector failed embedding validation
14,0.0,40,1038,100,1.0,1.0,40,True,True,fpylll,0.05652359999999135,0.05673900099986895,,
14,0.05,40,1038,100,1.0,1.0,40,True,True,fpylll,0.05653540000002977,0.05618740099998831,,
14,0.1,40,1038,100,1.0,1.0,40,True,True,fpylll,0.05668820000005326,0.0561268009998912,,
14,0.15,40,1038,100,0.9964285492897034,0.949999988079071,38,True,False,,0.05748190000008435,,,expected HNP vector failed embedding validation
14,0.2,40,1038,100,0.9785714149475098,0.800000011920929,32,True,False,,0.05696170099986375,,,expected HNP vector failed embedding validation
8,0.0,40,1039,100,0.987500011920929,0.925000011920929,37,False,False,,0.057504100999949515,,,expected HNP vector failed embedding validation
8,0.05,40,1039,100,0.996874988079071,0.9750000238418579,39,False,False,,0.05703360100005739,,,expected HNP vector failed embedding validation
8,0.1,40,1039,100,0.996874988079071,0.9750000238418579,39,False,False,,0.05709600000000137,,,expected HNP vector failed embedding validation
8,0.15,40,1039,100,0.987500011920929,0.8999999761581421,36,False,False,,0.0576137010000366,,,expected HNP vector failed embedding validation
8,0.2,40,1039,100,0.949999988079071,0.699999988079071,28,False,False,,0.05687670099996467,,,expected HNP vector failed embedding validation
10,0.0,40,1039,100,1.0,1.0,40,True,True,fpylll,0.054382200999953056,0.054402299999992465,,
10,0.05,40,1039,100,1.0,1.0,40,True,True,fpylll,0.0546677009999712,0.0540129999999408,,
10,0.1,40,1039,100,1.0,1.0,40,True,True,fpylll,0.05423580000001493,0.05419470100014223,,
10,0.15,40,1039,100,0.9900000095367432,0.8999999761581421,36,True,False,,0.05506769999988137,,,expected HNP vector failed embedding validation
10,0.2,40,1039,100,0.9549999833106995,0.6499999761581421,26,True,False,,0.05471050100004504,,,expected HNP vector failed embedding validation
12,0.0,40,1039,100,0.9979166388511658,0.9750000238418579,39,True,False,,0.05741499999999178,,,expected HNP vector failed embedding validation
12,0.05,40,1039,100,0.9979166388511658,0.9750000238418579,39,True,False,,0.058573999999907755,,,expected HNP vector failed embedding validation
12,0.1,40,1039,100,1.0,1.0,40,True,True,fpylll,0.05824500099993202,0.05941160000020318,,
12,0.15,40,1039,100,0.987500011920929,0.8500000238418579,34,True,False,,0.058110901000191006,,,expected HNP vector failed embedding validation
12,0.2,40,1039,100,0.9520833492279053,0.625,25,True,False,,0.0600092009999571,,,expected HNP vector failed embedding validation
14,0.0,40,1039,100,1.0,1.0,40,True,True,fpylll,0.056794200000013007,0.05664170099998955,,
14,0.05,40,1039,100,1.0,1.0,40,True,True,fpylll,0.05711550000000898,0.057297000000062326,,
14,0.1,40,1039,100,1.0,1.0,40,True,True,fpylll,0.05746220100013488,0.05827369999997245,,
14,0.15,40,1039,100,0.9892857074737549,0.8500000238418579,34,True,False,,0.05688859999986562,,,expected HNP vector failed embedding validation
14,0.2,40,1039,100,0.9660714268684387,0.675000011920929,27,True,False,,0.05874850100008189,,,expected HNP vector failed embedding validation
8,0.0,40,1040,100,0.9937499761581421,0.949999988079071,38,False,False,,0.05568059999995967,,,expected HNP vector failed embedding validation
8,0.05,40,1040,100,0.9906250238418579,0.925000011920929,37,False,False,,0.05578579999996691,,,expected HNP vector failed embedding validation
8,0.1,40,1040,100,0.9937499761581421,0.949999988079071,38,False,False,,0.05664589999992131,,,expected HNP vector failed embedding validation
8,0.15,40,1040,100,1.0,1.0,40,False,False,fpylll,0.05560290099992926,0.05521730000009484,,
8,0.2,40,1040,100,0.9750000238418579,0.800000011920929,32,False,False,,0.055880899999920075,,,expected HNP vector failed embedding validation
10,0.0,40,1040,100,0.9950000047683716,0.949999988079071,38,True,False,,0.05562490100010109,,,expected HNP vector failed embedding validation
10,0.05,40,1040,100,0.9850000143051147,0.8500000238418579,34,True,False,,0.05471570000008796,,,expected HNP vector failed embedding validation
10,0.1,40,1040,100,0.987500011920929,0.8999999761581421,36,True,False,,0.055090900000095644,,,expected HNP vector failed embedding validation
10,0.15,40,1040,100,0.9975000023841858,0.9750000238418579,39,True,False,,0.05536149999988993,,,expected HNP vector failed embedding validation
10,0.2,40,1040,100,0.9700000286102295,0.75,30,True,False,,0.05468890099996315,,,expected HNP vector failed embedding validation
12,0.0,40,1040,100,1.0,1.0,40,True,True,fpylll,0.055809899999985646,0.054628401000172744,,
12,0.05,40,1040,100,0.9979166388511658,0.9750000238418579,39,True,False,,0.055104899999832924,,,expected HNP vector failed embedding validation
12,0.1,40,1040,100,0.9916666746139526,0.8999999761581421,36,True,False,,0.05513980000000629,,,expected HNP vector failed embedding validation
12,0.15,40,1040,100,0.9958333373069763,0.949999988079071,38,True,False,,0.055321400999901016,,,expected HNP vector failed embedding validation
12,0.2,40,1040,100,0.96875,0.699999988079071,28,True,False,,0.05546520000007149,,,expected HNP vector failed embedding validation
14,0.0,40,1040,100,1.0,1.0,40,True,True,fpylll,0.05529740000019956,0.05512440100005733,,
14,0.05,40,1040,100,1.0,1.0,40,True,True,fpylll,0.05516929999998865,0.0550547010000173,,
14,0.1,40,1040,100,0.9821428656578064,0.7749999761581421,31,True,False,,0.055196099999875514,,,expected HNP vector failed embedding validation
14,0.15,40,1040,100,0.9964285492897034,0.949999988079071,38,True,False,,0.05525689999990391,,,expected HNP vector failed embedding validation
14,0.2,40,1040,100,0.9732142686843872,0.699999988079071,28,True,False,,0.05550540100011858,,,expected HNP vector failed embedding validation
8,0.0,40,1041,100,1.0,1.0,40,False,False,fpylll,0.0552772000000914,0.0554336999998668,,
8,0.05,40,1041,100,1.0,1.0,40,False,False,fpylll,0.05648340100015048,0.05799950000005083,,
8,0.1,40,1041,100,1.0,1.0,40,False,False,fpylll,0.05617900000015652,0.056254500000022745,,
8,0.15,40,1041,100,1.0,1.0,40,False,False,fpylll,0.05621000000019194,0.056593901000042024,,
8,0.2,40,1041,100,0.971875011920929,0.8500000238418579,34,False,False,,0.05901650099986,,,expected HNP vector failed embedding validation
10,0.0,40,1041,100,1.0,1.0,40,True,True,fpylll,0.056780001000106495,0.05646559999991041,,
10,0.05,40,1041,100,0.9950000047683716,0.949999988079071,38,True,False,,0.056563800000049014,,,expected HNP vector failed embedding validation
10,0.1,40,1041,100,1.0,1.0,40,True,True,fpylll,0.056645200000048135,0.05589270099994792,,
10,0.15,40,1041,100,1.0,1.0,40,True,True,fpylll,0.056371000999888565,0.05588510000006863,,
10,0.2,40,1041,100,0.9750000238418579,0.8500000238418579,34,True,False,,0.056432500000028085,,,expected HNP vector failed embedding validation
12,0.0,40,1041,100,1.0,1.0,40,True,True,fpylll,0.05823699999996279,0.0573340000000826,,
12,0.05,40,1041,100,1.0,1.0,40,True,True,fpylll,0.058075901000165686,0.0578285000001415,,
12,0.1,40,1041,100,1.0,1.0,40,True,True,fpylll,0.05708389999995234,0.05689450099998794,,
12,0.15,40,1041,100,1.0,1.0,40,True,True,fpylll,0.05712919999996302,0.05693109999992885,,
12,0.2,40,1041,100,0.9708333611488342,0.75,30,True,False,,0.05754300000012336,,,expected HNP vector failed embedding validation
14,0.0,40,1041,100,1.0,1.0,40,True,True,fpylll,0.0579781000001276,0.05717799999979434,,
14,0.05,40,1041,100,1.0,1.0,40,True,True,fpylll,0.057473100999914095,0.05700780000006489,,
14,0.1,40,1041,100,1.0,1.0,40,True,True,fpylll,0.05717400000003181,0.05715460099986558,,
14,0.15,40,1041,100,1.0,1.0,40,True,True,fpylll,0.05793770000013865,0.05741729999999734,,
14,0.2,40,1041,100,0.9750000238418579,0.7749999761581421,31,True,False,,0.0575442000001658,,,expected HNP vector failed embedding validation
8,0.0,40,1042,100,0.996874988079071,0.9750000238418579,39,False,False,,0.05725520000009965,,,expected HNP vector failed embedding validation
8,0.05,40,1042,100,0.996874988079071,0.9750000238418579,39,False,False,,0.058334500000000844,,,expected HNP vector failed embedding validation
8,0.1,40,1042,100,0.9937499761581421,0.949999988079071,38,False,False,,0.05747130000008838,,,expected HNP vector failed embedding validation
8,0.15,40,1042,100,0.9906250238418579,0.925000011920929,37,False,False,,0.057033799999999246,,,expected HNP vector failed embedding validation
8,0.2,40,1042,100,0.9437500238418579,0.6499999761581421,26,False,False,,0.05742639999994026,,,expected HNP vector failed embedding validation
10,0.0,40,1042,100,0.9975000023841858,0.9750000238418579,39,True,False,,0.05843379999987519,,,expected HNP vector failed embedding validation
10,0.05,40,1042,100,1.0,1.0,40,True,True,fpylll,0.06120320000013635,0.061347799999794006,,
10,0.1,40,1042,100,1.0,1.0,40,True,True,fpylll,0.05901939999989736,0.058492799000077866,,
10,0.15,40,1042,100,0.9925000071525574,0.925000011920929,37,True,False,,0.058694698999943284,,,expected HNP vector failed embedding validation
10,0.2,40,1042,100,0.9474999904632568,0.574999988079071,23,True,False,,0.0586507990001337,,,expected HNP vector failed embedding validation
12,0.0,40,1042,100,0.9958333373069763,0.949999988079071,38,True,False,,0.05793129900007443,,,expected HNP vector failed embedding validation
12,0.05,40,1042,100,0.9937499761581421,0.925000011920929,37,True,False,,0.05770459900008973,,,expected HNP vector failed embedding validation
12,0.1,40,1042,100,0.9979166388511658,0.9750000238418579,39,True,False,,0.059704198999952496,,,expected HNP vector failed embedding validation
12,0.15,40,1042,100,0.9916666746139526,0.8999999761581421,36,True,False,,0.057754299999942305,,,expected HNP vector failed embedding validation
12,0.2,40,1042,100,0.9583333134651184,0.574999988079071,23,True,False,,0.05822309900008804,,,expected HNP vector failed embedding validation
14,0.0,40,1042,100,1.0,1.0,40,True,True,fpylll,0.05557439900007921,0.05619200000001001,,
14,0.05,40,1042,100,1.0,1.0,40,True,True,fpylll,0.05570589899980405,0.05579929999998967,,
14,0.1,40,1042,100,0.9982143044471741,0.9750000238418579,39,True,False,,0.055660799999941446,,,expected HNP vector failed embedding validation
14,0.15,40,1042,100,0.9839285612106323,0.7749999761581421,31,True,False,,0.05727419999993799,,,expected HNP vector failed embedding validation
14,0.2,40,1042,100,0.9571428298950195,0.5,20,True,False,,0.05604089999997086,,,expected HNP vector failed embedding validation
8,0.0,40,1043,100,1.0,1.0,40,False,False,fpylll,0.056599699999878794,0.056458999999904336,,
8,0.05,40,1043,100,1.0,1.0,40,False,False,fpylll,0.05645930000014232,0.056933300000082454,,
8,0.1,40,1043,100,1.0,1.0,40,False,False,fpylll,0.05769829999985632,0.05731040000000576,,
8,0.15,40,1043,100,0.9937499761581421,0.949999988079071,38,False,False,,0.05687749999992775,,,expected HNP vector failed embedding validation
8,0.2,40,1043,100,0.971875011920929,0.824999988079071,33,False,False,,0.05660170000010112,,,expected HNP vector failed embedding validation
10,0.0,40,1043,100,1.0,1.0,40,True,True,fpylll,0.0579861000001074,0.05928629999993973,,
10,0.05,40,1043,100,1.0,1.0,40,True,True,fpylll,0.059027897000078156,0.05758669800002281,,
10,0.1,40,1043,100,1.0,1.0,40,True,True,fpylll,0.057184598000048936,0.05701089700005468,,
10,0.15,40,1043,100,0.9925000071525574,0.925000011920929,37,True,False,,0.05724899699998787,,,expected HNP vector failed embedding validation
10,0.2,40,1043,100,0.9725000262260437,0.800000011920929,32,True,False,,0.05745559700017111,,,expected HNP vector failed embedding validation
12,0.0,40,1043,100,1.0,1.0,40,True,True,fpylll,0.056729597999947146,0.056311897000114186,,
12,0.05,40,1043,100,1.0,1.0,40,True,True,fpylll,0.057255998000073305,0.0569516980001481,,
12,0.1,40,1043,100,1.0,1.0,40,True,True,fpylll,0.056916997000143965,0.05687009799999032,,
12,0.15,40,1043,100,0.9937499761581421,0.925000011920929,37,True,False,,0.05755299800011926,,,expected HNP vector failed embedding validation
12,0.2,40,1043,100,0.9750000238418579,0.7749999761581421,31,True,False,,0.05672169700005725,,,expected HNP vector failed embedding validation
14,0.0,40,1043,100,0.9928571581840515,0.8999999761581421,36,True,False,,0.0566854000001058,,,expected HNP vector failed embedding validation
14,0.05,40,1043,100,0.9928571581840515,0.8999999761581421,36,True,False,,0.056812100000115606,,,expected HNP vector failed embedding validation
14,0.1,40,1043,100,1.0,1.0,40,True,True,fpylll,0.05629509999994298,0.05797009999992042,,
14,0.15,40,1043,100,0.9928571581840515,0.8999999761581421,36,True,False,,0.05869060000009085,,,expected HNP vector failed embedding validation
14,0.2,40,1043,100,0.9750000238418579,0.75,30,True,False,,0.05668439999999464,,,expected HNP vector failed embedding validation
8,0.0,40,1044,100,1.0,1.0,40,False,False,fpylll,0.056116799999927025,0.0561797000000297,,
8,0.05,40,1044,100,1.0,1.0,40,False,False,fpylll,0.056193600000142396,0.05636549999985618,,
8,0.1,40,1044,100,0.996874988079071,0.9750000238418579,39,False,False,,0.05636880000020028,,,expected HNP vector failed embedding validation
8,0.15,40,1044,100,0.9937499761581421,0.949999988079071,38,False,False,,0.05655610000007982,,,expected HNP vector failed embedding validation
8,0.2,40,1044,100,0.981249988079071,0.8999999761581421,36,False,False,,0.056024299999990035,,,expected HNP vector failed embedding validation
10,0.0,40,1044,100,1.0,1.0,40,True,True,fpylll,0.054814200000009805,0.05499750000012682,,
10,0.05,40,1044,100,0.9975000023841858,0.9750000238418579,39,True,False,,0.05586819999984982,,,expected HNP vector failed embedding validation
10,0.1,40,1044,100,0.9925000071525574,0.925000011920929,37,True,False,,0.05505470000002788,,,expected HNP vector failed embedding validation
10,0.15,40,1044,100,0.9950000047683716,0.949999988079071,38,True,False,,0.05684990000008838,,,expected HNP vector failed embedding validation
10,0.2,40,1044,100,0.9775000214576721,0.824999988079071,33,True,False,,0.055549198999869986,,,expected HNP vector failed embedding validation
12,0.0,40,1044,100,1.0,1.0,40,True,True,fpylll,0.05703799999992043,0.056951500000195665,,
12,0.05,40,1044,100,0.9979166388511658,0.9750000238418579,39,True,False,,0.057038499999862324,,,expected HNP vector failed embedding validation
12,0.1,40,1044,100,0.9937499761581421,0.925000011920929,37,True,False,,0.056788799999822004,,,expected HNP vector failed embedding validation
12,0.15,40,1044,100,0.987500011920929,0.875,35,True,False,,0.057072900000093796,,,expected HNP vector failed embedding validation
12,0.2,40,1044,100,0.96875,0.7250000238418579,29,True,False,,0.05706910000003518,,,expected HNP vector failed embedding validation
14,0.0,40,1044,100,1.0,1.0,40,True,True,fpylll,0.05691279999996368,0.057194700000081866,,
14,0.05,40,1044,100,0.9964285492897034,0.949999988079071,38,True,False,,0.05739520000020093,,,expected HNP vector failed embedding validation
14,0.1,40,1044,100,0.9982143044471741,0.9750000238418579,39,True,False,,0.057670799999868905,,,expected HNP vector failed embedding validation
14,0.15,40,1044,100,0.9839285612106323,0.824999988079071,33,True,False,,0.05680719899987707,,,expected HNP vector failed embedding validation
14,0.2,40,1044,100,0.9696428775787354,0.675000011920929,27,True,False,,0.05740699899979518,,,expected HNP vector failed embedding validation
8,0.0,40,1045,100,0.996874988079071,0.9750000238418579,39,False,False,,0.05604119899999205,,,expected HNP vector failed embedding validation
8,0.05,40,1045,100,1.0,1.0,40,False,False,fpylll,0.05553480000003219,0.05540489899999557,,
8,0.1,40,1045,100,1.0,1.0,40,False,False,fpylll,0.05639189900011843,0.05591790000016772,,
8,0.15,40,1045,100,0.984375,0.875,35,False,False,,0.056270799000003535,,,expected HNP vector failed embedding validation
8,0.2,40,1045,100,0.953125,0.699999988079071,28,False,False,,0.056640699000126915,,,expected HNP vector failed embedding validation
10,0.0,40,1045,100,0.9825000166893005,0.824999988079071,33,True,False,,0.05828939899993202,,,expected HNP vector failed embedding validation
10,0.05,40,1045,100,0.9950000047683716,0.949999988079071,38,True,False,,0.05862149999984467,,,expected HNP vector failed embedding validation
10,0.1,40,1045,100,1.0,1.0,40,True,True,fpylll,0.05848979999996118,0.05857309999987592,,
10,0.15,40,1045,100,0.9900000095367432,0.8999999761581421,36,True,False,,0.05844149999984438,,,expected HNP vector failed embedding validation
10,0.2,40,1045,100,0.9599999785423279,0.675000011920929,27,True,False,,0.06060470000011264,,,expected HNP vector failed embedding validation
12,0.0,40,1045,100,0.9916666746139526,0.8999999761581421,36,True,False,,0.05754290000004403,,,expected HNP vector failed embedding validation
12,0.05,40,1045,100,1.0,1.0,40,True,True,fpylll,0.05823969999983092,0.05657670000005055,,
12,0.1,40,1045,100,1.0,1.0,40,True,True,fpylll,0.05753640000011728,0.05635449999999764,,
12,0.15,40,1045,100,0.9916666746139526,0.8999999761581421,36,True,False,,0.05659460000015315,,,expected HNP vector failed embedding validation
12,0.2,40,1045,100,0.9604166746139526,0.6000000238418579,24,True,False,,0.05647690099999636,,,expected HNP vector failed embedding validation
14,0.0,40,1045,100,0.9964285492897034,0.949999988079071,38,True,False,,0.05729919999998856,,,expected HNP vector failed embedding validation
14,0.05,40,1045,100,0.9892857074737549,0.8500000238418579,34,True,False,,0.056890500000008615,,,expected HNP vector failed embedding validation
14,0.1,40,1045,100,0.9857142567634583,0.800000011920929,32,True,False,,0.05786729999999807,,,expected HNP vector failed embedding validation
14,0.15,40,1045,100,0.9892857074737549,0.8500000238418579,34,True,False,,0.05943550000006326,,,expected HNP vector failed embedding validation
14,0.2,40,1045,100,0.9589285850524902,0.5249999761581421,21,True,False,,0.05799820000015643,,,expected HNP vector failed embedding validation
8,0.0,40,1046,100,1.0,1.0,40,False,False,fpylll,0.05713589999982105,0.055324700000028315,,
8,0.05,40,1046,100,1.0,1.0,40,False,False,fpylll,0.055055699000149616,0.056679499999972904,,
8,0.1,40,1046,100,0.9937499761581421,0.949999988079071,38,False,False,,0.055242098999997324,,,expected HNP vector failed embedding validation
8,0.15,40,1046,100,0.987500011920929,0.925000011920929,37,False,False,,0.055450199999995675,,,expected HNP vector failed embedding validation
8,0.2,40,1046,100,0.981249988079071,0.875,35,False,False,,0.05518019999999524,,,expected HNP vector failed embedding validation
10,0.0,40,1046,100,0.9975000023841858,0.9750000238418579,39,True,False,,0.05881380000005265,,,expected HNP vector failed embedding validation
10,0.05,40,1046,100,0.9975000023841858,0.9750000238418579,39,True,False,,0.060341399999970236,,,expected HNP vector failed embedding validation
10,0.1,40,1046,100,0.9950000047683716,0.949999988079071,38,True,False,,0.05867589899980885,,,expected HNP vector failed embedding validation
10,0.15,40,1046,100,0.987500011920929,0.8999999761581421,36,True,False,,0.05885650000004716,,,expected HNP vector failed embedding validation
10,0.2,40,1046,100,0.9775000214576721,0.824999988079071,33,True,False,,0.05892109900014475,,,expected HNP vector failed embedding validation
12,0.0,40,1046,100,0.9979166388511658,0.9750000238418579,39,True,False,,0.054984099999956015,,,expected HNP vector failed embedding validation
12,0.05,40,1046,100,1.0,1.0,40,True,True,fpylll,0.055155999999897176,0.05470400000012887,,
12,0.1,40,1046,100,1.0,1.0,40,True,True,fpylll,0.05598939999981667,0.05485669999984566,,
12,0.15,40,1046,100,0.9958333373069763,0.949999988079071,38,True,False,,0.05528660000004493,,,expected HNP vector failed embedding validation
12,0.2,40,1046,100,0.9666666388511658,0.675000011920929,27,True,False,,0.054784899999958725,,,expected HNP vector failed embedding validation
14,0.0,40,1046,100,0.9946428537368774,0.925000011920929,37,True,False,,0.057152700000187906,,,expected HNP vector failed embedding validation
14,0.05,40,1046,100,0.9946428537368774,0.925000011920929,37,True,False,,0.05684339999993426,,,expected HNP vector failed embedding validation
14,0.1,40,1046,100,0.9964285492897034,0.949999988079071,38,True,False,,0.05831499999999323,,,expected HNP vector failed embedding validation
14,0.15,40,1046,100,0.9910714030265808,0.875,35,True,False,,0.05688630000008743,,,expected HNP vector failed embedding validation
14,0.2,40,1046,100,0.9767857193946838,0.75,30,True,False,,0.05672200000003613,,,expected HNP vector failed embedding validation
8,0.0,40,1047,100,0.996874988079071,0.9750000238418579,39,False,False,,0.056760000000167565,,,expected HNP vector failed embedding validation
8,0.05,40,1047,100,1.0,1.0,40,False,False,fpylll,0.057651000000078056,0.057186600000022736,,
8,0.1,40,1047,100,1.0,1.0,40,False,False,fpylll,0.05744359999994231,0.05730049999988296,,
8,0.15,40,1047,100,0.987500011920929,0.8999999761581421,36,False,False,,0.056745900000123584,,,expected HNP vector failed embedding validation
8,0.2,40,1047,100,0.965624988079071,0.75,30,False,False,,0.05693019900013496,,,expected HNP vector failed embedding validation
10,0.0,40,1047,100,1.0,1.0,40,True,True,fpylll,0.05683679999992819,0.05656009999984235,,
10,0.05,40,1047,100,1.0,1.0,40,True,True,fpylll,0.05718180000008033,0.05676069900005132,,
10,0.1,40,1047,100,1.0,1.0,40,True,True,fpylll,0.056515700000090874,0.05594959900008689,,
10,0.15,40,1047,100,0.9950000047683716,0.949999988079071,38,True,False,,0.05665829899999153,,,expected HNP vector failed embedding validation
10,0.2,40,1047,100,0.9750000238418579,0.7749999761581421,31,True,False,,0.056558400000085385,,,expected HNP vector failed embedding validation
12,0.0,40,1047,100,1.0,1.0,40,True,True,fpylll,0.05651670099996409,0.05772320000005493,,
12,0.05,40,1047,100,1.0,1.0,40,True,True,fpylll,0.0566827000000103,0.05648540100014543,,
12,0.1,40,1047,100,0.9979166388511658,0.9750000238418579,39,True,False,,0.05701749999980166,,,expected HNP vector failed embedding validation
12,0.15,40,1047,100,0.9958333373069763,0.949999988079071,38,True,False,,0.058267500000056316,,,expected HNP vector failed embedding validation
12,0.2,40,1047,100,0.96875,0.7250000238418579,29,True,False,,0.057084000000031665,,,expected HNP vector failed embedding validation
14,0.0,40,1047,100,0.9928571581840515,0.925000011920929,37,True,False,,0.05732429999989108,,,expected HNP vector failed embedding validation
14,0.05,40,1047,100,0.9982143044471741,0.9750000238418579,39,True,False,,0.057440800000222225,,,expected HNP vector failed embedding validation
14,0.1,40,1047,100,0.9946428537368774,0.925000011920929,37,True,False,,0.05796650000002046,,,expected HNP vector failed embedding validation
14,0.15,40,1047,100,0.9910714030265808,0.875,35,True,False,,0.058940900000152396,,,expected HNP vector failed embedding validation
14,0.2,40,1047,100,0.9624999761581421,0.6499999761581421,26,True,False,,0.05798289999984263,,,expected HNP vector failed embedding validation
8,0.0,40,1048,100,0.987500011920929,0.8999999761581421,36,False,False,,0.05546439999989161,,,expected HNP vector failed embedding validation
8,0.05,40,1048,100,0.9937499761581421,0.949999988079071,38,False,False,,0.0557006999999885,,,expected HNP vector failed embedding validation
8,0.1,40,1048,100,1.0,1.0,40,False,False,fpylll,0.05610520000004726,0.05591009999989183,,
8,0.15,40,1048,100,1.0,1.0,40,False,False,fpylll,0.055982200000016746,0.05531890099996417,,
8,0.2,40,1048,100,0.9593750238418579,0.699999988079071,28,False,False,,0.05539410000005773,,,expected HNP vector failed embedding validation
10,0.0,40,1048,100,0.9950000047683716,0.949999988079071,38,True,False,,0.05929639999999381,,,expected HNP vector failed embedding validation
10,0.05,40,1048,100,0.9900000095367432,0.925000011920929,37,True,False,,0.05881010000007336,,,expected HNP vector failed embedding validation
10,0.1,40,1048,100,0.9900000095367432,0.8999999761581421,36,True,False,,0.06345469999996567,,,expected HNP vector failed embedding validation
10,0.15,40,1048,100,0.9850000143051147,0.8500000238418579,34,True,False,,0.05892620000008719,,,expected HNP vector failed embedding validation
10,0.2,40,1048,100,0.9700000286102295,0.75,30,True,False,,0.0602549000000181,,,expected HNP vector failed embedding validation
12,0.0,40,1048,100,1.0,1.0,40,True,True,fpylll,0.058665101000087816,0.05819470000005822,,
12,0.05,40,1048,100,0.9979166388511658,0.9750000238418579,39,True,False,,0.05899859999999535,,,expected HNP vector failed embedding validation
12,0.1,40,1048,100,1.0,1.0,40,True,True,fpylll,0.059012000000166154,0.060507299999926545,,
12,0.15,40,1048,100,0.9937499761581421,0.925000011920929,37,True,False,,0.05818139999996674,,,expected HNP vector failed embedding validation
12,0.2,40,1048,100,0.956250011920929,0.625,25,True,False,,0.05854750100002093,,,expected HNP vector failed embedding validation
14,0.0,40,1048,100,1.0,1.0,40,True,True,fpylll,0.05727209999986371,0.06338419999997313,,
14,0.05,40,1048,100,0.9982143044471741,0.9750000238418579,39,True,False,,0.05703110000013112,,,expected HNP vector failed embedding validation
14,0.1,40,1048,100,1.0,1.0,40,True,True,fpylll,0.05726619999995819,0.05669729900000675,,
14,0.15,40,1048,100,0.9946428537368774,0.925000011920929,37,True,False,,0.057277900000144655,,,expected HNP vector failed embedding validation
14,0.2,40,1048,100,0.9535714387893677,0.574999988079071,23,True,False,,0.05702159999987089,,,expected HNP vector failed embedding validation
8,0.0,40,1049,100,1.0,1.0,40,False,False,fpylll,0.056934599999976854,0.05571430000009059,,
8,0.05,40,1049,100,0.996874988079071,0.9750000238418579,39,False,False,,0.0562546989999646,,,expected HNP vector failed embedding validation
8,0.1,40,1049,100,1.0,1.0,40,False,False,fpylll,0.05614809899998363,0.057395300000052885,,
8,0.15,40,1049,100,0.9906250238418579,0.925000011920929,37,False,False,,0.05646819999992658,,,expected HNP vector failed embedding validation
8,0.2,40,1049,100,0.96875,0.800000011920929,32,False,False,,0.05647260000000642,,,expected HNP vector failed embedding validation
10,0.0,40,1049,100,0.9925000071525574,0.925000011920929,37,True,False,,0.0588031999998293,,,expected HNP vector failed embedding validation
10,0.05,40,1049,100,0.9950000047683716,0.949999988079071,38,True,False,,0.057651999999961845,,,expected HNP vector failed embedding validation
10,0.1,40,1049,100,0.9975000023841858,0.9750000238418579,39,True,False,,0.05758400000013353,,,expected HNP vector failed embedding validation
10,0.15,40,1049,100,0.9925000071525574,0.925000011920929,37,True,False,,0.057511999999860564,,,expected HNP vector failed embedding validation
10,0.2,40,1049,100,0.9599999785423279,0.699999988079071,28,True,False,,0.057097500000054424,,,expected HNP vector failed embedding validation
12,0.0,40,1049,100,1.0,1.0,40,True,True,fpylll,0.05950669999992897,0.05756410000003598,,
12,0.05,40,1049,100,0.9937499761581421,0.925000011920929,37,True,False,,0.05788129999996272,,,expected HNP vector failed embedding validation
12,0.1,40,1049,100,1.0,1.0,40,True,True,fpylll,0.0577218000000812,0.057060099999944214,,
12,0.15,40,1049,100,0.9937499761581421,0.925000011920929,37,True,False,,0.05762789999994311,,,expected HNP vector failed embedding validation
12,0.2,40,1049,100,0.9645833373069763,0.6499999761581421,26,True,False,,0.05726060000006328,,,expected HNP vector failed embedding validation
14,0.0,40,1049,100,0.9910714030265808,0.925000011920929,37,True,False,,0.05746769999996104,,,expected HNP vector failed embedding validation
14,0.05,40,1049,100,0.9964285492897034,0.949999988079071,38,True,False,,0.057410800000070594,,,expected HNP vector failed embedding validation
14,0.1,40,1049,100,1.0,1.0,40,True,True,fpylll,0.057421200000135286,0.05921749999993153,,
14,0.15,40,1049,100,0.9928571581840515,0.8999999761581421,36,True,False,,0.057938100000001214,,,expected HNP vector failed embedding validation
14,0.2,40,1049,100,0.9660714268684387,0.675000011920929,27,True,False,,0.057579000000032465,,,expected HNP vector failed embedding validation
8,0.0,40,1050,100,0.996874988079071,0.9750000238418579,39,False,False,,0.05629509999994298,,,expected HNP vector failed embedding validation
8,0.05,40,1050,100,0.996874988079071,0.9750000238418579,39,False,False,,0.056483899999875575,,,expected HNP vector failed embedding validation
8,0.1,40,1050,100,0.996874988079071,0.9750000238418579,39,False,False,,0.05704639999999017,,,expected HNP vector failed embedding validation
8,0.15,40,1050,100,0.987500011920929,0.8999999761581421,36,False,False,,0.05922529999998005,,,expected HNP vector failed embedding validation
8,0.2,40,1050,100,0.9468749761581421,0.6000000238418579,24,False,False,,0.05825560000016594,,,expected HNP vector failed embedding validation
10,0.0,40,1050,100,1.0,1.0,40,True,True,fpylll,0.0587189989998933,0.05821009800001775,,
10,0.05,40,1050,100,0.9925000071525574,0.925000011920929,37,True,False,,0.059238997999955245,,,expected HNP vector failed embedding validation
10,0.1,40,1050,100,0.9950000047683716,0.949999988079071,38,True,False,,0.057880998999962685,,,expected HNP vector failed embedding validation
10,0.15,40,1050,100,0.9850000143051147,0.8500000238418579,34,True,False,,0.05859869800019624,,,expected HNP vector failed embedding validation
10,0.2,40,1050,100,0.9424999952316284,0.5,20,True,False,,0.05799909900019884,,,expected HNP vector failed embedding validation
12,0.0,40,1050,100,1.0,1.0,40,True,True,fpylll,0.05768169900011344,0.05637539800000013,,
12,0.05,40,1050,100,0.9979166388511658,0.9750000238418579,39,True,False,,0.05760559899999862,,,expected HNP vector failed embedding validation
12,0.1,40,1050,100,0.9958333373069763,0.949999988079071,38,True,False,,0.05643689800012908,,,expected HNP vector failed embedding validation
12,0.15,40,1050,100,0.9854166507720947,0.8500000238418579,34,True,False,,0.06011929900000723,,,expected HNP vector failed embedding validation
12,0.2,40,1050,100,0.956250011920929,0.574999988079071,23,True,False,,0.0569523990000107,,,expected HNP vector failed embedding validation
14,0.0,40,1050,100,0.9982143044471741,0.9750000238418579,39,True,False,,0.05647909999993317,,,expected HNP vector failed embedding validation
14,0.05,40,1050,100,0.9982143044471741,0.9750000238418579,39,True,False,,0.056686300000137635,,,expected HNP vector failed embedding validation
14,0.1,40,1050,100,0.9964285492897034,0.949999988079071,38,True,False,,0.05665840000006028,,,expected HNP vector failed embedding validation
14,0.15,40,1050,100,0.9928571581840515,0.8999999761581421,36,True,False,,0.056599500000174885,,,expected HNP vector failed embedding validation
14,0.2,40,1050,100,0.9535714387893677,0.5,20,True,False,,0.056474900000011985,,,expected HNP vector failed embedding validation
8,0.0,40,1051,100,1.0,1.0,40,False,False,fpylll,0.059518300000036106,0.05720529999985047,,
8,0.05,40,1051,100,1.0,1.0,40,False,False,fpylll,0.05792670000005273,0.05605019999984506,,
8,0.1,40,1051,100,1.0,1.0,40,False,False,fpylll,0.05745430000001761,0.05748130000006313,,
8,0.15,40,1051,100,1.0,1.0,40,False,False,fpylll,0.05799229900003411,0.057260899999846515,,
8,0.2,40,1051,100,0.9937499761581421,0.949999988079071,38,False,False,,0.05822889900014161,,,expected HNP vector failed embedding validation
10,0.0,40,1051,100,1.0,1.0,40,True,True,fpylll,0.05736450000017612,0.057006300000011834,,
10,0.05,40,1051,100,0.9950000047683716,0.949999988079071,38,True,False,,0.05761809999989964,,,expected HNP vector failed embedding validation
10,0.1,40,1051,100,0.9950000047683716,0.949999988079071,38,True,False,,0.057229700000107186,,,expected HNP vector failed embedding validation
10,0.15,40,1051,100,0.9900000095367432,0.8999999761581421,36,True,False,,0.05766519999997399,,,expected HNP vector failed embedding validation
10,0.2,40,1051,100,0.9775000214576721,0.800000011920929,32,True,False,,0.059154199999966295,,,expected HNP vector failed embedding validation
12,0.0,40,1051,100,1.0,1.0,40,True,True,fpylll,0.057257000000163316,0.05676119999998264,,
12,0.05,40,1051,100,0.9979166388511658,0.9750000238418579,39,True,False,,0.05753129999993689,,,expected HNP vector failed embedding validation
12,0.1,40,1051,100,0.9937499761581421,0.925000011920929,37,True,False,,0.057462199999918084,,,expected HNP vector failed embedding validation
12,0.15,40,1051,100,0.987500011920929,0.875,35,True,False,,0.057030399999803194,,,expected HNP vector failed embedding validation
12,0.2,40,1051,100,0.9770833253860474,0.7749999761581421,31,True,False,,0.056920699000102104,,,expected HNP vector failed embedding validation
14,0.0,40,1051,100,1.0,1.0,40,True,True,fpylll,0.05660929999999098,0.057628399999885005,,
14,0.05,40,1051,100,1.0,1.0,40,True,True,fpylll,0.05641639899999973,0.05616589999999633,,
14,0.1,40,1051,100,0.9982143044471741,0.9750000238418579,39,True,False,,0.05645959999992556,,,expected HNP vector failed embedding validation
14,0.15,40,1051,100,0.9892857074737549,0.875,35,True,False,,0.05636470000013105,,,expected HNP vector failed embedding validation
14,0.2,40,1051,100,0.9714285731315613,0.699999988079071,28,True,False,,0.05639079900015531,,,expected HNP vector failed embedding validation
8,0.0,40,1052,100,1.0,1.0,40,False,False,fpylll,0.0557198999999855,0.05540109999992637,,
8,0.05,40,1052,100,1.0,1.0,40,False,False,fpylll,0.05495410000003176,0.05663959999992585,,
8,0.1,40,1052,100,0.996874988079071,0.9750000238418579,39,False,False,,0.05503950000002078,,,expected HNP vector failed embedding validation
8,0.15,40,1052,100,1.0,1.0,40,False,False,fpylll,0.05533229999991818,0.05512870000006842,,
8,0.2,40,1052,100,0.984375,0.8999999761581421,36,False,False,,0.055396100000052684,,,expected HNP vector failed embedding validation
10,0.0,40,1052,100,1.0,1.0,40,True,True,fpylll,0.0578330990001632,0.0560206999998627,,
10,0.05,40,1052,100,1.0,1.0,40,True,True,fpylll,0.057205500000009124,0.05689200000006167,,
10,0.1,40,1052,100,1.0,1.0,40,True,True,fpylll,0.05695910000008553,0.05677300000002106,,
10,0.15,40,1052,100,1.0,1.0,40,True,True,fpylll,0.0578084989999752,0.056703100000049744,,
10,0.2,40,1052,100,0.9825000166893005,0.8500000238418579,34,True,False,,0.05766190000008464,,,expected HNP vector failed embedding validation
12,0.0,40,1052,100,1.0,1.0,40,True,True,fpylll,0.058525199999849065,0.05841890000010608,,
12,0.05,40,1052,100,0.9979166388511658,0.9750000238418579,39,True,False,,0.059738999999808584,,,expected HNP vector failed embedding validation
12,0.1,40,1052,100,0.9979166388511658,0.9750000238418579,39,True,False,,0.05847889999995459,,,expected HNP vector failed embedding validation
12,0.15,40,1052,100,0.987500011920929,0.8500000238418579,34,True,False,,0.05860190000021248,,,expected HNP vector failed embedding validation
12,0.2,40,1052,100,0.981249988079071,0.800000011920929,32,True,False,,0.05831979999993564,,,expected HNP vector failed embedding validation
14,0.0,40,1052,100,0.9892857074737549,0.8500000238418579,34,True,False,,0.057369699999981094,,,expected HNP vector failed embedding validation
14,0.05,40,1052,100,0.9982143044471741,0.9750000238418579,39,True,False,,0.05778379999992467,,,expected HNP vector failed embedding validation
14,0.1,40,1052,100,0.9982143044471741,0.9750000238418579,39,True,False,,0.05638180000005377,,,expected HNP vector failed embedding validation
14,0.15,40,1052,100,0.9910714030265808,0.875,35,True,False,,0.056341199999906166,,,expected HNP vector failed embedding validation
14,0.2,40,1052,100,0.9785714149475098,0.75,30,True,False,,0.056899199999861594,,,expected HNP vector failed embedding validation
8,0.0,40,1053,100,1.0,1.0,40,False,False,fpylll,0.05725089900010971,0.05641880000007404,,
8,0.05,40,1053,100,0.996874988079071,0.9750000238418579,39,False,False,,0.05741319999992811,,,expected HNP vector failed embedding validation
8,0.1,40,1053,100,0.9906250238418579,0.925000011920929,37,False,False,,0.05826949999982389,,,expected HNP vector failed embedding validation
8,0.15,40,1053,100,0.984375,0.8999999761581421,36,False,False,,0.05676199999993514,,,expected HNP vector failed embedding validation
8,0.2,40,1053,100,0.956250011920929,0.7250000238418579,29,False,False,,0.05706149999991794,,,expected HNP vector failed embedding validation
10,0.0,40,1053,100,1.0,1.0,40,True,True,fpylll,0.05717219899997872,0.057488500000090426,,
10,0.05,40,1053,100,0.9975000023841858,0.9750000238418579,39,True,False,,0.057310099999995145,,,expected HNP vector failed embedding validation
10,0.1,40,1053,100,0.9975000023841858,0.9750000238418579,39,True,False,,0.057204500000125336,,,expected HNP vector failed embedding validation
10,0.15,40,1053,100,0.9850000143051147,0.875,35,True,False,,0.0571133999999347,,,expected HNP vector failed embedding validation
10,0.2,40,1053,100,0.9750000238418579,0.7749999761581421,31,True,False,,0.05750269999998636,,,expected HNP vector failed embedding validation
12,0.0,40,1053,100,1.0,1.0,40,True,True,fpylll,0.05569310000009864,0.05536160000019663,,
12,0.05,40,1053,100,1.0,1.0,40,True,True,fpylll,0.056341199999906166,0.0558350999999675,,
12,0.1,40,1053,100,1.0,1.0,40,True,True,fpylll,0.055908799000008,0.056002699999908145,,
12,0.15,40,1053,100,0.9895833134651184,0.8999999761581421,36,True,False,,0.056311999999934415,,,expected HNP vector failed embedding validation
12,0.2,40,1053,100,0.9750000238418579,0.7250000238418579,29,True,False,,0.05557590000012169,,,expected HNP vector failed embedding validation
14,0.0,40,1053,100,1.0,1.0,40,True,True,fpylll,0.05815819999997984,0.05817950000005112,,
14,0.05,40,1053,100,0.9982143044471741,0.9750000238418579,39,True,False,,0.05795940000007249,,,expected HNP vector failed embedding validation
14,0.1,40,1053,100,0.9982143044471741,0.9750000238418579,39,True,False,,0.05860469899994314,,,expected HNP vector failed embedding validation
14,0.15,40,1053,100,0.9910714030265808,0.8999999761581421,36,True,False,,0.058039800000187824,,,expected HNP vector failed embedding validation
14,0.2,40,1053,100,0.9696428775787354,0.6499999761581421,26,True,False,,0.057927000000063344,,,expected HNP vector failed embedding validation
8,0.0,40,1054,100,0.996874988079071,0.9750000238418579,39,False,False,,0.05559050000010757,,,expected HNP vector failed embedding validation
8,0.05,40,1054,100,0.996874988079071,0.9750000238418579,39,False,False,,0.05541189999985363,,,expected HNP vector failed embedding validation
8,0.1,40,1054,100,1.0,1.0,40,False,False,fpylll,0.055759399999942616,0.05496760000005452,,
8,0.15,40,1054,100,1.0,1.0,40,False,False,fpylll,0.05649220000009336,0.05534899999997833,,
8,0.2,40,1054,100,0.981249988079071,0.875,35,False,False,,0.05523100000004888,,,expected HNP vector failed embedding validation
10,0.0,40,1054,100,0.9975000023841858,0.9750000238418579,39,True,False,,0.055844900000010966,,,expected HNP vector failed embedding validation
10,0.05,40,1054,100,1.0,1.0,40,True,True,fpylll,0.05515220000006593,0.055301099999951475,,
10,0.1,40,1054,100,1.0,1.0,40,True,True,fpylll,0.05520939999996699,0.05495829699998467,,
10,0.15,40,1054,100,0.9975000023841858,0.9750000238418579,39,True,False,,0.0548736960001861,,,expected HNP vector failed embedding validation
10,0.2,40,1054,100,0.9800000190734863,0.875,35,True,False,,0.054707996999923125,,,expected HNP vector failed embedding validation
12,0.0,40,1054,100,0.9916666746139526,0.8999999761581421,36,True,False,,0.05787749699993583,,,expected HNP vector failed embedding validation
12,0.05,40,1054,100,0.9958333373069763,0.949999988079071,38,True,False,,0.057821497000077215,,,expected HNP vector failed embedding validation
12,0.1,40,1054,100,1.0,1.0,40,True,True,fpylll,0.057856696000044394,0.05773739700020997,,
12,0.15,40,1054,100,1.0,1.0,40,True,True,fpylll,0.05753219700000045,0.05742139600010887,,
12,0.2,40,1054,100,0.981249988079071,0.8500000238418579,34,True,False,,0.05739179600004718,,,expected HNP vector failed embedding validation
14,0.0,40,1054,100,1.0,1.0,40,True,True,fpylll,0.05748530000005303,0.05729719999999361,,
14,0.05,40,1054,100,0.9982143044471741,0.9750000238418579,39,True,False,,0.05790019999994911,,,expected HNP vector failed embedding validation
14,0.1,40,1054,100,1.0,1.0,40,True,True,fpylll,0.05768029999990176,0.05729859999996734,,
14,0.15,40,1054,100,0.9964285492897034,0.949999988079071,38,True,False,,0.057514798999818595,,,expected HNP vector failed embedding validation
14,0.2,40,1054,100,0.9821428656578064,0.824999988079071,33,True,False,,0.05754179999985354,,,expected HNP vector failed embedding validation
8,0.0,40,1055,100,1.0,1.0,40,False,False,fpylll,0.05516000000011445,0.0547153000002254,,
8,0.05,40,1055,100,1.0,1.0,40,False,False,fpylll,0.05625740000004953,0.059490299999879426,,
8,0.1,40,1055,100,1.0,1.0,40,False,False,fpylll,0.05508459899988338,0.05503120000003037,,
8,0.15,40,1055,100,0.996874988079071,0.9750000238418579,39,False,False,,0.05527910000000702,,,expected HNP vector failed embedding validation
8,0.2,40,1055,100,0.9750000238418579,0.824999988079071,33,False,False,,0.05503489900002023,,,expected HNP vector failed embedding validation
10,0.0,40,1055,100,0.9925000071525574,0.925000011920929,37,True,False,,0.057088100000100894,,,expected HNP vector failed embedding validation
10,0.05,40,1055,100,1.0,1.0,40,True,True,fpylll,0.057614000000057786,0.05673300000012205,,
10,0.1,40,1055,100,0.9975000023841858,0.9750000238418579,39,True,False,,0.057242200000018784,,,expected HNP vector failed embedding validation
10,0.15,40,1055,100,0.9950000047683716,0.949999988079071,38,True,False,,0.05781329999990703,,,expected HNP vector failed embedding validation
10,0.2,40,1055,100,0.9725000262260437,0.7749999761581421,31,True,False,,0.057211600000073304,,,expected HNP vector failed embedding validation
12,0.0,40,1055,100,1.0,1.0,40,True,True,fpylll,0.054682700000057594,0.0545887999999195,,
12,0.05,40,1055,100,0.9979166388511658,0.9750000238418579,39,True,False,,0.0549557989997993,,,expected HNP vector failed embedding validation
12,0.1,40,1055,100,0.9979166388511658,0.9750000238418579,39,True,False,,0.05627669999989848,,,expected HNP vector failed embedding validation
12,0.15,40,1055,100,0.9937499761581421,0.925000011920929,37,True,False,,0.056536800000003495,,,expected HNP vector failed embedding validation
12,0.2,40,1055,100,0.9791666865348816,0.7749999761581421,31,True,False,,0.054887698999891654,,,expected HNP vector failed embedding validation
14,0.0,40,1055,100,0.9982143044471741,0.9750000238418579,39,True,False,,0.05828279999991537,,,expected HNP vector failed embedding validation
14,0.05,40,1055,100,1.0,1.0,40,True,True,fpylll,0.05940690000011273,0.05750420000003942,,
14,0.1,40,1055,100,0.9964285492897034,0.949999988079071,38,True,False,,0.05843159999994896,,,expected HNP vector failed embedding validation
14,0.15,40,1055,100,0.9928571581840515,0.8999999761581421,36,True,False,,0.058427400000027774,,,expected HNP vector failed embedding validation
14,0.2,40,1055,100,0.9750000238418579,0.75,30,True,False,,0.05956020000007811,,,expected HNP vector failed embedding validation
8,0.0,40,1056,100,0.996874988079071,0.9750000238418579,39,False,False,,0.05435039999997571,,,expected HNP vector failed embedding validation
8,0.05,40,1056,100,1.0,1.0,40,False,False,fpylll,0.0549326000000292,0.054037799999832714,,
8,0.1,40,1056,100,1.0,1.0,40,False,False,fpylll,0.05465010000011716,0.05431939999994029,,
8,0.15,40,1056,100,0.9906250238418579,0.925000011920929,37,False,False,,0.054453599999988,,,expected HNP vector failed embedding validation
8,0.2,40,1056,100,0.981249988079071,0.8500000238418579,34,False,False,,0.05497679999984939,,,expected HNP vector failed embedding validation
10,0.0,40,1056,100,1.0,1.0,40,True,True,fpylll,0.05899099899988869,0.05783960000007937,,
10,0.05,40,1056,100,1.0,1.0,40,True,True,fpylll,0.05805799999984629,0.05762000000004264,,
10,0.1,40,1056,100,0.9950000047683716,0.949999988079071,38,True,False,,0.05876230000012583,,,expected HNP vector failed embedding validation
10,0.15,40,1056,100,0.9900000095367432,0.8999999761581421,36,True,False,,0.05783849999988888,,,expected HNP vector failed embedding validation
10,0.2,40,1056,100,0.9725000262260437,0.75,30,True,False,,0.05833499999994274,,,expected HNP vector failed embedding validation
12,0.0,40,1056,100,1.0,1.0,40,True,True,fpylll,0.05920930000002045,0.05817669999987629,,
12,0.05,40,1056,100,0.9958333373069763,0.949999988079071,38,True,False,,0.058056500000020606,,,expected HNP vector failed embedding validation
12,0.1,40,1056,100,1.0,1.0,40,True,True,fpylll,0.05907209999986662,0.05840130000001409,,
12,0.15,40,1056,100,0.987500011920929,0.8500000238418579,34,True,False,,0.05859170000007907,,,expected HNP vector failed embedding validation
12,0.2,40,1056,100,0.9645833373069763,0.6499999761581421,26,True,False,,0.05840980000016316,,,expected HNP vector failed embedding validation
14,0.0,40,1056,100,1.0,1.0,40,True,True,fpylll,0.0583115000001726,0.05732100000000173,,
14,0.05,40,1056,100,0.9964285492897034,0.949999988079071,38,True,False,,0.05756059999998797,,,expected HNP vector failed embedding validation
14,0.1,40,1056,100,0.9892857074737549,0.8500000238418579,34,True,False,,0.05899550000003728,,,expected HNP vector failed embedding validation
14,0.15,40,1056,100,0.9839285612106323,0.800000011920929,32,True,False,,0.05751400000008289,,,expected HNP vector failed embedding validation
14,0.2,40,1056,100,0.9714285731315613,0.6499999761581421,26,True,False,,0.05751149999991867,,,expected HNP vector failed embedding validation
8,0.0,40,1057,100,1.0,1.0,40,False,False,fpylll,0.056592199000078836,0.056363200000077995,,
8,0.05,40,1057,100,1.0,1.0,40,False,False,fpylll,0.05641560000003665,0.05618950000007317,,
8,0.1,40,1057,100,0.996874988079071,0.9750000238418579,39,False,False,,0.0572213999998894,,,expected HNP vector failed embedding validation
8,0.15,40,1057,100,0.984375,0.8999999761581421,36,False,False,,0.05771049999998468,,,expected HNP vector failed embedding validation
8,0.2,40,1057,100,0.981249988079071,0.875,35,False,False,,0.056664299999965806,,,expected HNP vector failed embedding validation
10,0.0,40,1057,100,0.9975000023841858,0.9750000238418579,39,True,False,,0.05557469999985187,,,expected HNP vector failed embedding validation
10,0.05,40,1057,100,1.0,1.0,40,True,True,fpylll,0.054662100000086866,0.054894599999897764,,
10,0.1,40,1057,100,0.9950000047683716,0.949999988079071,38,True,False,,0.05513660000019627,,,expected HNP vector failed embedding validation
10,0.15,40,1057,100,0.9925000071525574,0.949999988079071,38,True,False,,0.055605400000104055,,,expected HNP vector failed embedding validation
10,0.2,40,1057,100,0.9775000214576721,0.800000011920929,32,True,False,,0.05519529999992301,,,expected HNP vector failed embedding validation
12,0.0,40,1057,100,1.0,1.0,40,True,True,fpylll,0.05870040000013432,0.0588217000001805,,
12,0.05,40,1057,100,1.0,1.0,40,True,True,fpylll,0.06010030000015831,0.05908260000001064,,
12,0.1,40,1057,100,0.9979166388511658,0.9750000238418579,39,True,False,,0.05927550000001247,,,expected HNP vector failed embedding validation
12,0.15,40,1057,100,0.9958333373069763,0.9750000238418579,39,True,False,,0.058835499999986496,,,expected HNP vector failed embedding validation
12,0.2,40,1057,100,0.9770833253860474,0.7749999761581421,31,True,False,,0.058881199999859746,,,expected HNP vector failed embedding validation
14,0.0,40,1057,100,1.0,1.0,40,True,True,fpylll,0.058322699999962424,0.05824569999981577,,
14,0.05,40,1057,100,0.9982143044471741,0.9750000238418579,39,True,False,,0.05858310000007805,,,expected HNP vector failed embedding validation
14,0.1,40,1057,100,0.9946428537368774,0.925000011920929,37,True,False,,0.05946130000006633,,,expected HNP vector failed embedding validation
14,0.15,40,1057,100,0.9928571581840515,0.925000011920929,37,True,False,,0.05902149999997164,,,expected HNP vector failed embedding validation
14,0.2,40,1057,100,0.9785714149475098,0.7749999761581421,31,True,False,,0.058284299999968425,,,expected HNP vector failed embedding validation
8,0.0,40,1058,100,1.0,1.0,40,False,False,fpylll,0.05517089999989366,0.0546423999999206,,
8,0.05,40,1058,100,0.9937499761581421,0.949999988079071,38,False,False,,0.055399999999963256,,,expected HNP vector failed embedding validation
8,0.1,40,1058,100,0.9906250238418579,0.925000011920929,37,False,False,,0.05715460000010353,,,expected HNP vector failed embedding validation
8,0.15,40,1058,100,0.9906250238418579,0.925000011920929,37,False,False,,0.05733830000008311,,,expected HNP vector failed embedding validation
8,0.2,40,1058,100,0.9593750238418579,0.699999988079071,28,False,False,,0.055598599999939324,,,expected HNP vector failed embedding validation
10,0.0,40,1058,100,1.0,1.0,40,True,True,fpylll,0.057218799000111176,0.05690549999985706,,
10,0.05,40,1058,100,0.9925000071525574,0.925000011920929,37,True,False,,0.05856339999991178,,,expected HNP vector failed embedding validation
10,0.1,40,1058,100,0.9750000238418579,0.75,30,True,False,,0.0560969999999088,,,expected HNP vector failed embedding validation
10,0.15,40,1058,100,0.9775000214576721,0.800000011920929,32,True,False,,0.056920399999853544,,,expected HNP vector failed embedding validation
10,0.2,40,1058,100,0.9624999761581421,0.675000011920929,27,True,False,,0.057017699999960314,,,expected HNP vector failed embedding validation
12,0.0,40,1058,100,1.0,1.0,40,True,True,fpylll,0.057928201000095214,0.05550500000003922,,
12,0.05,40,1058,100,1.0,1.0,40,True,True,fpylll,0.05676680100009435,0.05555010099988067,,
12,0.1,40,1058,100,0.9937499761581421,0.925000011920929,37,True,False,,0.05593649999991612,,,expected HNP vector failed embedding validation
12,0.15,40,1058,100,0.987500011920929,0.8500000238418579,34,True,False,,0.05547380100006194,,,expected HNP vector failed embedding validation
12,0.2,40,1058,100,0.96875,0.675000011920929,27,True,False,,0.0567469009999968,,,expected HNP vector failed embedding validation
14,0.0,40,1058,100,1.0,1.0,40,True,True,fpylll,0.05933930000014698,0.0571115010000085,,
14,0.05,40,1058,100,1.0,1.0,40,True,True,fpylll,0.05711860099995647,0.05677760000003218,,
14,0.1,40,1058,100,0.9946428537368774,0.925000011920929,37,True,False,,0.059499799999912284,,,expected HNP vector failed embedding validation
14,0.15,40,1058,100,0.9839285612106323,0.800000011920929,32,True,False,,0.057205001000056654,,,expected HNP vector failed embedding validation
14,0.2,40,1058,100,0.9607142806053162,0.574999988079071,23,True,False,,0.05715460100009295,,,expected HNP vector failed embedding validation
8,0.0,40,1059,100,1.0,1.0,40,False,False,fpylll,0.054969100000107574,0.05519580000009228,,
8,0.05,40,1059,100,0.996874988079071,0.9750000238418579,39,False,False,,0.05522150000001602,,,expected HNP vector failed embedding validation
8,0.1,40,1059,100,1.0,1.0,40,False,False,fpylll,0.05561790000001565,0.05479439999999158,,
8,0.15,40,1059,100,1.0,1.0,40,False,False,fpylll,0.05722960000002786,0.055795200000147815,,
8,0.2,40,1059,100,0.981249988079071,0.875,35,False,False,,0.05525360100000398,,,expected HNP vector failed embedding validation
10,0.0,40,1059,100,1.0,1.0,40,True,True,fpylll,0.05611159999989468,0.05602950000002238,,
10,0.05,40,1059,100,1.0,1.0,40,True,True,fpylll,0.0579138000000512,0.05582349999986036,,
10,0.1,40,1059,100,1.0,1.0,40,True,True,fpylll,0.05651769999985845,0.056080800000017916,,
10,0.15,40,1059,100,1.0,1.0,40,True,True,fpylll,0.056593100000100094,0.056311299999833864,,
10,0.2,40,1059,100,0.9725000262260437,0.7749999761581421,31,True,False,,0.05677830000013273,,,expected HNP vector failed embedding validation
12,0.0,40,1059,100,0.987500011920929,0.8999999761581421,36,True,False,,0.057701699999824996,,,expected HNP vector failed embedding validation
12,0.05,40,1059,100,0.9979166388511658,0.9750000238418579,39,True,False,,0.057154700000182856,,,expected HNP vector failed embedding validation
12,0.1,40,1059,100,1.0,1.0,40,True,True,fpylll,0.0575183000000834,0.05706129999998666,,
12,0.15,40,1059,100,0.9979166388511658,0.9750000238418579,39,True,False,,0.05920040000000881,,,expected HNP vector failed embedding validation
12,0.2,40,1059,100,0.9791666865348816,0.7749999761581421,31,True,False,,0.05723640099995464,,,expected HNP vector failed embedding validation
14,0.0,40,1059,100,1.0,1.0,40,True,True,fpylll,0.058818500000143104,0.06524549999994633,,
14,0.05,40,1059,100,1.0,1.0,40,True,True,fpylll,0.059182799999916824,0.0588582000000315,,
14,0.1,40,1059,100,0.9964285492897034,0.949999988079071,38,True,False,,0.058573599999817816,,,expected HNP vector failed embedding validation
14,0.15,40,1059,100,0.9964285492897034,0.949999988079071,38,True,False,,0.059030601000131355,,,expected HNP vector failed embedding validation
14,0.2,40,1059,100,0.9750000238418579,0.699999988079071,28,True,False,,0.05909190100010164,,,expected HNP vector failed embedding validation
8,0.0,40,1060,100,0.987500011920929,0.8999999761581421,36,False,False,,0.0564652999998998,,,expected HNP vector failed embedding validation
8,0.05,40,1060,100,0.9906250238418579,0.925000011920929,37,False,False,,0.05605070000001433,,,expected HNP vector failed embedding validation
8,0.1,40,1060,100,0.987500011920929,0.8999999761581421,36,False,False,,0.05595090099996014,,,expected HNP vector failed embedding validation
8,0.15,40,1060,100,0.996874988079071,0.9750000238418579,39,False,False,,0.056278100000099585,,,expected HNP vector failed embedding validation
8,0.2,40,1060,100,0.981249988079071,0.8500000238418579,34,False,False,,0.056157600000005914,,,expected HNP vector failed embedding validation
10,0.0,40,1060,100,1.0,1.0,40,True,True,fpylll,0.05744840100010151,0.056412899999941146,,
10,0.05,40,1060,100,1.0,1.0,40,True,True,fpylll,0.05630430300016087,0.05833450199997969,,
10,0.1,40,1060,100,1.0,1.0,40,True,True,fpylll,0.05611440300003778,0.05592380199982472,,
10,0.15,40,1060,100,0.9925000071525574,0.925000011920929,37,True,False,,0.05739070299978266,,,expected HNP vector failed embedding validation
10,0.2,40,1060,100,0.9649999737739563,0.75,30,True,False,,0.05616470199993273,,,expected HNP vector failed embedding validation
12,0.0,40,1060,100,0.9937499761581421,0.925000011920929,37,True,False,,0.0633687029999237,,,expected HNP vector failed embedding validation
12,0.05,40,1060,100,0.9979166388511658,0.9750000238418579,39,True,False,,0.0592372029998387,,,expected HNP vector failed embedding validation
12,0.1,40,1060,100,0.9916666746139526,0.8999999761581421,36,True,False,,0.058964202000197474,,,expected HNP vector failed embedding validation
12,0.15,40,1060,100,0.9916666746139526,0.8999999761581421,36,True,False,,0.05946840299998257,,,expected HNP vector failed embedding validation
12,0.2,40,1060,100,0.9708333611488342,0.7250000238418579,29,True,False,,0.060655102000055194,,,expected HNP vector failed embedding validation
14,0.0,40,1060,100,1.0,1.0,40,True,True,fpylll,0.056432600000107414,0.05768660099988665,,
14,0.05,40,1060,100,0.9910714030265808,0.875,35,True,False,,0.056261600000198086,,,expected HNP vector failed embedding validation
14,0.1,40,1060,100,0.987500011920929,0.824999988079071,33,True,False,,0.05619119999983013,,,expected HNP vector failed embedding validation
14,0.15,40,1060,100,0.9928571581840515,0.8999999761581421,36,True,False,,0.05855359999986831,,,expected HNP vector failed embedding validation
14,0.2,40,1060,100,0.9696428775787354,0.6499999761581421,26,True,False,,0.0580856000001404,,,expected HNP vector failed embedding validation
8,0.0,40,1061,100,0.996874988079071,0.9750000238418579,39,False,False,,0.055528499999809355,,,expected HNP vector failed embedding validation
8,0.05,40,1061,100,1.0,1.0,40,False,False,fpylll,0.05585219999989022,0.05572719999986475,,
8,0.1,40,1061,100,1.0,1.0,40,False,False,fpylll,0.0559769999999844,0.056023300000106246,,
8,0.15,40,1061,100,1.0,1.0,40,False,False,fpylll,0.0559001999999964,0.056570399999827714,,
8,0.2,40,1061,100,0.9937499761581421,0.949999988079071,38,False,False,,0.05614889999992556,,,expected HNP vector failed embedding validation
10,0.0,40,1061,100,1.0,1.0,40,True,True,fpylll,0.05787860100008402,0.05776530000002822,,
10,0.05,40,1061,100,1.0,1.0,40,True,True,fpylll,0.058150200999989465,0.05831750000015745,,
10,0.1,40,1061,100,1.0,1.0,40,True,True,fpylll,0.05827210000006744,0.05802780099998017,,
10,0.15,40,1061,100,0.9975000023841858,0.9750000238418579,39,True,False,,0.0580578010001318,,,expected HNP vector failed embedding validation
10,0.2,40,1061,100,0.9900000095367432,0.925000011920929,37,True,False,,0.05819860099995822,,,expected HNP vector failed embedding validation
12,0.0,40,1061,100,1.0,1.0,40,True,True,fpylll,0.06005670000013197,0.05709120000005896,,
12,0.05,40,1061,100,1.0,1.0,40,True,True,fpylll,0.05673090000004777,0.05711560100007773,,
12,0.1,40,1061,100,0.9979166388511658,0.9750000238418579,39,True,False,,0.057161900999972204,,,expected HNP vector failed embedding validation
12,0.15,40,1061,100,0.9937499761581421,0.949999988079071,38,True,False,,0.056626800999993065,,,expected HNP vector failed embedding validation
12,0.2,40,1061,100,0.9854166507720947,0.875,35,True,False,,0.05710420099990188,,,expected HNP vector failed embedding validation
14,0.0,40,1061,100,1.0,1.0,40,True,True,fpylll,0.057781999999861,0.05736730000012358,,
14,0.05,40,1061,100,1.0,1.0,40,True,True,fpylll,0.05846770099992682,0.05718269999988479,,
14,0.1,40,1061,100,1.0,1.0,40,True,True,fpylll,0.05740720000017063,0.057528499999989435,,
14,0.15,40,1061,100,0.9946428537368774,0.949999988079071,38,True,False,,0.05762530099991636,,,expected HNP vector failed embedding validation
14,0.2,40,1061,100,0.9857142567634583,0.875,35,True,False,,0.0574500000000171,,,expected HNP vector failed embedding validation
8,0.0,40,1062,100,1.0,1.0,40,False,False,fpylll,0.05497829999990245,0.053966599999967,,
8,0.05,40,1062,100,0.9937499761581421,0.949999988079071,38,False,False,,0.05443890000015017,,,expected HNP vector failed embedding validation
8,0.1,40,1062,100,0.9937499761581421,0.949999988079071,38,False,False,,0.05468590099985704,,,expected HNP vector failed embedding validation
8,0.15,40,1062,100,0.996874988079071,0.9750000238418579,39,False,False,,0.05487079999988964,,,expected HNP vector failed embedding validation
8,0.2,40,1062,100,0.987500011920929,0.8999999761581421,36,False,False,,0.0544119009998667,,,expected HNP vector failed embedding validation
10,0.0,40,1062,100,1.0,1.0,40,True,True,fpylll,0.057685899999796675,0.056430099999943195,,
10,0.05,40,1062,100,1.0,1.0,40,True,True,fpylll,0.056361600000172984,0.0563161999998556,,
10,0.1,40,1062,100,0.9975000023841858,0.9750000238418579,39,True,False,,0.05634939999981725,,,expected HNP vector failed embedding validation
10,0.15,40,1062,100,0.9975000023841858,0.9750000238418579,39,True,False,,0.05765289999999368,,,expected HNP vector failed embedding validation
10,0.2,40,1062,100,0.9825000166893005,0.824999988079071,33,True,False,,0.05657980000000862,,,expected HNP vector failed embedding validation
12,0.0,40,1062,100,1.0,1.0,40,True,True,fpylll,0.05880150000007234,0.05662310000002435,,
12,0.05,40,1062,100,0.9937499761581421,0.925000011920929,37,True,False,,0.05777330000000802,,,expected HNP vector failed embedding validation
12,0.1,40,1062,100,0.9937499761581421,0.925000011920929,37,True,False,,0.05717600000002676,,,expected HNP vector failed embedding validation
12,0.15,40,1062,100,0.9937499761581421,0.925000011920929,37,True,False,,0.057238399999960166,,,expected HNP vector failed embedding validation
12,0.2,40,1062,100,0.9770833253860474,0.7749999761581421,31,True,False,,0.05751970000005713,,,expected HNP vector failed embedding validation
14,0.0,40,1062,100,1.0,1.0,40,True,True,fpylll,0.0571465000000444,0.05745339999998578,,
14,0.05,40,1062,100,0.9964285492897034,0.949999988079071,38,True,False,,0.05730829999993148,,,expected HNP vector failed embedding validation
14,0.1,40,1062,100,0.9910714030265808,0.875,35,True,False,,0.058102299999973184,,,expected HNP vector failed embedding validation
14,0.15,40,1062,100,0.9910714030265808,0.875,35,True,False,,0.057162999999945896,,,expected HNP vector failed embedding validation
14,0.2,40,1062,100,0.9732142686843872,0.75,30,True,False,,0.06019590000005337,,,expected HNP vector failed embedding validation
8,0.0,40,1063,100,0.9906250238418579,0.949999988079071,38,False,False,,0.055868699999791716,,,expected HNP vector failed embedding validation
8,0.05,40,1063,100,0.9937499761581421,0.949999988079071,38,False,False,,0.056412199000078544,,,expected HNP vector failed embedding validation
8,0.1,40,1063,100,0.9781249761581421,0.824999988079071,33,False,False,,0.05640210000001389,,,expected HNP vector failed embedding validation
8,0.15,40,1063,100,0.981249988079071,0.8500000238418579,34,False,False,,0.05611260000000584,,,expected HNP vector failed embedding validation
8,0.2,40,1063,100,0.9750000238418579,0.800000011920929,32,False,False,,0.05600189999995564,,,expected HNP vector failed embedding validation
10,0.0,40,1063,100,0.9925000071525574,0.925000011920929,37,True,False,,0.05692130000011275,,,expected HNP vector failed embedding validation
10,0.05,40,1063,100,1.0,1.0,40,True,True,fpylll,0.056853700000147,0.056389800000033574,,
10,0.1,40,1063,100,0.9975000023841858,0.9750000238418579,39,True,False,,0.056973900000002686,,,expected HNP vector failed embedding validation
10,0.15,40,1063,100,0.9800000190734863,0.800000011920929,32,True,False,,0.057290599999987535,,,expected HNP vector failed embedding validation
10,0.2,40,1063,100,0.9624999761581421,0.699999988079071,28,True,False,,0.05696439999996983,,,expected HNP vector failed embedding validation
12,0.0,40,1063,100,1.0,1.0,40,True,True,fpylll,0.05664999900000112,0.05782409900007224,,
12,0.05,40,1063,100,0.9979166388511658,0.9750000238418579,39,True,False,,0.0569184989999485,,,expected HNP vector failed embedding validation
12,0.1,40,1063,100,1.0,1.0,40,True,True,fpylll,0.05906779900010406,0.0563353999998526,,
12,0.15,40,1063,100,0.9895833134651184,0.875,35,True,False,,0.05790689899981771,,,expected HNP vector failed embedding validation
12,0.2,40,1063,100,0.96875,0.675000011920929,27,True,False,,0.05730190000008406,,,expected HNP vector failed embedding validation
14,0.0,40,1063,100,1.0,1.0,40,True,True,fpylll,0.058559398999932455,0.055995898999981364,,
14,0.05,40,1063,100,1.0,1.0,40,True,True,fpylll,0.0565263999999388,0.05631609900001422,,
14,0.1,40,1063,100,1.0,1.0,40,True,True,fpylll,0.056527598999991824,0.05740309999987403,,
14,0.15,40,1063,100,0.9946428537368774,0.925000011920929,37,True,False,,0.056800899000108984,,,expected HNP vector failed embedding validation
14,0.2,40,1063,100,0.9642857313156128,0.6499999761581421,26,True,False,,0.057900000000017826,,,expected HNP vector failed embedding validation
8,0.0,40,1064,100,0.996874988079071,0.9750000238418579,39,False,False,,0.05646619900016958,,,expected HNP vector failed embedding validation
8,0.05,40,1064,100,0.996874988079071,0.9750000238418579,39,False,False,,0.056473799000059444,,,expected HNP vector failed embedding validation
8,0.1,40,1064,100,0.996874988079071,0.9750000238418579,39,False,False,,0.056901999000047,,,expected HNP vector failed embedding validation
8,0.15,40,1064,100,0.981249988079071,0.8500000238418579,34,False,False,,0.05621039900006508,,,expected HNP vector failed embedding validation
8,0.2,40,1064,100,0.965624988079071,0.75,30,False,False,,0.056284299000026294,,,expected HNP vector failed embedding validation
10,0.0,40,1064,100,1.0,1.0,40,True,True,fpylll,0.057051498999953765,0.05514399900016542,,
10,0.05,40,1064,100,1.0,1.0,40,True,True,fpylll,0.05633919899992179,0.0564221990000533,,
10,0.1,40,1064,100,1.0,1.0,40,True,True,fpylll,0.05621689999998125,0.056135999000161974,,
10,0.15,40,1064,100,0.9825000166893005,0.824999988079071,33,True,False,,0.056069100000058825,,,expected HNP vector failed embedding validation
10,0.2,40,1064,100,0.9825000166893005,0.824999988079071,33,True,False,,0.05605509900010475,,,expected HNP vector failed embedding validation
12,0.0,40,1064,100,1.0,1.0,40,True,True,fpylll,0.05806170000005295,0.05893029999992905,,
12,0.05,40,1064,100,0.9979166388511658,0.9750000238418579,39,True,False,,0.05809589999989839,,,expected HNP vector failed embedding validation
12,0.1,40,1064,100,0.9958333373069763,0.949999988079071,38,True,False,,0.05789260000005925,,,expected HNP vector failed embedding validation
12,0.15,40,1064,100,0.9895833134651184,0.875,35,True,False,,0.05830119999995986,,,expected HNP vector failed embedding validation
12,0.2,40,1064,100,0.9770833253860474,0.7250000238418579,29,True,False,,0.05900280000014391,,,expected HNP vector failed embedding validation
14,0.0,40,1064,100,1.0,1.0,40,True,True,fpylll,0.058858099999952174,0.05821360000004461,,
14,0.05,40,1064,100,0.9910714030265808,0.875,35,True,False,,0.060335199000064677,,,expected HNP vector failed embedding validation
14,0.1,40,1064,100,0.9982143044471741,0.9750000238418579,39,True,False,,0.058114400000022215,,,expected HNP vector failed embedding validation
14,0.15,40,1064,100,0.987500011920929,0.824999988079071,33,True,False,,0.058216700000002675,,,expected HNP vector failed embedding validation
14,0.2,40,1064,100,0.9750000238418579,0.699999988079071,28,True,False,,0.05792459899998903,,,expected HNP vector failed embedding validation
8,0.0,40,1065,100,1.0,1.0,40,False,False,fpylll,0.05396289999998771,0.053862199999912264,,
8,0.05,40,1065,100,0.996874988079071,0.9750000238418579,39,False,False,,0.053881299999829935,,,expected HNP vector failed embedding validation
8,0.1,40,1065,100,0.996874988079071,0.9750000238418579,39,False,False,,0.054689999999936845,,,expected HNP vector failed embedding validation
8,0.15,40,1065,100,0.987500011920929,0.8999999761581421,36,False,False,,0.05472850000001017,,,expected HNP vector failed embedding validation
8,0.2,40,1065,100,0.9750000238418579,0.824999988079071,33,False,False,,0.054234898999993675,,,expected HNP vector failed embedding validation
10,0.0,40,1065,100,1.0,1.0,40,True,True,fpylll,0.05768590000002405,0.057359000000133165,,
10,0.05,40,1065,100,0.9975000023841858,0.9750000238418579,39,True,False,,0.057748000000174216,,,expected HNP vector failed embedding validation
10,0.1,40,1065,100,0.9950000047683716,0.949999988079071,38,True,False,,0.0595639000000574,,,expected HNP vector failed embedding validation
10,0.15,40,1065,100,0.9925000071525574,0.925000011920929,37,True,False,,0.05794390000005478,,,expected HNP vector failed embedding validation
10,0.2,40,1065,100,0.9750000238418579,0.824999988079071,33,True,False,,0.05744929999991655,,,expected HNP vector failed embedding validation
12,0.0,40,1065,100,1.0,1.0,40,True,True,fpylll,0.058447799999839845,0.05797189999998409,,
12,0.05,40,1065,100,1.0,1.0,40,True,True,fpylll,0.05826530000013008,0.05855680000013308,,
12,0.1,40,1065,100,0.9937499761581421,0.925000011920929,37,True,False,,0.05875259999993432,,,expected HNP vector failed embedding validation
12,0.15,40,1065,100,0.987500011920929,0.875,35,True,False,,0.05857130000003963,,,expected HNP vector failed embedding validation
12,0.2,40,1065,100,0.96875,0.75,30,True,False,,0.05864130000009027,,,expected HNP vector failed embedding validation
14,0.0,40,1065,100,1.0,1.0,40,True,True,fpylll,0.05878520000010212,0.05847590000007585,,
14,0.05,40,1065,100,1.0,1.0,40,True,True,fpylll,0.05888900000013564,0.058846000000130516,,
14,0.1,40,1065,100,0.9964285492897034,0.949999988079071,38,True,False,,0.058284700000058365,,,expected HNP vector failed embedding validation
14,0.15,40,1065,100,0.9857142567634583,0.824999988079071,33,True,False,,0.05949869999994917,,,expected HNP vector failed embedding validation
14,0.2,40,1065,100,0.9678571224212646,0.7250000238418579,29,True,False,,0.05894310000007863,,,expected HNP vector failed embedding validation
8,0.0,40,1066,100,1.0,1.0,40,False,False,fpylll,0.05694519999997283,0.05712949999997363,,
8,0.05,40,1066,100,0.996874988079071,0.9750000238418579,39,False,False,,0.06005770000001576,,,expected HNP vector failed embedding validation
8,0.1,40,1066,100,0.981249988079071,0.875,35,False,False,,0.057906599999796526,,,expected HNP vector failed embedding validation
8,0.15,40,1066,100,0.9750000238418579,0.824999988079071,33,False,False,,0.0574719000001096,,,expected HNP vector failed embedding validation
8,0.2,40,1066,100,0.9468749761581421,0.675000011920929,27,False,False,,0.05730130000006284,,,expected HNP vector failed embedding validation
10,0.0,40,1066,100,0.9975000023841858,0.9750000238418579,39,True,False,,0.05800829999998314,,,expected HNP vector failed embedding validation
10,0.05,40,1066,100,0.9950000047683716,0.949999988079071,38,True,False,,0.05882489999999052,,,expected HNP vector failed embedding validation
10,0.1,40,1066,100,1.0,1.0,40,True,True,fpylll,0.05759079899985409,0.058070300000053976,,
10,0.15,40,1066,100,0.9775000214576721,0.800000011920929,32,True,False,,0.05796109999982946,,,expected HNP vector failed embedding validation
10,0.2,40,1066,100,0.9449999928474426,0.6499999761581421,26,True,False,,0.057890000000043074,,,expected HNP vector failed embedding validation
12,0.0,40,1066,100,1.0,1.0,40,True,True,fpylll,0.06455379999988509,0.059644799999887255,,
12,0.05,40,1066,100,1.0,1.0,40,True,True,fpylll,0.0583332999999584,0.057776500000045417,,
12,0.1,40,1066,100,0.9937499761581421,0.949999988079071,38,True,False,,0.05835799900000893,,,expected HNP vector failed embedding validation
12,0.15,40,1066,100,0.987500011920929,0.8999999761581421,36,True,False,,0.058437800000092466,,,expected HNP vector failed embedding validation
12,0.2,40,1066,100,0.9583333134651184,0.6499999761581421,26,True,False,,0.059488699999974415,,,expected HNP vector failed embedding validation
14,0.0,40,1066,100,1.0,1.0,40,True,True,fpylll,0.05802459999995335,0.058103398999946876,,
14,0.05,40,1066,100,1.0,1.0,40,True,True,fpylll,0.06005449999997836,0.058021199999984674,,
14,0.1,40,1066,100,0.9982143044471741,0.9750000238418579,39,True,False,,0.058159799999884854,,,expected HNP vector failed embedding validation
14,0.15,40,1066,100,0.9910714030265808,0.925000011920929,37,True,False,,0.058196399000053134,,,expected HNP vector failed embedding validation
14,0.2,40,1066,100,0.9624999761581421,0.625,25,True,False,,0.0577270999999655,,,expected HNP vector failed embedding validation
8,0.0,40,1067,100,0.9937499761581421,0.949999988079071,38,False,False,,0.056861099000116155,,,expected HNP vector failed embedding validation
8,0.05,40,1067,100,1.0,1.0,40,False,False,fpylll,0.05674910000016098,0.05963459999998122,,
8,0.1,40,1067,100,0.996874988079071,0.9750000238418579,39,False,False,,0.05809789999989334,,,expected HNP vector failed embedding validation
8,0.15,40,1067,100,0.9937499761581421,0.949999988079071,38,False,False,,0.057588500000065324,,,expected HNP vector failed embedding validation
8,0.2,40,1067,100,0.9750000238418579,0.824999988079071,33,False,False,,0.05681529900016358,,,expected HNP vector failed embedding validation
10,0.0,40,1067,100,1.0,1.0,40,True,True,fpylll,0.05618529999992461,0.05814220000002024,,
10,0.05,40,1067,100,1.0,1.0,40,True,True,fpylll,0.056828900000027716,0.0562819000001582,,
10,0.1,40,1067,100,0.9950000047683716,0.949999988079071,38,True,False,,0.06346710000002531,,,expected HNP vector failed embedding validation
10,0.15,40,1067,100,0.9850000143051147,0.8500000238418579,34,True,False,,0.056569800000033865,,,expected HNP vector failed embedding validation
10,0.2,40,1067,100,0.9674999713897705,0.75,30,True,False,,0.05655739999997422,,,expected HNP vector failed embedding validation
12,0.0,40,1067,100,0.9979166388511658,0.9750000238418579,39,True,False,,0.05625279999981103,,,expected HNP vector failed embedding validation
12,0.05,40,1067,100,0.9979166388511658,0.9750000238418579,39,True,False,,0.05603579900002842,,,expected HNP vector failed embedding validation
12,0.1,40,1067,100,0.9979166388511658,0.9750000238418579,39,True,False,,0.05571559999998499,,,expected HNP vector failed embedding validation
12,0.15,40,1067,100,0.9958333373069763,0.949999988079071,38,True,False,,0.05533309999987068,,,expected HNP vector failed embedding validation
12,0.2,40,1067,100,0.9729166626930237,0.7749999761581421,31,True,False,,0.05562629999985802,,,expected HNP vector failed embedding validation
14,0.0,40,1067,100,1.0,1.0,40,True,True,fpylll,0.0579874000000018,0.05739610000000539,,
14,0.05,40,1067,100,1.0,1.0,40,True,True,fpylll,0.05697250000002896,0.056820299000037267,,
14,0.1,40,1067,100,1.0,1.0,40,True,True,fpylll,0.05702300000007199,0.05677370000012161,,
14,0.15,40,1067,100,0.9910714030265808,0.875,35,True,False,,0.05698989999996229,,,expected HNP vector failed embedding validation
14,0.2,40,1067,100,0.9714285731315613,0.699999988079071,28,True,False,,0.057270200000175464,,,expected HNP vector failed embedding validation
8,0.0,40,1068,100,0.9906250238418579,0.925000011920929,37,False,False,,0.056172699999933684,,,expected HNP vector failed embedding validation
8,0.05,40,1068,100,1.0,1.0,40,False,False,fpylll,0.05629950000002282,0.055918000000019674,,
8,0.1,40,1068,100,0.996874988079071,0.9750000238418579,39,False,False,,0.05625889900011316,,,expected HNP vector failed embedding validation
8,0.15,40,1068,100,0.9937499761581421,0.949999988079071,38,False,False,,0.056760599999961414,,,expected HNP vector failed embedding validation
8,0.2,40,1068,100,0.9437500238418579,0.625,25,False,False,,0.057025299999850176,,,expected HNP vector failed embedding validation
10,0.0,40,1068,100,1.0,1.0,40,True,True,fpylll,0.057091299999910916,0.05671200000006138,,
10,0.05,40,1068,100,1.0,1.0,40,True,True,fpylll,0.05693500000006679,0.056743399999959365,,
10,0.1,40,1068,100,1.0,1.0,40,True,True,fpylll,0.05687080000006972,0.05685440000002018,,
10,0.15,40,1068,100,0.9925000071525574,0.925000011920929,37,True,False,,0.05688299999997071,,,expected HNP vector failed embedding validation
10,0.2,40,1068,100,0.9775000214576721,0.824999988079071,33,True,False,,0.05697989999998754,,,expected HNP vector failed embedding validation
12,0.0,40,1068,100,0.9979166388511658,0.9750000238418579,39,True,False,,0.056538499999987835,,,expected HNP vector failed embedding validation
12,0.05,40,1068,100,1.0,1.0,40,True,True,fpylll,0.05724099999997634,0.05757579999999507,,
12,0.1,40,1068,100,1.0,1.0,40,True,True,fpylll,0.05627820000017891,0.05619470000010551,,
12,0.15,40,1068,100,0.9895833134651184,0.8999999761581421,36,True,False,,0.05666959999985011,,,expected HNP vector failed embedding validation
12,0.2,40,1068,100,0.9750000238418579,0.7749999761581421,31,True,False,,0.056661199000018314,,,expected HNP vector failed embedding validation
14,0.0,40,1068,100,1.0,1.0,40,True,True,fpylll,0.05838479999988522,0.05784440000002178,,
14,0.05,40,1068,100,1.0,1.0,40,True,True,fpylll,0.05822049999983392,0.058564599999954225,,
14,0.1,40,1068,100,1.0,1.0,40,True,True,fpylll,0.05864050000013776,0.05826810000007754,,
14,0.15,40,1068,100,0.9910714030265808,0.875,35,True,False,,0.059427598999945985,,,expected HNP vector failed embedding validation
14,0.2,40,1068,100,0.9696428775787354,0.675000011920929,27,True,False,,0.05892000000017106,,,expected HNP vector failed embedding validation
8,0.0,40,1069,100,0.9937499761581421,0.949999988079071,38,False,False,,0.05661520000012388,,,expected HNP vector failed embedding validation
8,0.05,40,1069,100,0.996874988079071,0.9750000238418579,39,False,False,,0.05654299999991963,,,expected HNP vector failed embedding validation
8,0.1,40,1069,100,0.996874988079071,0.9750000238418579,39,False,False,,0.05679720000011912,,,expected HNP vector failed embedding validation
8,0.15,40,1069,100,0.9906250238418579,0.925000011920929,37,False,False,,0.05861919999983911,,,expected HNP vector failed embedding validation
8,0.2,40,1069,100,0.9781249761581421,0.8500000238418579,34,False,False,,0.05682230000002164,,,expected HNP vector failed embedding validation
10,0.0,40,1069,100,1.0,1.0,40,True,True,fpylll,0.05723560000001271,0.056863600000042425,,
10,0.05,40,1069,100,0.987500011920929,0.875,35,True,False,,0.05726449999997385,,,expected HNP vector failed embedding validation
10,0.1,40,1069,100,0.9975000023841858,0.9750000238418579,39,True,False,,0.05722820000005413,,,expected HNP vector failed embedding validation
10,0.15,40,1069,100,0.9850000143051147,0.8500000238418579,34,True,False,,0.05733600000007755,,,expected HNP vector failed embedding validation
10,0.2,40,1069,100,0.9725000262260437,0.75,30,True,False,,0.0583440000000337,,,expected HNP vector failed embedding validation
12,0.0,40,1069,100,1.0,1.0,40,True,True,fpylll,0.056844100000034814,0.05692159999989599,,
12,0.05,40,1069,100,0.9979166388511658,0.9750000238418579,39,True,False,,0.057144300000118164,,,expected HNP vector failed embedding validation
12,0.1,40,1069,100,1.0,1.0,40,True,True,fpylll,0.057196400000066205,0.05676240000002508,,
12,0.15,40,1069,100,0.9770833253860474,0.7749999761581421,31,True,False,,0.05677230000014788,,,expected HNP vector failed embedding validation
12,0.2,40,1069,100,0.9770833253860474,0.75,30,True,False,,0.05722709999986364,,,expected HNP vector failed embedding validation
14,0.0,40,1069,100,1.0,1.0,40,True,True,fpylll,0.056890199999998003,0.05645209999988765,,
14,0.05,40,1069,100,1.0,1.0,40,True,True,fpylll,0.056729000000132146,0.056496800000104486,,
14,0.1,40,1069,100,1.0,1.0,40,True,True,fpylll,0.05892210000001796,0.056855799999993906,,
14,0.15,40,1069,100,0.9982143044471741,0.9750000238418579,39,True,False,,0.05707849999998871,,,expected HNP vector failed embedding validation
14,0.2,40,1069,100,0.9803571701049805,0.7749999761581421,31,True,False,,0.05765370000017356,,,expected HNP vector failed embedding validation
8,0.0,40,1070,100,1.0,1.0,40,False,False,fpylll,0.05525990000001002,0.05635320000010324,,
8,0.05,40,1070,100,1.0,1.0,40,False,False,fpylll,0.054857300000094256,0.05492999999978565,,
8,0.1,40,1070,100,0.981249988079071,0.8500000238418579,34,False,False,,0.05546830000002956,,,expected HNP vector failed embedding validation
8,0.15,40,1070,100,0.9906250238418579,0.949999988079071,38,False,False,,0.055363100000022314,,,expected HNP vector failed embedding validation
8,0.2,40,1070,100,0.956250011920929,0.7250000238418579,29,False,False,,0.05576429999996435,,,expected HNP vector failed embedding validation
10,0.0,40,1070,100,1.0,1.0,40,True,True,fpylll,0.058234500000025946,0.05773640000006708,,
10,0.05,40,1070,100,1.0,1.0,40,True,True,fpylll,0.06005430000004708,0.05769600000007813,,
10,0.1,40,1070,100,1.0,1.0,40,True,True,fpylll,0.05794029999992745,0.057584700000006706,,
10,0.15,40,1070,100,0.9900000095367432,0.925000011920929,37,True,False,,0.06037579999997433,,,expected HNP vector failed embedding validation
10,0.2,40,1070,100,0.9725000262260437,0.824999988079071,33,True,False,,0.05805410000016309,,,expected HNP vector failed embedding validation
12,0.0,40,1070,100,1.0,1.0,40,True,True,fpylll,0.0562996999999541,0.056148200000052384,,
12,0.05,40,1070,100,0.9958333373069763,0.949999988079071,38,True,False,,0.05635830000005626,,,expected HNP vector failed embedding validation
12,0.1,40,1070,100,0.9958333373069763,0.949999988079071,38,True,False,,0.056676100000004226,,,expected HNP vector failed embedding validation
12,0.15,40,1070,100,0.9916666746139526,0.925000011920929,37,True,False,,0.060323199999857025,,,expected HNP vector failed embedding validation
12,0.2,40,1070,100,0.9708333611488342,0.75,30,True,False,,0.057060399999954825,,,expected HNP vector failed embedding validation
14,0.0,40,1070,100,1.0,1.0,40,True,True,fpylll,0.05688379999992321,0.05662150000011934,,
14,0.05,40,1070,100,1.0,1.0,40,True,True,fpylll,0.05682440000009592,0.05757839900002182,,
14,0.1,40,1070,100,1.0,1.0,40,True,True,fpylll,0.057262999999920794,0.056948700000020835,,
14,0.15,40,1070,100,0.9928571581840515,0.925000011920929,37,True,False,,0.057190199000160646,,,expected HNP vector failed embedding validation
14,0.2,40,1070,100,0.9660714268684387,0.699999988079071,28,True,False,,0.056852598999967086,,,expected HNP vector failed embedding validation
8,0.0,40,1071,100,1.0,1.0,40,False,False,fpylll,0.05622039899981246,0.056456498999978066,,
8,0.05,40,1071,100,1.0,1.0,40,False,False,fpylll,0.05654840000011063,0.05609789999994064,,
8,0.1,40,1071,100,1.0,1.0,40,False,False,fpylll,0.056596898999941914,0.05711859899997762,,
8,0.15,40,1071,100,0.984375,0.8999999761581421,36,False,False,,0.056509998999899835,,,expected HNP vector failed embedding validation
8,0.2,40,1071,100,0.9781249761581421,0.875,35,False,False,,0.05660679900006471,,,expected HNP vector failed embedding validation
10,0.0,40,1071,100,1.0,1.0,40,True,True,fpylll,0.05790739899998698,0.05746209899984933,,
10,0.05,40,1071,100,0.9975000023841858,0.9750000238418579,39,True,False,,0.05764979900004619,,,expected HNP vector failed embedding validation
10,0.1,40,1071,100,0.9975000023841858,0.9750000238418579,39,True,False,,0.05931679900004383,,,expected HNP vector failed embedding validation
10,0.15,40,1071,100,0.9800000190734863,0.824999988079071,33,True,False,,0.05751209999993989,,,expected HNP vector failed embedding validation
10,0.2,40,1071,100,0.9674999713897705,0.800000011920929,32,True,False,,0.05839279999986502,,,expected HNP vector failed embedding validation
12,0.0,40,1071,100,0.9916666746139526,0.8999999761581421,36,True,False,,0.05546599900003457,,,expected HNP vector failed embedding validation
12,0.05,40,1071,100,0.9958333373069763,0.949999988079071,38,True,False,,0.05579359999978806,,,expected HNP vector failed embedding validation
12,0.1,40,1071,100,0.9833333492279053,0.800000011920929,32,True,False,,0.05594550000000709,,,expected HNP vector failed embedding validation
12,0.15,40,1071,100,0.987500011920929,0.875,35,True,False,,0.05522990000008576,,,expected HNP vector failed embedding validation
12,0.2,40,1071,100,0.9770833253860474,0.824999988079071,33,True,False,,0.05556190000015704,,,expected HNP vector failed embedding validation
14,0.0,40,1071,100,0.9982143044471741,0.9750000238418579,39,True,False,,0.05684109899993928,,,expected HNP vector failed embedding validation
14,0.05,40,1071,100,1.0,1.0,40,True,True,fpylll,0.05702849999988757,0.057051300000011906,,
14,0.1,40,1071,100,0.9964285492897034,0.949999988079071,38,True,False,,0.05648489999998674,,,expected HNP vector failed embedding validation
14,0.15,40,1071,100,0.9982143044471741,0.9750000238418579,39,True,False,,0.05735600000002705,,,expected HNP vector failed embedding validation
14,0.2,40,1071,100,0.9696428775787354,0.675000011920929,27,True,False,,0.0571664999999939,,,expected HNP vector failed embedding validation
8,0.0,40,1072,100,1.0,1.0,40,False,False,fpylll,0.05531449899990548,0.0545079999999416,,
8,0.05,40,1072,100,0.996874988079071,0.9750000238418579,39,False,False,,0.054932300000018586,,,expected HNP vector failed embedding validation
8,0.1,40,1072,100,0.987500011920929,0.8999999761581421,36,False,False,,0.05518480000000636,,,expected HNP vector failed embedding validation
8,0.15,40,1072,100,0.984375,0.8999999761581421,36,False,False,,0.0552328999999645,,,expected HNP vector failed embedding validation
8,0.2,40,1072,100,0.9750000238418579,0.824999988079071,33,False,False,,0.055341799999951036,,,expected HNP vector failed embedding validation
10,0.0,40,1072,100,1.0,1.0,40,True,True,fpylll,0.05653239899993423,0.056065498999942065,,
10,0.05,40,1072,100,1.0,1.0,40,True,True,fpylll,0.05636469899991425,0.05714109899986397,,
10,0.1,40,1072,100,0.9950000047683716,0.949999988079071,38,True,False,,0.0575879000000441,,,expected HNP vector failed embedding validation
10,0.15,40,1072,100,0.9925000071525574,0.925000011920929,37,True,False,,0.05647059900002205,,,expected HNP vector failed embedding validation
10,0.2,40,1072,100,0.9825000166893005,0.8500000238418579,34,True,False,,0.056560198999932254,,,expected HNP vector failed embedding validation
12,0.0,40,1072,100,0.9979166388511658,0.9750000238418579,39,True,False,,0.05815509900003235,,,expected HNP vector failed embedding validation
12,0.05,40,1072,100,1.0,1.0,40,True,True,fpylll,0.057867599000019254,0.057627200000069934,,
12,0.1,40,1072,100,0.9958333373069763,0.949999988079071,38,True,False,,0.05833239899993714,,,expected HNP vector failed embedding validation
12,0.15,40,1072,100,0.9854166507720947,0.824999988079071,33,True,False,,0.058256899000070916,,,expected HNP vector failed embedding validation
12,0.2,40,1072,100,0.9791666865348816,0.7749999761581421,31,True,False,,0.05779239899993627,,,expected HNP vector failed embedding validation
14,0.0,40,1072,100,1.0,1.0,40,True,True,fpylll,0.05705529900001238,0.05678190000003269,,
14,0.05,40,1072,100,0.9964285492897034,0.949999988079071,38,True,False,,0.057262899000079415,,,expected HNP vector failed embedding validation
14,0.1,40,1072,100,0.9982143044471741,0.9750000238418579,39,True,False,,0.05698639999991428,,,expected HNP vector failed embedding validation
14,0.15,40,1072,100,0.9857142567634583,0.800000011920929,32,True,False,,0.05696979999993346,,,expected HNP vector failed embedding validation
14,0.2,40,1072,100,0.9785714149475098,0.75,30,True,False,,0.05751149999991867,,,expected HNP vector failed embedding validation
8,0.0,40,1073,100,1.0,1.0,40,False,False,fpylll,0.05610919999980979,0.05537889900006121,,
8,0.05,40,1073,100,0.996874988079071,0.9750000238418579,39,False,False,,0.05589119999990544,,,expected HNP vector failed embedding validation
8,0.1,40,1073,100,1.0,1.0,40,False,False,fpylll,0.0564555000000837,0.05733559999998761,,
8,0.15,40,1073,100,0.9781249761581421,0.8999999761581421,36,False,False,,0.05676140000014129,,,expected HNP vector failed embedding validation
8,0.2,40,1073,100,0.9624999761581421,0.800000011920929,32,False,False,,0.0559483999998065,,,expected HNP vector failed embedding validation
10,0.0,40,1073,100,1.0,1.0,40,True,True,fpylll,0.057078600000068036,0.05772979900007158,,
10,0.05,40,1073,100,1.0,1.0,40,True,True,fpylll,0.0573063000001639,0.057033499999988635,,
10,0.1,40,1073,100,0.9975000023841858,0.9750000238418579,39,True,False,,0.057117599999855884,,,expected HNP vector failed embedding validation
10,0.15,40,1073,100,0.987500011920929,0.875,35,True,False,,0.05701609999982793,,,expected HNP vector failed embedding validation
10,0.2,40,1073,100,0.9750000238418579,0.824999988079071,33,True,False,,0.05754790000014509,,,expected HNP vector failed embedding validation
12,0.0,40,1073,100,1.0,1.0,40,True,True,fpylll,0.058959999999842694,0.059460100000023886,,
12,0.05,40,1073,100,0.9979166388511658,0.9750000238418579,39,True,False,,0.05916959899991525,,,expected HNP vector failed embedding validation
12,0.1,40,1073,100,0.9979166388511658,0.9750000238418579,39,True,False,,0.05919260000018767,,,expected HNP vector failed embedding validation
12,0.15,40,1073,100,0.987500011920929,0.875,35,True,False,,0.06256649900001321,,,expected HNP vector failed embedding validation
12,0.2,40,1073,100,0.9645833373069763,0.675000011920929,27,True,False,,0.06067680000001019,,,expected HNP vector failed embedding validation
14,0.0,40,1073,100,0.9982143044471741,0.9750000238418579,39,True,False,,0.058847000000014305,,,expected HNP vector failed embedding validation
14,0.05,40,1073,100,0.9982143044471741,0.9750000238418579,39,True,False,,0.05801130000008925,,,expected HNP vector failed embedding validation
14,0.1,40,1073,100,0.9982143044471741,0.9750000238418579,39,True,False,,0.05786339999986012,,,expected HNP vector failed embedding validation
14,0.15,40,1073,100,0.9892857074737549,0.8500000238418579,34,True,False,,0.05841270000018994,,,expected HNP vector failed embedding validation
14,0.2,40,1073,100,0.9714285731315613,0.699999988079071,28,True,False,,0.059361900000112655,,,expected HNP vector failed embedding validation
8,0.0,40,1074,100,1.0,1.0,40,False,False,fpylll,0.05400269999995544,0.0542692999999872,,
8,0.05,40,1074,100,1.0,1.0,40,False,False,fpylll,0.054225999999971464,0.054372699999930774,,
8,0.1,40,1074,100,1.0,1.0,40,False,False,fpylll,0.05453699999998207,0.05421630000000732,,
8,0.15,40,1074,100,0.9906250238418579,0.925000011920929,37,False,False,,0.054540000000088185,,,expected HNP vector failed embedding validation
8,0.2,40,1074,100,0.9750000238418579,0.824999988079071,33,False,False,,0.056183200000077704,,,expected HNP vector failed embedding validation
10,0.0,40,1074,100,0.9975000023841858,0.9750000238418579,39,True,False,,0.05774829999995745,,,expected HNP vector failed embedding validation
10,0.05,40,1074,100,1.0,1.0,40,True,True,fpylll,0.05813269999998738,0.058897500000057335,,
10,0.1,40,1074,100,1.0,1.0,40,True,True,fpylll,0.05827759999988302,0.05791090099978646,,
10,0.15,40,1074,100,0.9950000047683716,0.949999988079071,38,True,False,,0.057881401000031474,,,expected HNP vector failed embedding validation
10,0.2,40,1074,100,0.9800000190734863,0.824999988079071,33,True,False,,0.058672901000136335,,,expected HNP vector failed embedding validation
12,0.0,40,1074,100,1.0,1.0,40,True,True,fpylll,0.05658380099998794,0.05659990000003745,,
12,0.05,40,1074,100,1.0,1.0,40,True,True,fpylll,0.05686869999999544,0.05683649999991758,,
12,0.1,40,1074,100,1.0,1.0,40,True,True,fpylll,0.056457299999919996,0.057393199999978606,,
12,0.15,40,1074,100,0.9979166388511658,0.9750000238418579,39,True,False,,0.05694800099990971,,,expected HNP vector failed embedding validation
12,0.2,40,1074,100,0.9750000238418579,0.75,30,True,False,,0.056771899999830566,,,expected HNP vector failed embedding validation
14,0.0,40,1074,100,1.0,1.0,40,True,True,fpylll,0.05867280000006758,0.05917020099991532,,
14,0.05,40,1074,100,0.9946428537368774,0.925000011920929,37,True,False,,0.0618884010000329,,,expected HNP vector failed embedding validation
14,0.1,40,1074,100,1.0,1.0,40,True,True,fpylll,0.058331999999836626,0.05978340100000423,,
14,0.15,40,1074,100,0.9928571581840515,0.8999999761581421,36,True,False,,0.05861989999993966,,,expected HNP vector failed embedding validation
14,0.2,40,1074,100,0.9803571701049805,0.800000011920929,32,True,False,,0.05907539999998335,,,expected HNP vector failed embedding validation
8,0.0,40,1075,100,1.0,1.0,40,False,False,fpylll,0.06055130000004283,0.058290999999826454,,
8,0.05,40,1075,100,0.996874988079071,0.9750000238418579,39,False,False,,0.05890480000016396,,,expected HNP vector failed embedding validation
8,0.1,40,1075,100,0.9781249761581421,0.824999988079071,33,False,False,,0.059972199999947406,,,expected HNP vector failed embedding validation
8,0.15,40,1075,100,0.984375,0.875,35,False,False,,0.05813499999999294,,,expected HNP vector failed embedding validation
8,0.2,40,1075,100,0.9593750238418579,0.7250000238418579,29,False,False,,0.058009999999967476,,,expected HNP vector failed embedding validation
10,0.0,40,1075,100,1.0,1.0,40,True,True,fpylll,0.05765250000013111,0.05741899999998168,,
10,0.05,40,1075,100,1.0,1.0,40,True,True,fpylll,0.05780690000005961,0.057228599999916696,,
10,0.1,40,1075,100,1.0,1.0,40,True,True,fpylll,0.06422020000013617,0.05778980000013689,,
10,0.15,40,1075,100,1.0,1.0,40,True,True,fpylll,0.059834899999941626,0.05569560000003548,,
10,0.2,40,1075,100,0.9674999713897705,0.7250000238418579,29,True,False,,0.05778059999988727,,,expected HNP vector failed embedding validation
12,0.0,40,1075,100,0.9979166388511658,0.9750000238418579,39,True,False,,0.05738739999992504,,,expected HNP vector failed embedding validation
12,0.05,40,1075,100,1.0,1.0,40,True,True,fpylll,0.056917099999964194,0.057102799999938725,,
12,0.1,40,1075,100,1.0,1.0,40,True,True,fpylll,0.057494200000064666,0.05758209999999053,,
12,0.15,40,1075,100,1.0,1.0,40,True,True,fpylll,0.05851460000008046,0.05761469999993096,,
12,0.2,40,1075,100,0.987500011920929,0.8500000238418579,34,True,False,,0.05722479999985808,,,expected HNP vector failed embedding validation
14,0.0,40,1075,100,0.9982143044471741,0.9750000238418579,39,True,False,,0.059330499999987296,,,expected HNP vector failed embedding validation
14,0.05,40,1075,100,1.0,1.0,40,True,True,fpylll,0.05722379999997429,0.05676909999988311,,
14,0.1,40,1075,100,1.0,1.0,40,True,True,fpylll,0.0565475000000788,0.05606020000004719,,
14,0.15,40,1075,100,0.9982143044471741,0.9750000238418579,39,True,False,,0.05727019999994809,,,expected HNP vector failed embedding validation
14,0.2,40,1075,100,0.9750000238418579,0.699999988079071,28,True,False,,0.05731340000011187,,,expected HNP vector failed embedding validation
8,0.0,40,1076,100,0.996874988079071,0.9750000238418579,39,False,False,,0.05670490000011341,,,expected HNP vector failed embedding validation
8,0.05,40,1076,100,0.9937499761581421,0.949999988079071,38,False,False,,0.05655290000004243,,,expected HNP vector failed embedding validation
8,0.1,40,1076,100,0.987500011920929,0.8999999761581421,36,False,False,,0.05853390000015679,,,expected HNP vector failed embedding validation
8,0.15,40,1076,100,0.9750000238418579,0.800000011920929,32,False,False,,0.05642020000004777,,,expected HNP vector failed embedding validation
8,0.2,40,1076,100,0.965624988079071,0.7250000238418579,29,False,False,,0.05691269999988435,,,expected HNP vector failed embedding validation
10,0.0,40,1076,100,0.9975000023841858,0.9750000238418579,39,True,False,,0.05588319999992564,,,expected HNP vector failed embedding validation
10,0.05,40,1076,100,0.9975000023841858,0.9750000238418579,39,True,False,,0.05752810000012687,,,expected HNP vector failed embedding validation
10,0.1,40,1076,100,1.0,1.0,40,True,True,fpylll,0.05706580000014583,0.05798929999991742,,
10,0.15,40,1076,100,0.9950000047683716,0.949999988079071,38,True,False,,0.057222899999942456,,,expected HNP vector failed embedding validation
10,0.2,40,1076,100,0.9700000286102295,0.699999988079071,28,True,False,,0.0567834999999377,,,expected HNP vector failed embedding validation
12,0.0,40,1076,100,0.9895833134651184,0.875,35,True,False,,0.059500399999933506,,,expected HNP vector failed embedding validation
12,0.05,40,1076,100,0.9833333492279053,0.800000011920929,32,True,False,,0.057542700000112745,,,expected HNP vector failed embedding validation
12,0.1,40,1076,100,0.987500011920929,0.875,35,True,False,,0.05773610000005647,,,expected HNP vector failed embedding validation
12,0.15,40,1076,100,0.9854166507720947,0.824999988079071,33,True,False,,0.057831599999872196,,,expected HNP vector failed embedding validation
12,0.2,40,1076,100,0.9708333611488342,0.675000011920929,27,True,False,,0.05876030000013088,,,expected HNP vector failed embedding validation
14,0.0,40,1076,100,1.0,1.0,40,True,True,fpylll,0.056588199999850985,0.05587599999989834,,
14,0.05,40,1076,100,1.0,1.0,40,True,True,fpylll,0.05622099999982311,0.05619010000009439,,
14,0.1,40,1076,100,0.9964285492897034,0.949999988079071,38,True,False,,0.0558458000000428,,,expected HNP vector failed embedding validation
14,0.15,40,1076,100,0.9839285612106323,0.800000011920929,32,True,False,,0.056168899999875066,,,expected HNP vector failed embedding validation
14,0.2,40,1076,100,0.9696428775787354,0.675000011920929,27,True,False,,0.05596690000015769,,,expected HNP vector failed embedding validation
8,0.0,40,1077,100,1.0,1.0,40,False,False,fpylll,0.05830530000002909,0.05761269999993601,,
8,0.05,40,1077,100,0.9906250238418579,0.949999988079071,38,False,False,,0.057441299999936746,,,expected HNP vector failed embedding validation
8,0.1,40,1077,100,0.996874988079071,0.9750000238418579,39,False,False,,0.05793979999998555,,,expected HNP vector failed embedding validation
8,0.15,40,1077,100,0.981249988079071,0.8999999761581421,36,False,False,,0.058160799999996016,,,expected HNP vector failed embedding validation
8,0.2,40,1077,100,0.9624999761581421,0.824999988079071,33,False,False,,0.057580299999926865,,,expected HNP vector failed embedding validation
10,0.0,40,1077,100,1.0,1.0,40,True,True,fpylll,0.05885850000004211,0.05888879999997698,,
10,0.05,40,1077,100,0.9950000047683716,0.949999988079071,38,True,False,,0.056776800000079675,,,expected HNP vector failed embedding validation
10,0.1,40,1077,100,0.9925000071525574,0.925000011920929,37,True,False,,0.056492400000024645,,,expected HNP vector failed embedding validation
10,0.15,40,1077,100,0.9800000190734863,0.875,35,True,False,,0.056649200000038036,,,expected HNP vector failed embedding validation
10,0.2,40,1077,100,0.9574999809265137,0.7250000238418579,29,True,False,,0.05687560000001213,,,expected HNP vector failed embedding validation
12,0.0,40,1077,100,1.0,1.0,40,True,True,fpylll,0.05692500000009204,0.05620120000003226,,
12,0.05,40,1077,100,0.9937499761581421,0.949999988079071,38,True,False,,0.0570981999999276,,,expected HNP vector failed embedding validation
12,0.1,40,1077,100,0.9937499761581421,0.949999988079071,38,True,False,,0.05699090000007345,,,expected HNP vector failed embedding validation
12,0.15,40,1077,100,0.981249988079071,0.8500000238418579,34,True,False,,0.0581577999998899,,,expected HNP vector failed embedding validation
12,0.2,40,1077,100,0.949999988079071,0.625,25,True,False,,0.05753780000009101,,,expected HNP vector failed embedding validation
14,0.0,40,1077,100,1.0,1.0,40,True,True,fpylll,0.05908769999996366,0.060229800000115574,,
14,0.05,40,1077,100,1.0,1.0,40,True,True,fpylll,0.060111300000016854,0.059857899999997244,,
14,0.1,40,1077,100,1.0,1.0,40,True,True,fpylll,0.05904710000004343,0.05881410000006326,,
14,0.15,40,1077,100,0.9785714149475098,0.824999988079071,33,True,False,,0.05904150000014852,,,expected HNP vector failed embedding validation
14,0.2,40,1077,100,0.949999988079071,0.625,25,True,False,,0.05895170100006908,,,expected HNP vector failed embedding validation
8,0.0,40,1078,100,1.0,1.0,40,False,False,fpylll,0.054964599999948405,0.05670379999992292,,
8,0.05,40,1078,100,0.9937499761581421,0.949999988079071,38,False,False,,0.055945900000097026,,,expected HNP vector failed embedding validation
8,0.1,40,1078,100,1.0,1.0,40,False,False,fpylll,0.055754200000137644,0.05479809999997087,,
8,0.15,40,1078,100,0.987500011920929,0.8999999761581421,36,False,False,,0.05615029999989929,,,expected HNP vector failed embedding validation
8,0.2,40,1078,100,0.965624988079071,0.75,30,False,False,,0.05480400000010377,,,expected HNP vector failed embedding validation
10,0.0,40,1078,100,1.0,1.0,40,True,True,fpylll,0.05887839999991229,0.05855559999986326,,
10,0.05,40,1078,100,1.0,1.0,40,True,True,fpylll,0.05905050000001211,0.058641699999952834,,
10,0.1,40,1078,100,1.0,1.0,40,True,True,fpylll,0.05861179999988053,0.05827669999985119,,
10,0.15,40,1078,100,0.9925000071525574,0.925000011920929,37,True,False,,0.05841259999988324,,,expected HNP vector failed embedding validation
10,0.2,40,1078,100,0.9725000262260437,0.7749999761581421,31,True,False,,0.060037599999986924,,,expected HNP vector failed embedding validation
12,0.0,40,1078,100,1.0,1.0,40,True,True,fpylll,0.05763119999983246,0.057413100000076156,,
12,0.05,40,1078,100,0.9979166388511658,0.9750000238418579,39,True,False,,0.05789059999983692,,,expected HNP vector failed embedding validation
12,0.1,40,1078,100,1.0,1.0,40,True,True,fpylll,0.058599199999889606,0.057696800000030635,,
12,0.15,40,1078,100,0.9916666746139526,0.8999999761581421,36,True,False,,0.05769579999991947,,,expected HNP vector failed embedding validation
12,0.2,40,1078,100,0.9770833253860474,0.75,30,True,False,,0.06257129999994504,,,expected HNP vector failed embedding validation
14,0.0,40,1078,100,0.9964285492897034,0.949999988079071,38,True,False,,0.05638120000003255,,,expected HNP vector failed embedding validation
14,0.05,40,1078,100,0.9892857074737549,0.875,35,True,False,,0.05621829999995498,,,expected HNP vector failed embedding validation
14,0.1,40,1078,100,0.9982143044471741,0.9750000238418579,39,True,False,,0.06054960000005849,,,expected HNP vector failed embedding validation
14,0.15,40,1078,100,0.9946428537368774,0.925000011920929,37,True,False,,0.056293500000037966,,,expected HNP vector failed embedding validation
14,0.2,40,1078,100,0.9732142686843872,0.675000011920929,27,True,False,,0.0584372999999232,,,expected HNP vector failed embedding validation
8,0.0,40,1079,100,0.984375,0.875,35,False,False,,0.05615880000004836,,,expected HNP vector failed embedding validation
8,0.05,40,1079,100,1.0,1.0,40,False,False,fpylll,0.05638629999998557,0.05639470000005531,,
8,0.1,40,1079,100,1.0,1.0,40,False,False,fpylll,0.05754400099999657,0.056464699999878576,,
8,0.15,40,1079,100,0.971875011920929,0.800000011920929,32,False,False,,0.05764199999998709,,,expected HNP vector failed embedding validation
8,0.2,40,1079,100,0.956250011920929,0.699999988079071,28,False,False,,0.05668089999994663,,,expected HNP vector failed embedding validation
10,0.0,40,1079,100,0.9950000047683716,0.949999988079071,38,True,False,,0.05523850099984884,,,expected HNP vector failed embedding validation
10,0.05,40,1079,100,0.9950000047683716,0.949999988079071,38,True,False,,0.05514370100013366,,,expected HNP vector failed embedding validation
10,0.1,40,1079,100,1.0,1.0,40,True,True,fpylll,0.057364300000017465,0.05578700000000936,,
10,0.15,40,1079,100,0.987500011920929,0.875,35,True,False,,0.0554422010000053,,,expected HNP vector failed embedding validation
10,0.2,40,1079,100,0.9725000262260437,0.7749999761581421,31,True,False,,0.056170699999938734,,,expected HNP vector failed embedding validation
12,0.0,40,1079,100,0.9979166388511658,0.9750000238418579,39,True,False,,0.05700609899986375,,,expected HNP vector failed embedding validation
12,0.05,40,1079,100,1.0,1.0,40,True,True,fpylll,0.05620789799991144,0.056336098999963724,,
12,0.1,40,1079,100,0.9979166388511658,0.9750000238418579,39,True,False,,0.056349498999907155,,,expected HNP vector failed embedding validation
12,0.15,40,1079,100,0.9916666746139526,0.8999999761581421,36,True,False,,0.056455098000014914,,,expected HNP vector failed embedding validation
12,0.2,40,1079,100,0.96875,0.675000011920929,27,True,False,,0.05633209899997382,,,expected HNP vector failed embedding validation
14,0.0,40,1079,100,1.0,1.0,40,True,True,fpylll,0.056764998999824456,0.05583739900021101,,
14,0.05,40,1079,100,0.9964285492897034,0.949999988079071,38,True,False,,0.05600819799974488,,,expected HNP vector failed embedding validation
14,0.1,40,1079,100,0.9982143044471741,0.9750000238418579,39,True,False,,0.055506198999864864,,,expected HNP vector failed embedding validation
14,0.15,40,1079,100,0.9892857074737549,0.8500000238418579,34,True,False,,0.05610439900010533,,,expected HNP vector failed embedding validation
14,0.2,40,1079,100,0.9678571224212646,0.675000011920929,27,True,False,,0.05729599899996174,,,expected HNP vector failed embedding validation
8,0.0,40,1080,100,1.0,1.0,40,False,False,fpylll,0.05673960000012812,0.05688740000005055,,
8,0.05,40,1080,100,1.0,1.0,40,False,False,fpylll,0.056418399999984103,0.05675840000003518,,
8,0.1,40,1080,100,1.0,1.0,40,False,False,fpylll,0.05698740000025282,0.056836599000234855,,
8,0.15,40,1080,100,0.996874988079071,0.9750000238418579,39,False,False,,0.05865089999997508,,,expected HNP vector failed embedding validation
8,0.2,40,1080,100,0.96875,0.75,30,False,False,,0.056984198999998625,,,expected HNP vector failed embedding validation
10,0.0,40,1080,100,1.0,1.0,40,True,True,fpylll,0.05726069899992581,0.05765870000004725,,
10,0.05,40,1080,100,1.0,1.0,40,True,True,fpylll,0.058074999999917054,0.058069099000022106,,
10,0.1,40,1080,100,1.0,1.0,40,True,True,fpylll,0.057874900000115304,0.05756550000023708,,
10,0.15,40,1080,100,0.9900000095367432,0.8999999761581421,36,True,False,,0.05746799999997165,,,expected HNP vector failed embedding validation
10,0.2,40,1080,100,0.9775000214576721,0.800000011920929,32,True,False,,0.05756289900000411,,,expected HNP vector failed embedding validation
12,0.0,40,1080,100,0.9979166388511658,0.9750000238418579,39,True,False,,0.05709049799997956,,,expected HNP vector failed embedding validation
12,0.05,40,1080,100,0.9958333373069763,0.949999988079071,38,True,False,,0.05857109799990212,,,expected HNP vector failed embedding validation
12,0.1,40,1080,100,1.0,1.0,40,True,True,fpylll,0.05851489799988485,0.056514499000059004,,
12,0.15,40,1080,100,0.987500011920929,0.8500000238418579,34,True,False,,0.05690579800011619,,,expected HNP vector failed embedding validation
12,0.2,40,1080,100,0.9708333611488342,0.699999988079071,28,True,False,,0.057792198000242934,,,expected HNP vector failed embedding validation
14,0.0,40,1080,100,1.0,1.0,40,True,True,fpylll,0.057227597999826685,0.05734059899987187,,
14,0.05,40,1080,100,1.0,1.0,40,True,True,fpylll,0.05754949799984388,0.057710698999926535,,
14,0.1,40,1080,100,0.9946428537368774,0.925000011920929,37,True,False,,0.05761219899977732,,,expected HNP vector failed embedding validation
14,0.15,40,1080,100,0.9910714030265808,0.875,35,True,False,,0.05742139899984977,,,expected HNP vector failed embedding validation
14,0.2,40,1080,100,0.9696428775787354,0.6499999761581421,26,True,False,,0.05782559899989792,,,expected HNP vector failed embedding validation
8,0.0,40,1081,100,1.0,1.0,40,False,False,fpylll,0.05738519900023675,0.057386798999687016,,
8,0.05,40,1081,100,0.9906250238418579,0.925000011920929,37,False,False,,0.058318499000051816,,,expected HNP vector failed embedding validation
8,0.1,40,1081,100,0.9906250238418579,0.925000011920929,37,False,False,,0.05871039900011965,,,expected HNP vector failed embedding validation
8,0.15,40,1081,100,0.9937499761581421,0.949999988079071,38,False,False,,0.05786589899980754,,,expected HNP vector failed embedding validation
8,0.2,40,1081,100,0.981249988079071,0.875,35,False,False,,0.05745949899983316,,,expected HNP vector failed embedding validation
10,0.0,40,1081,100,0.9925000071525574,0.949999988079071,38,True,False,,0.05786489899992375,,,expected HNP vector failed embedding validation
10,0.05,40,1081,100,0.9850000143051147,0.875,35,True,False,,0.057301198999994085,,,expected HNP vector failed embedding validation
10,0.1,40,1081,100,0.9950000047683716,0.949999988079071,38,True,False,,0.057989298999927996,,,expected HNP vector failed embedding validation
10,0.15,40,1081,100,0.9825000166893005,0.824999988079071,33,True,False,,0.059202398999786965,,,expected HNP vector failed embedding validation
10,0.2,40,1081,100,0.9750000238418579,0.7749999761581421,31,True,False,,0.05812109899989082,,,expected HNP vector failed embedding validation
12,0.0,40,1081,100,0.9937499761581421,0.925000011920929,37,True,False,,0.05796209900017857,,,expected HNP vector failed embedding validation
12,0.05,40,1081,100,0.9895833134651184,0.875,35,True,False,,0.058103398000184825,,,expected HNP vector failed embedding validation
12,0.1,40,1081,100,0.9958333373069763,0.949999988079071,38,True,False,,0.06044989899965003,,,expected HNP vector failed embedding validation
12,0.15,40,1081,100,0.9916666746139526,0.8999999761581421,36,True,False,,0.057549299000129395,,,expected HNP vector failed embedding validation
12,0.2,40,1081,100,0.9729166626930237,0.75,30,True,False,,0.059286499000336335,,,expected HNP vector failed embedding validation
14,0.0,40,1081,100,1.0,1.0,40,True,True,fpylll,0.057406499999615335,0.05729150100023617,,
14,0.05,40,1081,100,0.9946428537368774,0.925000011920929,37,True,False,,0.05678670100041927,,,expected HNP vector failed embedding validation
14,0.1,40,1081,100,0.9982143044471741,0.9750000238418579,39,True,False,,0.057000401000095735,,,expected HNP vector failed embedding validation
14,0.15,40,1081,100,0.9892857074737549,0.875,35,True,False,,0.05735230099980981,,,expected HNP vector failed embedding validation
14,0.2,40,1081,100,0.9732142686843872,0.75,30,True,False,,0.05653709999978673,,,expected HNP vector failed embedding validation
8,0.0,40,1082,100,0.996874988079071,0.9750000238418579,39,False,False,,0.05544370000006893,,,expected HNP vector failed embedding validation
8,0.05,40,1082,100,0.996874988079071,0.9750000238418579,39,False,False,,0.05572910000000775,,,expected HNP vector failed embedding validation
8,0.1,40,1082,100,0.996874988079071,0.9750000238418579,39,False,False,,0.0567828000002919,,,expected HNP vector failed embedding validation
8,0.15,40,1082,100,0.9906250238418579,0.925000011920929,37,False,False,,0.055396500999904674,,,expected HNP vector failed embedding validation
8,0.2,40,1082,100,0.9593750238418579,0.75,30,False,False,,0.05665200099974754,,,expected HNP vector failed embedding validation
10,0.0,40,1082,100,0.9950000047683716,0.949999988079071,38,True,False,,0.05786500000021988,,,expected HNP vector failed embedding validation
10,0.05,40,1082,100,0.9900000095367432,0.8999999761581421,36,True,False,,0.05763780000006591,,,expected HNP vector failed embedding validation
10,0.1,40,1082,100,0.9850000143051147,0.8500000238418579,34,True,False,,0.05744439999989481,,,expected HNP vector failed embedding validation
10,0.15,40,1082,100,0.987500011920929,0.875,35,True,False,,0.05785429999968983,,,expected HNP vector failed embedding validation
10,0.2,40,1082,100,0.9649999737739563,0.699999988079071,28,True,False,,0.058485698999902525,,,expected HNP vector failed embedding validation
12,0.0,40,1082,100,0.9979166388511658,0.9750000238418579,39,True,False,,0.05701369999997041,,,expected HNP vector failed embedding validation
12,0.05,40,1082,100,0.987500011920929,0.8500000238418579,34,True,False,,0.05820290000019668,,,expected HNP vector failed embedding validation
12,0.1,40,1082,100,0.9958333373069763,0.949999988079071,38,True,False,,0.05814190000000963,,,expected HNP vector failed embedding validation
12,0.15,40,1082,100,0.9833333492279053,0.800000011920929,32,True,False,,0.06328959999973449,,,expected HNP vector failed embedding validation
12,0.2,40,1082,100,0.9666666388511658,0.6499999761581421,26,True,False,,0.057302798999899096,,,expected HNP vector failed embedding validation
14,0.0,40,1082,100,1.0,1.0,40,True,True,fpylll,0.05856480000011288,0.05996489900007873,,
14,0.05,40,1082,100,0.9964285492897034,0.949999988079071,38,True,False,,0.0605729999997493,,,expected HNP vector failed embedding validation
14,0.1,40,1082,100,0.9964285492897034,0.949999988079071,38,True,False,,0.05847099899983732,,,expected HNP vector failed embedding validation
14,0.15,40,1082,100,0.9928571581840515,0.8999999761581421,36,True,False,,0.06048060000011901,,,expected HNP vector failed embedding validation
14,0.2,40,1082,100,0.9696428775787354,0.6499999761581421,26,True,False,,0.059514098999898124,,,expected HNP vector failed embedding validation
8,0.0,40,1083,100,1.0,1.0,40,False,False,fpylll,0.05700589900015984,0.056815699999788194,,
8,0.05,40,1083,100,1.0,1.0,40,False,False,fpylll,0.05724400000008245,0.058093698999982735,,
8,0.1,40,1083,100,1.0,1.0,40,False,False,fpylll,0.05782459900001413,0.05815919999986363,,
8,0.15,40,1083,100,0.9906250238418579,0.925000011920929,37,False,False,,0.06093620000001465,,,expected HNP vector failed embedding validation
8,0.2,40,1083,100,0.956250011920929,0.699999988079071,28,False,False,,0.05710719999979119,,,expected HNP vector failed embedding validation
10,0.0,40,1083,100,0.9975000023841858,0.9750000238418579,39,True,False,,0.05897289999984423,,,expected HNP vector failed embedding validation
10,0.05,40,1083,100,0.9950000047683716,0.949999988079071,38,True,False,,0.0582896000000801,,,expected HNP vector failed embedding validation
10,0.1,40,1083,100,1.0,1.0,40,True,True,fpylll,0.05960659999982454,0.058130200000050536,,
10,0.15,40,1083,100,0.9925000071525574,0.925000011920929,37,True,False,,0.058770799999820156,,,expected HNP vector failed embedding validation
10,0.2,40,1083,100,0.9725000262260437,0.75,30,True,False,,0.05891519900023923,,,expected HNP vector failed embedding validation
12,0.0,40,1083,100,0.9958333373069763,0.949999988079071,38,True,False,,0.05740460000015446,,,expected HNP vector failed embedding validation
12,0.05,40,1083,100,0.9958333373069763,0.949999988079071,38,True,False,,0.05759189999980663,,,expected HNP vector failed embedding validation
12,0.1,40,1083,100,0.9979166388511658,0.9750000238418579,39,True,False,,0.05697920000011436,,,expected HNP vector failed embedding validation
12,0.15,40,1083,100,0.9937499761581421,0.925000011920929,37,True,False,,0.05648669999982303,,,expected HNP vector failed embedding validation
12,0.2,40,1083,100,0.9750000238418579,0.7250000238418579,29,True,False,,0.05654119999962859,,,expected HNP vector failed embedding validation
14,0.0,40,1083,100,0.9982143044471741,0.9750000238418579,39,True,False,,0.05798570000024483,,,expected HNP vector failed embedding validation
14,0.05,40,1083,100,1.0,1.0,40,True,True,fpylll,0.05800500000032116,0.057749300000068615,,
14,0.1,40,1083,100,1.0,1.0,40,True,True,fpylll,0.0588793000001715,0.057725699999991775,,
14,0.15,40,1083,100,0.9910714030265808,0.875,35,True,False,,0.05807689899984325,,,expected HNP vector failed embedding validation
14,0.2,40,1083,100,0.9660714268684387,0.625,25,True,False,,0.05806089999987307,,,expected HNP vector failed embedding validation
8,0.0,40,1084,100,0.996874988079071,0.9750000238418579,39,False,False,,0.05564079900022989,,,expected HNP vector failed embedding validation
8,0.05,40,1084,100,0.996874988079071,0.9750000238418579,39,False,False,,0.05575079999971422,,,expected HNP vector failed embedding validation
8,0.1,40,1084,100,0.9906250238418579,0.925000011920929,37,False,False,,0.05790430000024571,,,expected HNP vector failed embedding validation
8,0.15,40,1084,100,0.984375,0.8999999761581421,36,False,False,,0.056038100000023405,,,expected HNP vector failed embedding validation
8,0.2,40,1084,100,0.9624999761581421,0.7250000238418579,29,False,False,,0.056844400000045425,,,expected HNP vector failed embedding validation
10,0.0,40,1084,100,1.0,1.0,40,True,True,fpylll,0.05664709899974696,0.056317500000204745,,
10,0.05,40,1084,100,1.0,1.0,40,True,True,fpylll,0.05691230000002179,0.057307200000195735,,
10,0.1,40,1084,100,0.9925000071525574,0.925000011920929,37,True,False,,0.05703080000012051,,,expected HNP vector failed embedding validation
10,0.15,40,1084,100,0.9950000047683716,0.9750000238418579,39,True,False,,0.05817329999990761,,,expected HNP vector failed embedding validation
10,0.2,40,1084,100,0.9700000286102295,0.7250000238418579,29,True,False,,0.05754819999992833,,,expected HNP vector failed embedding validation
12,0.0,40,1084,100,1.0,1.0,40,True,True,fpylll,0.05834920100005547,0.05702500000006694,,
12,0.05,40,1084,100,1.0,1.0,40,True,True,fpylll,0.05678070000021762,0.0566071009998268,,
12,0.1,40,1084,100,0.9937499761581421,0.925000011920929,37,True,False,,0.057248600000093575,,,expected HNP vector failed embedding validation
12,0.15,40,1084,100,0.9958333373069763,0.9750000238418579,39,True,False,,0.05693599999995058,,,expected HNP vector failed embedding validation
12,0.2,40,1084,100,0.9770833253860474,0.7749999761581421,31,True,False,,0.05756720099998347,,,expected HNP vector failed embedding validation
14,0.0,40,1084,100,0.9964285492897034,0.949999988079071,38,True,False,,0.05885260000013659,,,expected HNP vector failed embedding validation
14,0.05,40,1084,100,0.9946428537368774,0.925000011920929,37,True,False,,0.059952399999929185,,,expected HNP vector failed embedding validation
14,0.1,40,1084,100,1.0,1.0,40,True,True,fpylll,0.0588230010002917,0.05863439999984621,,
14,0.15,40,1084,100,0.9910714030265808,0.8999999761581421,36,True,False,,0.059229200999652676,,,expected HNP vector failed embedding validation
14,0.2,40,1084,100,0.9714285731315613,0.6499999761581421,26,True,False,,0.05882990200007043,,,expected HNP vector failed embedding validation
8,0.0,40,1085,100,0.9906250238418579,0.925000011920929,37,False,False,,0.05647360100010701,,,expected HNP vector failed embedding validation
8,0.05,40,1085,100,0.987500011920929,0.8999999761581421,36,False,False,,0.05580870199992205,,,expected HNP vector failed embedding validation
8,0.1,40,1085,100,0.984375,0.875,35,False,False,,0.05836060100000395,,,expected HNP vector failed embedding validation
8,0.15,40,1085,100,0.9781249761581421,0.824999988079071,33,False,False,,0.056303300999843486,,,expected HNP vector failed embedding validation
8,0.2,40,1085,100,0.956250011920929,0.699999988079071,28,False,False,,0.05676500100025805,,,expected HNP vector failed embedding validation
10,0.0,40,1085,100,1.0,1.0,40,True,True,fpylll,0.05844490200024666,0.05864120100022774,,
10,0.05,40,1085,100,1.0,1.0,40,True,True,fpylll,0.0584633019998364,0.06065950199990766,,
10,0.1,40,1085,100,1.0,1.0,40,True,True,fpylll,0.05841510099980951,0.05875690199991368,,
10,0.15,40,1085,100,0.9850000143051147,0.8500000238418579,34,True,False,,0.058408500000041386,,,expected HNP vector failed embedding validation
10,0.2,40,1085,100,0.9574999809265137,0.6000000238418579,24,True,False,,0.05830319999995481,,,expected HNP vector failed embedding validation
12,0.0,40,1085,100,0.9958333373069763,0.949999988079071,38,True,False,,0.05754109999998036,,,expected HNP vector failed embedding validation
12,0.05,40,1085,100,1.0,1.0,40,True,True,fpylll,0.05741119999993316,0.05822470000020985,,
12,0.1,40,1085,100,0.9979166388511658,0.9750000238418579,39,True,False,,0.05785550000018702,,,expected HNP vector failed embedding validation
12,0.15,40,1085,100,0.9833333492279053,0.824999988079071,33,True,False,,0.05786889999990308,,,expected HNP vector failed embedding validation
12,0.2,40,1085,100,0.9520833492279053,0.574999988079071,23,True,False,,0.06343180000021675,,,expected HNP vector failed embedding validation
14,0.0,40,1085,100,1.0,1.0,40,True,True,fpylll,0.059485400000085065,0.059606300000268675,,
14,0.05,40,1085,100,1.0,1.0,40,True,True,fpylll,0.05969839999988835,0.0599766999998792,,
14,0.1,40,1085,100,0.987500011920929,0.824999988079071,33,True,False,,0.060075400000187074,,,expected HNP vector failed embedding validation
14,0.15,40,1085,100,0.9803571701049805,0.7250000238418579,29,True,False,,0.05980989999989106,,,expected HNP vector failed embedding validation
14,0.2,40,1085,100,0.9517857432365417,0.5,20,True,False,,0.05961189999970884,,,expected HNP vector failed embedding validation
8,0.0,40,1086,100,0.996874988079071,0.9750000238418579,39,False,False,,0.05579059999990932,,,expected HNP vector failed embedding validation
8,0.05,40,1086,100,0.996874988079071,0.9750000238418579,39,False,False,,0.0575275999999576,,,expected HNP vector failed embedding validation
8,0.1,40,1086,100,1.0,1.0,40,False,False,fpylll,0.056270300000051066,0.05648150000024543,,
8,0.15,40,1086,100,1.0,1.0,40,False,False,fpylll,0.058521700000255805,0.05593769999995857,,
8,0.2,40,1086,100,0.9937499761581421,0.949999988079071,38,False,False,,0.056191799999851355,,,expected HNP vector failed embedding validation
10,0.0,40,1086,100,1.0,1.0,40,True,True,fpylll,0.05950050100000226,0.05879359999971712,,
10,0.05,40,1086,100,0.9975000023841858,0.9750000238418579,39,True,False,,0.0593955009999263,,,expected HNP vector failed embedding validation
10,0.1,40,1086,100,0.9975000023841858,0.9750000238418579,39,True,False,,0.05878419999999096,,,expected HNP vector failed embedding validation
10,0.15,40,1086,100,0.9900000095367432,0.8999999761581421,36,True,False,,0.05938190000006216,,,expected HNP vector failed embedding validation
10,0.2,40,1086,100,0.9825000166893005,0.824999988079071,33,True,False,,0.059821900999850186,,,expected HNP vector failed embedding validation
12,0.0,40,1086,100,1.0,1.0,40,True,True,fpylll,0.06360449999965567,0.058416700000179844,,
12,0.05,40,1086,100,1.0,1.0,40,True,True,fpylll,0.05858799999987241,0.05852370000002338,,
12,0.1,40,1086,100,0.9979166388511658,0.9750000238418579,39,True,False,,0.05983920100015894,,,expected HNP vector failed embedding validation
12,0.15,40,1086,100,0.9895833134651184,0.875,35,True,False,,0.0585070000001906,,,expected HNP vector failed embedding validation
12,0.2,40,1086,100,0.981249988079071,0.800000011920929,32,True,False,,0.06012060000011843,,,expected HNP vector failed embedding validation
14,0.0,40,1086,100,0.9964285492897034,0.949999988079071,38,True,False,,0.057484199999635166,,,expected HNP vector failed embedding validation
14,0.05,40,1086,100,0.9982143044471741,0.9750000238418579,39,True,False,,0.05719830099997125,,,expected HNP vector failed embedding validation
14,0.1,40,1086,100,1.0,1.0,40,True,True,fpylll,0.05725560000018959,0.05687540100007027,,
14,0.15,40,1086,100,0.9946428537368774,0.925000011920929,37,True,False,,0.05748550099997374,,,expected HNP vector failed embedding validation
14,0.2,40,1086,100,0.9803571701049805,0.75,30,True,False,,0.06333770099990943,,,expected HNP vector failed embedding validation
8,0.0,40,1087,100,1.0,1.0,40,False,False,fpylll,0.05586180099999183,0.055577599999651284,,
8,0.05,40,1087,100,1.0,1.0,40,False,False,fpylll,0.05550459999994928,0.055452900999625854,,
8,0.1,40,1087,100,1.0,1.0,40,False,False,fpylll,0.05664990000013859,0.05556290100003025,,
8,0.15,40,1087,100,0.9906250238418579,0.925000011920929,37,False,False,,0.055944401000033395,,,expected HNP vector failed embedding validation
8,0.2,40,1087,100,0.971875011920929,0.824999988079071,33,False,False,,0.05580000000009022,,,expected HNP vector failed embedding validation
10,0.0,40,1087,100,0.9950000047683716,0.949999988079071,38,True,False,,0.058173100000203704,,,expected HNP vector failed embedding validation
10,0.05,40,1087,100,0.9975000023841858,0.9750000238418579,39,True,False,,0.06113050000021758,,,expected HNP vector failed embedding validation
10,0.1,40,1087,100,1.0,1.0,40,True,True,fpylll,0.05687530000022889,0.05678159999979471,,
10,0.15,40,1087,100,0.9900000095367432,0.8999999761581421,36,True,False,,0.05689410000013595,,,expected HNP vector failed embedding validation
10,0.2,40,1087,100,0.9775000214576721,0.824999988079071,33,True,False,,0.05679920000011407,,,expected HNP vector failed embedding validation
12,0.0,40,1087,100,0.9958333373069763,0.949999988079071,38,True,False,,0.05882560000009107,,,expected HNP vector failed embedding validation
12,0.05,40,1087,100,0.9958333373069763,0.949999988079071,38,True,False,,0.06004770000026838,,,expected HNP vector failed embedding validation
12,0.1,40,1087,100,1.0,1.0,40,True,True,fpylll,0.05893339999965974,0.05889179999985572,,
12,0.15,40,1087,100,0.9854166507720947,0.824999988079071,33,True,False,,0.05913039999995817,,,expected HNP vector failed embedding validation
12,0.2,40,1087,100,0.9708333611488342,0.7250000238418579,29,True,False,,0.06168449999995573,,,expected HNP vector failed embedding validation
14,0.0,40,1087,100,0.9982143044471741,0.9750000238418579,39,True,False,,0.056770700000015495,,,expected HNP vector failed embedding validation
14,0.05,40,1087,100,0.9982143044471741,0.9750000238418579,39,True,False,,0.05566270000008444,,,expected HNP vector failed embedding validation
14,0.1,40,1087,100,1.0,1.0,40,True,True,fpylll,0.05662419999998747,0.055619999999635183,,
14,0.15,40,1087,100,0.9946428537368774,0.925000011920929,37,True,False,,0.05664299999989453,,,expected HNP vector failed embedding validation
14,0.2,40,1087,100,0.9767857193946838,0.7749999761581421,31,True,False,,0.05628819999992629,,,expected HNP vector failed embedding validation
8,0.0,40,1088,100,1.0,1.0,40,False,False,fpylll,0.058062600000084785,0.05610389999992549,,
8,0.05,40,1088,100,0.996874988079071,0.9750000238418579,39,False,False,,0.0567615999998452,,,expected HNP vector failed embedding validation
8,0.1,40,1088,100,0.996874988079071,0.9750000238418579,39,False,False,,0.057086700999661844,,,expected HNP vector failed embedding validation
8,0.15,40,1088,100,0.9906250238418579,0.949999988079071,38,False,False,,0.05697630099984963,,,expected HNP vector failed embedding validation
8,0.2,40,1088,100,0.9750000238418579,0.8500000238418579,34,False,False,,0.05665810099981172,,,expected HNP vector failed embedding validation
10,0.0,40,1088,100,0.9975000023841858,0.9750000238418579,39,True,False,,0.056623299999955634,,,expected HNP vector failed embedding validation
10,0.05,40,1088,100,0.9950000047683716,0.949999988079071,38,True,False,,0.056746900000234746,,,expected HNP vector failed embedding validation
10,0.1,40,1088,100,0.9975000023841858,0.9750000238418579,39,True,False,,0.05775320000020656,,,expected HNP vector failed embedding validation
10,0.15,40,1088,100,0.9950000047683716,0.949999988079071,38,True,False,,0.057358900000053836,,,expected HNP vector failed embedding validation
10,0.2,40,1088,100,0.9599999785423279,0.699999988079071,28,True,False,,0.0571591000002627,,,expected HNP vector failed embedding validation
12,0.0,40,1088,100,1.0,1.0,40,True,True,fpylll,0.056645099999968807,0.05804740099983974,,
12,0.05,40,1088,100,0.9958333373069763,0.949999988079071,38,True,False,,0.058383501000207616,,,expected HNP vector failed embedding validation
12,0.1,40,1088,100,0.9979166388511658,0.9750000238418579,39,True,False,,0.05662029999984952,,,expected HNP vector failed embedding validation
12,0.15,40,1088,100,0.9937499761581421,0.949999988079071,38,True,False,,0.0575552999998763,,,expected HNP vector failed embedding validation
12,0.2,40,1088,100,0.9833333492279053,0.8500000238418579,34,True,False,,0.05687940100006017,,,expected HNP vector failed embedding validation
14,0.0,40,1088,100,1.0,1.0,40,True,True,fpylll,0.05895560099997965,0.05714609999995446,,
14,0.05,40,1088,100,1.0,1.0,40,True,True,fpylll,0.05724370000007184,0.056870501000048534,,
14,0.1,40,1088,100,1.0,1.0,40,True,True,fpylll,0.05780289999984234,0.06304550000004383,,
14,0.15,40,1088,100,0.9928571581840515,0.925000011920929,37,True,False,,0.057636801000171545,,,expected HNP vector failed embedding validation
14,0.2,40,1088,100,0.9803571701049805,0.7749999761581421,31,True,False,,0.058361100000183797,,,expected HNP vector failed embedding validation
8,0.0,40,1089,100,1.0,1.0,40,False,False,fpylll,0.05573929999991378,0.056559699999979784,,
8,0.05,40,1089,100,0.9937499761581421,0.949999988079071,38,False,False,,0.05644280000024082,,,expected HNP vector failed embedding validation
8,0.1,40,1089,100,1.0,1.0,40,False,False,fpylll,0.05625739999959478,0.05576400000018111,,
8,0.15,40,1089,100,0.984375,0.875,35,False,False,,0.0572637999998733,,,expected HNP vector failed embedding validation
8,0.2,40,1089,100,0.956250011920929,0.675000011920929,27,False,False,,0.056431000999964454,,,expected HNP vector failed embedding validation
10,0.0,40,1089,100,1.0,1.0,40,True,True,fpylll,0.05650470000000496,0.05613709999988714,,
10,0.05,40,1089,100,1.0,1.0,40,True,True,fpylll,0.05662069999971209,0.05709930000011809,,
10,0.1,40,1089,100,0.987500011920929,0.875,35,True,False,,0.05693940000037401,,,expected HNP vector failed embedding validation
10,0.15,40,1089,100,0.9825000166893005,0.824999988079071,33,True,False,,0.056267099999786296,,,expected HNP vector failed embedding validation
10,0.2,40,1089,100,0.9424999952316284,0.550000011920929,22,True,False,,0.05644399999982852,,,expected HNP vector failed embedding validation
12,0.0,40,1089,100,1.0,1.0,40,True,True,fpylll,0.05700850099992749,0.056892900000093505,,
12,0.05,40,1089,100,1.0,1.0,40,True,True,fpylll,0.057515800000146555,0.057140800999604835,,
12,0.1,40,1089,100,0.9958333373069763,0.949999988079071,38,True,False,,0.05787310100004106,,,expected HNP vector failed embedding validation
12,0.15,40,1089,100,0.9770833253860474,0.75,30,True,False,,0.05740410099997462,,,expected HNP vector failed embedding validation
12,0.2,40,1089,100,0.9520833492279053,0.550000011920929,22,True,False,,0.057335199999670294,,,expected HNP vector failed embedding validation
14,0.0,40,1089,100,0.9946428537368774,0.925000011920929,37,True,False,,0.060689300000376534,,,expected HNP vector failed embedding validation
14,0.05,40,1089,100,0.9964285492897034,0.949999988079071,38,True,False,,0.058987999999772,,,expected HNP vector failed embedding validation
14,0.1,40,1089,100,0.9982143044471741,0.9750000238418579,39,True,False,,0.05939959999977873,,,expected HNP vector failed embedding validation
14,0.15,40,1089,100,0.9803571701049805,0.7250000238418579,29,True,False,,0.059102001000155724,,,expected HNP vector failed embedding validation
14,0.2,40,1089,100,0.9482142925262451,0.42500001192092896,17,True,False,,0.060188599999946746,,,expected HNP vector failed embedding validation
8,0.0,40,1090,100,0.9906250238418579,0.925000011920929,37,False,False,,0.0570809000000736,,,expected HNP vector failed embedding validation
8,0.05,40,1090,100,0.9906250238418579,0.925000011920929,37,False,False,,0.05698280100023112,,,expected HNP vector failed embedding validation
8,0.1,40,1090,100,0.996874988079071,0.9750000238418579,39,False,False,,0.057418699999743694,,,expected HNP vector failed embedding validation
8,0.15,40,1090,100,0.9906250238418579,0.925000011920929,37,False,False,,0.05731979999973191,,,expected HNP vector failed embedding validation
8,0.2,40,1090,100,0.9781249761581421,0.824999988079071,33,False,False,,0.05740860000014436,,,expected HNP vector failed embedding validation
10,0.0,40,1090,100,0.987500011920929,0.875,35,True,False,,0.056938499999887426,,,expected HNP vector failed embedding validation
10,0.05,40,1090,100,0.9975000023841858,0.9750000238418579,39,True,False,,0.057099099999959435,,,expected HNP vector failed embedding validation
10,0.1,40,1090,100,0.9975000023841858,0.9750000238418579,39,True,False,,0.05700590000014927,,,expected HNP vector failed embedding validation
10,0.15,40,1090,100,0.9925000071525574,0.925000011920929,37,True,False,,0.05791097900009845,,,expected HNP vector failed embedding validation
10,0.2,40,1090,100,0.9725000262260437,0.75,30,True,False,,0.05751647999977649,,,expected HNP vector failed embedding validation
12,0.0,40,1090,100,1.0,1.0,40,True,True,fpylll,0.0588525779999145,0.05783427899996241,,
12,0.05,40,1090,100,1.0,1.0,40,True,True,fpylll,0.058007079000162776,0.05776808000018718,,
12,0.1,40,1090,100,0.9958333373069763,0.949999988079071,38,True,False,,0.05879480000021431,,,expected HNP vector failed embedding validation
12,0.15,40,1090,100,0.9916666746139526,0.925000011920929,37,True,False,,0.05798910000021351,,,expected HNP vector failed embedding validation
12,0.2,40,1090,100,0.9666666388511658,0.699999988079071,28,True,False,,0.05808609999985492,,,expected HNP vector failed embedding validation
14,0.0,40,1090,100,0.9982143044471741,0.9750000238418579,39,True,False,,0.06020300000000134,,,expected HNP vector failed embedding validation
14,0.05,40,1090,100,0.9982143044471741,0.9750000238418579,39,True,False,,0.05964480000011463,,,expected HNP vector failed embedding validation
14,0.1,40,1090,100,0.9946428537368774,0.925000011920929,37,True,False,,0.06030997500010926,,,expected HNP vector failed embedding validation
14,0.15,40,1090,100,0.9946428537368774,0.925000011920929,37,True,False,,0.059721173999605526,,,expected HNP vector failed embedding validation
14,0.2,40,1090,100,0.9642857313156128,0.6499999761581421,26,True,False,,0.05971967400000722,,,expected HNP vector failed embedding validation
8,0.0,40,1091,100,1.0,1.0,40,False,False,fpylll,0.05663087600032668,0.05652747600015573,,
8,0.05,40,1091,100,1.0,1.0,40,False,False,fpylll,0.0563783760003389,0.05609327599995595,,
8,0.1,40,1091,100,0.9937499761581421,0.949999988079071,38,False,False,,0.057629976000043825,,,expected HNP vector failed embedding validation
8,0.15,40,1091,100,0.9937499761581421,0.949999988079071,38,False,False,,0.056170976999965205,,,expected HNP vector failed embedding validation
8,0.2,40,1091,100,0.971875011920929,0.824999988079071,33,False,False,,0.05685317600000417,,,expected HNP vector failed embedding validation
10,0.0,40,1091,100,1.0,1.0,40,True,True,fpylll,0.0565558759999476,0.056006975999935094,,
10,0.05,40,1091,100,0.9950000047683716,0.949999988079071,38,True,False,,0.05707959100027438,,,expected HNP vector failed embedding validation
10,0.1,40,1091,100,0.9925000071525574,0.925000011920929,37,True,False,,0.05637649199979933,,,expected HNP vector failed embedding validation
10,0.15,40,1091,100,0.9900000095367432,0.925000011920929,37,True,False,,0.0565666920001604,,,expected HNP vector failed embedding validation
10,0.2,40,1091,100,0.9775000214576721,0.824999988079071,33,True,False,,0.056908291000127065,,,expected HNP vector failed embedding validation
12,0.0,40,1091,100,1.0,1.0,40,True,True,fpylll,0.05640409199986607,0.05615379100026985,,
12,0.05,40,1091,100,1.0,1.0,40,True,True,fpylll,0.05644629099970189,0.05637189200024295,,
12,0.1,40,1091,100,0.9916666746139526,0.8999999761581421,36,True,False,,0.05759269200007111,,,expected HNP vector failed embedding validation
12,0.15,40,1091,100,0.9937499761581421,0.949999988079071,38,True,False,,0.05657939200000328,,,expected HNP vector failed embedding validation
12,0.2,40,1091,100,0.9750000238418579,0.75,30,True,False,,0.05657239099991784,,,expected HNP vector failed embedding validation
14,0.0,40,1091,100,1.0,1.0,40,True,True,fpylll,0.057457582999631995,0.05820408299996416,,
14,0.05,40,1091,100,1.0,1.0,40,True,True,fpylll,0.05755378399999245,0.05668548399989959,,
14,0.1,40,1091,100,1.0,1.0,40,True,True,fpylll,0.056684084000153234,0.0566910839997945,,
14,0.15,40,1091,100,0.9910714030265808,0.875,35,True,False,,0.057188683999811474,,,expected HNP vector failed embedding validation
14,0.2,40,1091,100,0.9696428775787354,0.699999988079071,28,True,False,,0.057589483999890945,,,expected HNP vector failed embedding validation
8,0.0,40,1092,100,0.996874988079071,0.9750000238418579,39,False,False,,0.05762078299994755,,,expected HNP vector failed embedding validation
8,0.05,40,1092,100,1.0,1.0,40,False,False,fpylll,0.05762598400042407,0.05739808399994217,,
8,0.1,40,1092,100,1.0,1.0,40,False,False,fpylll,0.05890868300002694,0.058543083000131446,,
8,0.15,40,1092,100,0.984375,0.875,35,False,False,,0.05795928299994557,,,expected HNP vector failed embedding validation
8,0.2,40,1092,100,0.9781249761581421,0.875,35,False,False,,0.05851798300000155,,,expected HNP vector failed embedding validation
10,0.0,40,1092,100,0.9775000214576721,0.800000011920929,32,True,False,,0.057421986000008474,,,expected HNP vector failed embedding validation
10,0.05,40,1092,100,0.9925000071525574,0.925000011920929,37,True,False,,0.05758118599987938,,,expected HNP vector failed embedding validation
10,0.1,40,1092,100,1.0,1.0,40,True,True,fpylll,0.05755298599979142,0.05686708599978374,,
10,0.15,40,1092,100,1.0,1.0,40,True,True,fpylll,0.0570031869997365,0.05688528700011375,,
10,0.2,40,1092,100,0.9750000238418579,0.824999988079071,33,True,False,,0.057316086999890103,,,expected HNP vector failed embedding validation
12,0.0,40,1092,100,0.9958333373069763,0.949999988079071,38,True,False,,0.057830785999613,,,expected HNP vector failed embedding validation
12,0.05,40,1092,100,0.987500011920929,0.8500000238418579,34,True,False,,0.055066086999886465,,,expected HNP vector failed embedding validation
12,0.1,40,1092,100,1.0,1.0,40,True,True,fpylll,0.0552055860002838,0.05495138699961899,,
12,0.15,40,1092,100,1.0,1.0,40,True,True,fpylll,0.055099487000006775,0.0547171870002785,,
12,0.2,40,1092,100,0.9854166507720947,0.875,35,True,False,,0.05526399299969853,,,expected HNP vector failed embedding validation
14,0.0,40,1092,100,0.9910714030265808,0.925000011920929,37,True,False,,0.058256492000055005,,,expected HNP vector failed embedding validation
14,0.05,40,1092,100,0.9928571581840515,0.8999999761581421,36,True,False,,0.0591283920002752,,,expected HNP vector failed embedding validation
14,0.1,40,1092,100,0.9964285492897034,0.949999988079071,38,True,False,,0.058487591999892174,,,expected HNP vector failed embedding validation
14,0.15,40,1092,100,1.0,1.0,40,True,True,fpylll,0.05911849199992503,0.05911989200012613,,
14,0.2,40,1092,100,0.9821428656578064,0.824999988079071,33,True,False,,0.058385892000387685,,,expected HNP vector failed embedding validation
8,0.0,40,1093,100,0.9937499761581421,0.949999988079071,38,False,False,,0.06069609099995432,,,expected HNP vector failed embedding validation
8,0.05,40,1093,100,1.0,1.0,40,False,False,fpylll,0.05604879200018331,0.05650419299990972,,
8,0.1,40,1093,100,0.996874988079071,0.9750000238418579,39,False,False,,0.056191397000020515,,,expected HNP vector failed embedding validation
8,0.15,40,1093,100,0.9906250238418579,0.925000011920929,37,False,False,,0.05596679700011009,,,expected HNP vector failed embedding validation
8,0.2,40,1093,100,0.949999988079071,0.699999988079071,28,False,False,,0.05602809700030775,,,expected HNP vector failed embedding validation
10,0.0,40,1093,100,0.9950000047683716,0.949999988079071,38,True,False,,0.05958179699973698,,,expected HNP vector failed embedding validation
10,0.05,40,1093,100,1.0,1.0,40,True,True,fpylll,0.06361179699979402,0.06022669699996186,,
10,0.1,40,1093,100,0.9975000023841858,0.9750000238418579,39,True,False,,0.05800239700010934,,,expected HNP vector failed embedding validation
10,0.15,40,1093,100,0.9900000095367432,0.8999999761581421,36,True,False,,0.05803209699979561,,,expected HNP vector failed embedding validation
10,0.2,40,1093,100,0.9574999809265137,0.699999988079071,28,True,False,,0.05820889699998588,,,expected HNP vector failed embedding validation
12,0.0,40,1093,100,0.9916666746139526,0.8999999761581421,36,True,False,,0.05847919699999693,,,expected HNP vector failed embedding validation
12,0.05,40,1093,100,0.987500011920929,0.8500000238418579,34,True,False,,0.059019263999744,,,expected HNP vector failed embedding validation
12,0.1,40,1093,100,0.9937499761581421,0.925000011920929,37,True,False,,0.0580484530000831,,,expected HNP vector failed embedding validation
12,0.15,40,1093,100,0.9895833134651184,0.875,35,True,False,,0.05807515300011801,,,expected HNP vector failed embedding validation
12,0.2,40,1093,100,0.9395833611488342,0.5,20,True,False,,0.05856649899988042,,,expected HNP vector failed embedding validation
14,0.0,40,1093,100,1.0,1.0,40,True,True,fpylll,0.05819329900032244,0.06004219899978125,,
14,0.05,40,1093,100,0.9910714030265808,0.875,35,True,False,,0.0587713990003067,,,expected HNP vector failed embedding validation
14,0.1,40,1093,100,0.9892857074737549,0.8500000238418579,34,True,False,,0.05874939900013487,,,expected HNP vector failed embedding validation
14,0.15,40,1093,100,0.9946428537368774,0.925000011920929,37,True,False,,0.05839519900018786,,,expected HNP vector failed embedding validation
14,0.2,40,1093,100,0.9321428537368774,0.4000000059604645,16,True,False,,0.059202398999786965,,,expected HNP vector failed embedding validation
8,0.0,40,1094,100,0.9937499761581421,0.949999988079071,38,False,False,,0.05699169099989376,,,expected HNP vector failed embedding validation
8,0.05,40,1094,100,1.0,1.0,40,False,False,fpylll,0.05755219100001341,0.0572080920001099,,
8,0.1,40,1094,100,1.0,1.0,40,False,False,fpylll,0.05744099200001074,0.05787189100010437,,
8,0.15,40,1094,100,0.9937499761581421,0.949999988079071,38,False,False,,0.05796749199998885,,,expected HNP vector failed embedding validation
8,0.2,40,1094,100,0.9781249761581421,0.875,35,False,False,,0.0574227920001249,,,expected HNP vector failed embedding validation
10,0.0,40,1094,100,1.0,1.0,40,True,True,fpylll,0.05783779199964556,0.057896791999610286,,
10,0.05,40,1094,100,1.0,1.0,40,True,True,fpylll,0.0579958909997913,0.05767929199964783,,
10,0.1,40,1094,100,1.0,1.0,40,True,True,fpylll,0.05792909199999485,0.05794049099995391,,
10,0.15,40,1094,100,0.9925000071525574,0.925000011920929,37,True,False,,0.05800619100000404,,,expected HNP vector failed embedding validation
10,0.2,40,1094,100,0.9775000214576721,0.8500000238418579,34,True,False,,0.058932490999723086,,,expected HNP vector failed embedding validation
12,0.0,40,1094,100,1.0,1.0,40,True,True,fpylll,0.05712689699976181,0.05654349699989325,,
12,0.05,40,1094,100,0.9979166388511658,0.9750000238418579,39,True,False,,0.05723799699990195,,,expected HNP vector failed embedding validation
12,0.1,40,1094,100,1.0,1.0,40,True,True,fpylll,0.05875759700029448,0.05747329700034243,,
12,0.15,40,1094,100,0.9854166507720947,0.875,35,True,False,,0.05793179600004805,,,expected HNP vector failed embedding validation
12,0.2,40,1094,100,0.9666666388511658,0.699999988079071,28,True,False,,0.05740699699981633,,,expected HNP vector failed embedding validation
14,0.0,40,1094,100,1.0,1.0,40,True,True,fpylll,0.05701589699992837,0.056920297000033315,,
14,0.05,40,1094,100,1.0,1.0,40,True,True,fpylll,0.057899096999790345,0.058030596999742556,,
14,0.1,40,1094,100,1.0,1.0,40,True,True,fpylll,0.05737899700034177,0.05713569699992149,,
14,0.15,40,1094,100,0.9928571581840515,0.925000011920929,37,True,False,,0.05907399699981397,,,expected HNP vector failed embedding validation
14,0.2,40,1094,100,0.9607142806053162,0.675000011920929,27,True,False,,0.05728280599987556,,,expected HNP vector failed embedding validation
8,0.0,40,1095,100,1.0,1.0,40,False,False,fpylll,0.059439105999899766,0.05653000499978589,,
8,0.05,40,1095,100,1.0,1.0,40,False,False,fpylll,0.05681780599979902,0.05680170599998746,,
8,0.1,40,1095,100,1.0,1.0,40,False,False,fpylll,0.05648470500000258,0.05588690500007942,,
8,0.15,40,1095,100,0.996874988079071,0.9750000238418579,39,False,False,,0.05815930600010688,,,expected HNP vector failed embedding validation
8,0.2,40,1095,100,0.9281250238418579,0.4749999940395355,19,False,False,,0.057450106000032974,,,expected HNP vector failed embedding validation
10,0.0,40,1095,100,0.9925000071525574,0.925000011920929,37,True,False,,0.05879050500016092,,,expected HNP vector failed embedding validation
10,0.05,40,1095,100,1.0,1.0,40,True,True,fpylll,0.05894790499996816,0.058529004999854806,,
10,0.1,40,1095,100,0.9975000023841858,0.9750000238418579,39,True,False,,0.05884660499987149,,,expected HNP vector failed embedding validation
10,0.15,40,1095,100,0.9850000143051147,0.8500000238418579,34,True,False,,0.058784204000403406,,,expected HNP vector failed embedding validation
10,0.2,40,1095,100,0.9574999809265137,0.625,25,True,False,,0.06052910499965947,,,expected HNP vector failed embedding validation
12,0.0,40,1095,100,0.9958333373069763,0.949999988079071,38,True,False,,0.05739990399979433,,,expected HNP vector failed embedding validation
12,0.05,40,1095,100,0.9979166388511658,0.9750000238418579,39,True,False,,0.05695950500012259,,,expected HNP vector failed embedding validation
12,0.1,40,1095,100,1.0,1.0,40,True,True,fpylll,0.057850003999647015,0.05854730400005792,,
12,0.15,40,1095,100,0.9854166507720947,0.824999988079071,33,True,False,,0.05699210399961885,,,expected HNP vector failed embedding validation
12,0.2,40,1095,100,0.9624999761581421,0.6000000238418579,24,True,False,,0.056902304999766784,,,expected HNP vector failed embedding validation
14,0.0,40,1095,100,0.9982143044471741,0.9750000238418579,39,True,False,,0.05715440399990257,,,expected HNP vector failed embedding validation
14,0.05,40,1095,100,0.9982143044471741,0.9750000238418579,39,True,False,,0.05687590400020781,,,expected HNP vector failed embedding validation
14,0.1,40,1095,100,1.0,1.0,40,True,True,fpylll,0.05650690399988889,0.056382804000350006,,
14,0.15,40,1095,100,0.9892857074737549,0.8500000238418579,34,True,False,,0.05755540500013012,,,expected HNP vector failed embedding validation
14,0.2,40,1095,100,0.9624999761581421,0.574999988079071,23,True,False,,0.05713040400041791,,,expected HNP vector failed embedding validation
8,0.0,40,1096,100,1.0,1.0,40,False,False,fpylll,0.05738270400024703,0.05653650399972321,,
8,0.05,40,1096,100,1.0,1.0,40,False,False,fpylll,0.056882204999965325,0.0562248040000668,,
8,0.1,40,1096,100,0.9937499761581421,0.949999988079071,38,False,False,,0.05765960400003678,,,expected HNP vector failed embedding validation
8,0.15,40,1096,100,0.9937499761581421,0.949999988079071,38,False,False,,0.05839880400026232,,,expected HNP vector failed embedding validation
8,0.2,40,1096,100,0.956250011920929,0.7250000238418579,29,False,False,,0.05635710400019889,,,expected HNP vector failed embedding validation
10,0.0,40,1096,100,1.0,1.0,40,True,True,fpylll,0.05539340399991488,0.055418407000161096,,
10,0.05,40,1096,100,1.0,1.0,40,True,True,fpylll,0.05613090699989698,0.055619007000132115,,
10,0.1,40,1096,100,1.0,1.0,40,True,True,fpylll,0.055895207000048686,0.05523550699990665,,
10,0.15,40,1096,100,0.9925000071525574,0.925000011920929,37,True,False,,0.056140306999623135,,,expected HNP vector failed embedding validation
10,0.2,40,1096,100,0.9624999761581421,0.699999988079071,28,True,False,,0.05612290699991718,,,expected HNP vector failed embedding validation
12,0.0,40,1096,100,0.9958333373069763,0.949999988079071,38,True,False,,0.056916207000085706,,,expected HNP vector failed embedding validation
12,0.05,40,1096,100,0.9895833134651184,0.875,35,True,False,,0.05714350700009163,,,expected HNP vector failed embedding validation
12,0.1,40,1096,100,1.0,1.0,40,True,True,fpylll,0.05747450699982437,0.056554507999862835,,
12,0.15,40,1096,100,0.9937499761581421,0.925000011920929,37,True,False,,0.05717650699989463,,,expected HNP vector failed embedding validation
12,0.2,40,1096,100,0.9729166626930237,0.75,30,True,False,,0.05711510699984501,,,expected HNP vector failed embedding validation
14,0.0,40,1096,100,1.0,1.0,40,True,True,fpylll,0.05754799800024557,0.057242198000039934,,
14,0.05,40,1096,100,1.0,1.0,40,True,True,fpylll,0.05753439799991611,0.05738479699994059,,
14,0.1,40,1096,100,1.0,1.0,40,True,True,fpylll,0.05726799800004301,0.05647889800002304,,
14,0.15,40,1096,100,0.9928571581840515,0.8999999761581421,36,True,False,,0.057134098000005906,,,expected HNP vector failed embedding validation
14,0.2,40,1096,100,0.9714285731315613,0.699999988079071,28,True,False,,0.05721439799981454,,,expected HNP vector failed embedding validation
8,0.0,40,1097,100,1.0,1.0,40,False,False,fpylll,0.0571061980003833,0.05655059699984122,,
8,0.05,40,1097,100,0.996874988079071,0.9750000238418579,39,False,False,,0.057160497999575455,,,expected HNP vector failed embedding validation
8,0.1,40,1097,100,1.0,1.0,40,False,False,fpylll,0.05716849700002058,0.05684249799969621,,
8,0.15,40,1097,100,0.9937499761581421,0.949999988079071,38,False,False,,0.05693829799974992,,,expected HNP vector failed embedding validation
8,0.2,40,1097,100,0.971875011920929,0.800000011920929,32,False,False,,0.057832897000025696,,,expected HNP vector failed embedding validation
10,0.0,40,1097,100,0.9975000023841858,0.9750000238418579,39,True,False,,0.05660739900031331,,,expected HNP vector failed embedding validation
10,0.05,40,1097,100,0.9975000023841858,0.9750000238418579,39,True,False,,0.05693250000012995,,,expected HNP vector failed embedding validation
10,0.1,40,1097,100,0.9975000023841858,0.9750000238418579,39,True,False,,0.05666160000009768,,,expected HNP vector failed embedding validation
10,0.15,40,1097,100,0.9900000095367432,0.8999999761581421,36,True,False,,0.056529800000134856,,,expected HNP vector failed embedding validation
10,0.2,40,1097,100,0.9750000238418579,0.7749999761581421,31,True,False,,0.05742079999981797,,,expected HNP vector failed embedding validation
12,0.0,40,1097,100,0.9958333373069763,0.9750000238418579,39,True,False,,0.05771490000006452,,,expected HNP vector failed embedding validation
12,0.05,40,1097,100,0.9958333373069763,0.949999988079071,38,True,False,,0.05734579999989364,,,expected HNP vector failed embedding validation
12,0.1,40,1097,100,0.9958333373069763,0.949999988079071,38,True,False,,0.057681700000102865,,,expected HNP vector failed embedding validation
12,0.15,40,1097,100,0.9937499761581421,0.925000011920929,37,True,False,,0.05803829999968002,,,expected HNP vector failed embedding validation
12,0.2,40,1097,100,0.9750000238418579,0.7250000238418579,29,True,False,,0.05752049300008366,,,expected HNP vector failed embedding validation
14,0.0,40,1097,100,1.0,1.0,40,True,True,fpylll,0.05650149299981422,0.05625409300000683,,
14,0.05,40,1097,100,0.9982143044471741,0.9750000238418579,39,True,False,,0.056709992999913084,,,expected HNP vector failed embedding validation
14,0.1,40,1097,100,0.9910714030265808,0.875,35,True,False,,0.0580622930001482,,,expected HNP vector failed embedding validation
14,0.15,40,1097,100,0.9946428537368774,0.925000011920929,37,True,False,,0.05651449300012246,,,expected HNP vector failed embedding validation
14,0.2,40,1097,100,0.9750000238418579,0.699999988079071,28,True,False,,0.05657389299994975,,,expected HNP vector failed embedding validation
8,0.0,40,1098,100,1.0,1.0,40,False,False,fpylll,0.0565022929999941,0.05681859300011638,,
8,0.05,40,1098,100,1.0,1.0,40,False,False,fpylll,0.05653629300013563,0.05618489300013607,,
8,0.1,40,1098,100,0.9937499761581421,0.949999988079071,38,False,False,,0.057120893000046635,,,expected HNP vector failed embedding validation
8,0.15,40,1098,100,0.984375,0.875,35,False,False,,0.05688940099980755,,,expected HNP vector failed embedding validation
8,0.2,40,1098,100,0.981249988079071,0.8500000238418579,34,False,False,,0.05648100099961084,,,expected HNP vector failed embedding validation
10,0.0,40,1098,100,0.9900000095367432,0.8999999761581421,36,True,False,,0.05732930000021952,,,expected HNP vector failed embedding validation
10,0.05,40,1098,100,1.0,1.0,40,True,True,fpylll,0.05736609999985376,0.056908400999873265,,
10,0.1,40,1098,100,1.0,1.0,40,True,True,fpylll,0.058350901000267186,0.056947999999920285,,
10,0.15,40,1098,100,0.9925000071525574,0.925000011920929,37,True,False,,0.05725940000002083,,,expected HNP vector failed embedding validation
10,0.2,40,1098,100,0.9775000214576721,0.800000011920929,32,True,False,,0.056806999999935215,,,expected HNP vector failed embedding validation
12,0.0,40,1098,100,1.0,1.0,40,True,True,fpylll,0.054620001000330376,0.05442339999990509,,
12,0.05,40,1098,100,1.0,1.0,40,True,True,fpylll,0.056161900000006426,0.05496790100005455,,
12,0.1,40,1098,100,1.0,1.0,40,True,True,fpylll,0.054874401000233775,0.05478890099993805,,
12,0.15,40,1098,100,0.9958333373069763,0.949999988079071,38,True,False,,0.05550840199975937,,,expected HNP vector failed embedding validation
12,0.2,40,1098,100,0.9791666865348816,0.7749999761581421,31,True,False,,0.057451200999821594,,,expected HNP vector failed embedding validation
14,0.0,40,1098,100,1.0,1.0,40,True,True,fpylll,0.0597507009997571,0.05905570100003388,,
14,0.05,40,1098,100,0.9982143044471741,0.9750000238418579,39,True,False,,0.05924890100004632,,,expected HNP vector failed embedding validation
14,0.1,40,1098,100,1.0,1.0,40,True,True,fpylll,0.05989320199978465,0.05889060100025745,,
14,0.15,40,1098,100,0.9946428537368774,0.925000011920929,37,True,False,,0.0589979010001116,,,expected HNP vector failed embedding validation
14,0.2,40,1098,100,0.9732142686843872,0.7250000238418579,29,True,False,,0.05913760099974752,,,expected HNP vector failed embedding validation
8,0.0,40,1099,100,1.0,1.0,40,False,False,fpylll,0.05775870199977362,0.05757760100004816,,
8,0.05,40,1099,100,1.0,1.0,40,False,False,fpylll,0.059090501999889966,0.05784340099990004,,
8,0.1,40,1099,100,0.9937499761581421,0.949999988079071,38,False,False,,0.05809370199995101,,,expected HNP vector failed embedding validation
8,0.15,40,1099,100,1.0,1.0,40,False,False,fpylll,0.058239801000127045,0.05776770200009196,,
8,0.2,40,1099,100,0.96875,0.824999988079071,33,False,False,,0.058238402000370115,,,expected HNP vector failed embedding validation
10,0.0,40,1099,100,1.0,1.0,40,True,True,fpylll,0.05764010100028827,0.05771850099972653,,
10,0.05,40,1099,100,1.0,1.0,40,True,True,fpylll,0.057870202000231075,0.0577688019998277,,
10,0.1,40,1099,100,0.9900000095367432,0.8999999761581421,36,True,False,,0.058615601999918,,,expected HNP vector failed embedding validation
10,0.15,40,1099,100,0.987500011920929,0.875,35,True,False,,0.05814710200002082,,,expected HNP vector failed embedding validation
10,0.2,40,1099,100,0.9700000286102295,0.75,30,True,False,,0.058301500999732525,,,expected HNP vector failed embedding validation
12,0.0,40,1099,100,1.0,1.0,40,True,True,fpylll,0.05846700200027044,0.05740270100022826,,
12,0.05,40,1099,100,1.0,1.0,40,True,True,fpylll,0.057044300999677944,0.056756401999791706,,
12,0.1,40,1099,100,1.0,1.0,40,True,True,fpylll,0.05800500099985584,0.05654130199991414,,
12,0.15,40,1099,100,0.9979166388511658,0.9750000238418579,39,True,False,,0.05694990099982533,,,expected HNP vector failed embedding validation
12,0.2,40,1099,100,0.9708333611488342,0.675000011920929,27,True,False,,0.05869320100009645,,,expected HNP vector failed embedding validation
14,0.0,40,1099,100,1.0,1.0,40,True,True,fpylll,0.056601500999931886,0.05628460099978838,,
14,0.05,40,1099,100,0.9946428537368774,0.925000011920929,37,True,False,,0.05633070100020632,,,expected HNP vector failed embedding validation
14,0.1,40,1099,100,1.0,1.0,40,True,True,fpylll,0.05676360100005695,0.056023201999778394,,
14,0.15,40,1099,100,0.9982143044471741,0.9750000238418579,39,True,False,,0.058685600999979215,,,expected HNP vector failed embedding validation
14,0.2,40,1099,100,0.9660714268684387,0.6000000238418579,24,True,False,,0.056440205000399146,,,expected HNP vector failed embedding validation
